"../../../Engine/Plugins/2D/Paper2D/Content/PlaceholderTextures/DummySpriteTexture.ubulk" 0
"../../../Engine/Plugins/2D/Paper2D/Content/PlaceholderTextures/DummySpriteTexture.uasset" 1
"../../../Engine/Plugins/2D/Paper2D/Content/PlaceholderTextures/DummySpriteTexture.uexp" 2
"../../../Engine/Plugins/2D/Paper2D/Content/DummySprite.uasset" 3
"../../../Engine/Plugins/2D/Paper2D/Content/DummySprite.uexp" 4
"../../../Engine/Plugins/2D/Paper2D/Content/DefaultPaperTerrainMaterial.uasset" 5
"../../../Engine/Plugins/2D/Paper2D/Content/DefaultPaperTerrainMaterial.uexp" 6
"../../../Engine/Content/EngineSounds/Master.uasset" 7
"../../../Engine/Content/EngineSounds/Master.uexp" 8
"../../../Engine/Content/EngineMaterials/DefaultPhysicalMaterial.uasset" 9
"../../../Engine/Content/EngineMaterials/DefaultPhysicalMaterial.uexp" 10
"../../../Engine/Content/EngineMaterials/DefaultDestructiblePhysicalMaterial.uasset" 11
"../../../Engine/Content/EngineMaterials/DefaultDestructiblePhysicalMaterial.uexp" 12
"../../../Engine/Content/EngineFonts/Faces/DroidSansFallback.uexp" 13
"../../../Engine/Content/EngineFonts/Faces/DroidSansFallback.uasset" 14
"../../../Engine/Content/EngineFonts/Faces/DroidSansFallback.ufont" 15
"../../../Engine/Content/EngineFonts/Faces/RobotoBold.uexp" 16
"../../../Engine/Content/EngineFonts/Faces/RobotoBold.uasset" 17
"../../../Engine/Content/EngineFonts/Faces/RobotoBold.ufont" 18
"../../../Engine/Content/EngineFonts/Faces/RobotoBoldItalic.uexp" 19
"../../../Engine/Content/EngineFonts/Faces/RobotoBoldItalic.uasset" 20
"../../../Engine/Content/EngineFonts/Faces/RobotoBoldItalic.ufont" 21
"../../../Engine/Content/EngineFonts/Faces/RobotoItalic.uexp" 22
"../../../Engine/Content/EngineFonts/Faces/RobotoItalic.uasset" 23
"../../../Engine/Content/EngineFonts/Faces/RobotoItalic.ufont" 24
"../../../Engine/Content/EngineFonts/Faces/RobotoLight.uexp" 25
"../../../Engine/Content/EngineFonts/Faces/RobotoLight.uasset" 26
"../../../Engine/Content/EngineFonts/Faces/RobotoLight.ufont" 27
"../../../Engine/Content/EngineFonts/Faces/RobotoRegular.uexp" 28
"../../../Engine/Content/EngineFonts/Faces/RobotoRegular.uasset" 29
"../../../Engine/Content/EngineFonts/Faces/RobotoRegular.ufont" 30
"../../../Engine/Content/EngineFonts/Roboto.uasset" 31
"../../../Engine/Content/EngineFonts/Roboto.uexp" 32
"../../../Engine/Content/EngineFonts/Faces/DroidSansMono.uexp" 33
"../../../Engine/Content/EngineFonts/Faces/DroidSansMono.uasset" 34
"../../../Engine/Content/EngineFonts/Faces/DroidSansMono.ufont" 35
"../../../Engine/Content/EngineFonts/DroidSansMono.uasset" 36
"../../../Engine/Content/EngineFonts/DroidSansMono.uexp" 37
"../../../Engine/Plugins/Interchange/Runtime/Content/Pipelines/DefaultTexturePipeline.uasset" 38
"../../../Engine/Plugins/Interchange/Runtime/Content/Pipelines/DefaultTexturePipeline.uexp" 39
"../../../Engine/Plugins/Interchange/Runtime/Content/Pipelines/DefaultSceneLevelPipeline.uasset" 40
"../../../Engine/Plugins/Interchange/Runtime/Content/Pipelines/DefaultSceneLevelPipeline.uexp" 41
"../../../Engine/Plugins/Interchange/Runtime/Content/Pipelines/DefaultSceneAssetsPipeline.uasset" 42
"../../../Engine/Plugins/Interchange/Runtime/Content/Pipelines/DefaultSceneAssetsPipeline.uexp" 43
"../../../Engine/Plugins/Interchange/Runtime/Content/Pipelines/DefaultMaterialXPipeline.uasset" 44
"../../../Engine/Plugins/Interchange/Runtime/Content/Pipelines/DefaultMaterialXPipeline.uexp" 45
"../../../Engine/Plugins/Interchange/Runtime/Content/Pipelines/DefaultMaterialPipeline.uasset" 46
"../../../Engine/Plugins/Interchange/Runtime/Content/Pipelines/DefaultMaterialPipeline.uexp" 47
"../../../Engine/Plugins/Interchange/Runtime/Content/Pipelines/DefaultGLTFSceneAssetsPipeline.uasset" 48
"../../../Engine/Plugins/Interchange/Runtime/Content/Pipelines/DefaultGLTFSceneAssetsPipeline.uexp" 49
"../../../Engine/Plugins/Interchange/Runtime/Content/Pipelines/DefaultGLTFPipeline.uasset" 50
"../../../Engine/Plugins/Interchange/Runtime/Content/Pipelines/DefaultGLTFPipeline.uexp" 51
"../../../Engine/Plugins/Interchange/Runtime/Content/Pipelines/DefaultGLTFAssetsPipeline.uasset" 52
"../../../Engine/Plugins/Interchange/Runtime/Content/Pipelines/DefaultGLTFAssetsPipeline.uexp" 53
"../../../Engine/Plugins/Interchange/Runtime/Content/Pipelines/DefaultAssetsPipeline.uasset" 54
"../../../Engine/Plugins/Interchange/Runtime/Content/Pipelines/DefaultAssetsPipeline.uexp" 55
"../../../Engine/Content/EngineResources/GradientTexture0.uasset" 56
"../../../Engine/Content/EngineResources/GradientTexture0.uexp" 57
"../../../Engine/Content/EngineResources/Black.uasset" 58
"../../../Engine/Content/EngineResources/Black.uexp" 59
"../../../Engine/Content/EditorResources/S_Actor.ubulk" 60
"../../../Engine/Content/EditorResources/S_Actor.uasset" 61
"../../../Engine/Content/EditorResources/S_Actor.uexp" 62
"../../../Engine/Content/EditorResources/S_Trigger.ubulk" 63
"../../../Engine/Content/EditorResources/S_Trigger.uasset" 64
"../../../Engine/Content/EditorResources/S_Trigger.uexp" 65
"../../../Engine/Content/EditorResources/S_BoxReflectionCapture.uasset" 66
"../../../Engine/Content/EditorResources/S_BoxReflectionCapture.uexp" 67
"../../../Engine/Content/EngineResources/DefaultTexture.ubulk" 68
"../../../Engine/Content/EngineResources/DefaultTexture.uasset" 69
"../../../Engine/Content/EngineResources/DefaultTexture.uexp" 70
"../../../Engine/Content/EditorResources/S_TriggerBox.uasset" 71
"../../../Engine/Content/EditorResources/S_TriggerBox.uexp" 72
"../../../Engine/Content/EditorResources/S_TriggerCapsule.uasset" 73
"../../../Engine/Content/EditorResources/S_TriggerCapsule.uexp" 74
"../../../Engine/Content/EditorResources/S_TriggerSphere.uasset" 75
"../../../Engine/Content/EditorResources/S_TriggerSphere.uexp" 76
"../../../Engine/Content/EngineMeshes/Sphere.ubulk" 77
"../../../Engine/Content/EngineMeshes/Sphere.uasset" 78
"../../../Engine/Content/EngineMeshes/Sphere.uexp" 79
"C:/Users/rgowell/Documents/Unreal Projects/FelineFour/CatNap/Content/M_Yellow.uasset" 80
"C:/Users/rgowell/Documents/Unreal Projects/FelineFour/CatNap/Content/M_Yellow.uexp" 81
"C:/Users/rgowell/Documents/Unreal Projects/FelineFour/CatNap/Content/M_Purple.uasset" 82
"C:/Users/rgowell/Documents/Unreal Projects/FelineFour/CatNap/Content/M_Purple.uexp" 83
"C:/Users/rgowell/Documents/Unreal Projects/FelineFour/CatNap/Content/M_Green.uasset" 84
"C:/Users/rgowell/Documents/Unreal Projects/FelineFour/CatNap/Content/M_Green.uexp" 85
"C:/Users/rgowell/Documents/Unreal Projects/FelineFour/CatNap/Content/M_Brown.uasset" 86
"C:/Users/rgowell/Documents/Unreal Projects/FelineFour/CatNap/Content/M_Brown.uexp" 87
"C:/Users/rgowell/Documents/Unreal Projects/FelineFour/CatNap/Content/M-Stone.uasset" 88
"C:/Users/rgowell/Documents/Unreal Projects/FelineFour/CatNap/Content/M-Stone.uexp" 89
"C:/Users/rgowell/Documents/Unreal Projects/FelineFour/CatNap/Content/3rd_brain_cell_-_Forest_Walk_-_lush.ubulk" 90
"C:/Users/rgowell/Documents/Unreal Projects/FelineFour/CatNap/Content/3rd_brain_cell_-_Forest_Walk_-_lush.uasset" 91
"C:/Users/rgowell/Documents/Unreal Projects/FelineFour/CatNap/Content/3rd_brain_cell_-_Forest_Walk_-_lush.uexp" 92
"../../../Engine/Plugins/NNE/NNEDenoiser/Content/NNEDTOM_Output_Default.uasset" 93
"../../../Engine/Plugins/NNE/NNEDenoiser/Content/NNEDTOM_Output_Default.uexp" 94
"../../../Engine/Plugins/NNE/NNEDenoiser/Content/NNEDTOM_Output_Alpha.uasset" 95
"../../../Engine/Plugins/NNE/NNEDenoiser/Content/NNEDTOM_Output_Alpha.uexp" 96
"../../../Engine/Plugins/NNE/NNEDenoiser/Content/NNEDTIM_ColorAlbedoNormal_Default.uasset" 97
"../../../Engine/Plugins/NNE/NNEDenoiser/Content/NNEDTIM_ColorAlbedoNormal_Default.uexp" 98
"../../../Engine/Plugins/NNE/NNEDenoiser/Content/NNEDTIM_ColorAlbedoNormal_Alpha.uasset" 99
"../../../Engine/Plugins/NNE/NNEDenoiser/Content/NNEDTIM_ColorAlbedoNormal_Alpha.uexp" 100
"../../../Engine/Plugins/NNE/NNEDenoiser/Content/NNEDOM_Output_Default.uasset" 101
"../../../Engine/Plugins/NNE/NNEDenoiser/Content/NNEDOM_Output_Default.uexp" 102
"../../../Engine/Plugins/NNE/NNEDenoiser/Content/NNEDOM_Output_Alpha.uasset" 103
"../../../Engine/Plugins/NNE/NNEDenoiser/Content/NNEDOM_Output_Alpha.uexp" 104
"../../../Engine/Plugins/NNE/NNEDenoiser/Content/NNEDIM_HighQuality_Default.uasset" 105
"../../../Engine/Plugins/NNE/NNEDenoiser/Content/NNEDIM_HighQuality_Default.uexp" 106
"../../../Engine/Plugins/NNE/NNEDenoiser/Content/NNEDIM_HighQuality_Alpha.uasset" 107
"../../../Engine/Plugins/NNE/NNEDenoiser/Content/NNEDIM_HighQuality_Alpha.uexp" 108
"../../../Engine/Plugins/NNE/NNEDenoiser/Content/NNEDIM_ColorAlbedoNormal_Default.uasset" 109
"../../../Engine/Plugins/NNE/NNEDenoiser/Content/NNEDIM_ColorAlbedoNormal_Default.uexp" 110
"../../../Engine/Plugins/NNE/NNEDenoiser/Content/NNEDIM_ColorAlbedoNormal_Alpha.uasset" 111
"../../../Engine/Plugins/NNE/NNEDenoiser/Content/NNEDIM_ColorAlbedoNormal_Alpha.uexp" 112
"../../../Engine/Content/EngineMaterials/T_Default_Material_Grid_M.ubulk" 113
"../../../Engine/Content/EngineMaterials/T_Default_Material_Grid_M.uasset" 114
"../../../Engine/Content/EngineMaterials/T_Default_Material_Grid_M.uexp" 115
"../../../Engine/Content/Functions/Engine_MaterialFunctions01/Opacity/CameraDepthFade.uasset" 116
"../../../Engine/Content/Functions/Engine_MaterialFunctions01/Opacity/CameraDepthFade.uexp" 117
"../../../Engine/Content/EngineMaterials/T_Default_Material_Grid_N.ubulk" 118
"../../../Engine/Content/EngineMaterials/T_Default_Material_Grid_N.uasset" 119
"../../../Engine/Content/EngineMaterials/T_Default_Material_Grid_N.uexp" 120
"../../../Engine/Content/EngineMaterials/WorldGridMaterial.uasset" 121
"../../../Engine/Content/EngineMaterials/WorldGridMaterial.uexp" 122
"../../../Engine/Plugins/Media/MediaPlate/Content/SM_MediaPlateScreen.ubulk" 123
"../../../Engine/Plugins/Media/MediaPlate/Content/SM_MediaPlateScreen.uasset" 124
"../../../Engine/Plugins/Media/MediaPlate/Content/SM_MediaPlateScreen.uexp" 125
"../../../Engine/Content/Functions/Engine_MaterialFunctions02/WorldPositionOffset/CameraOffset.uasset" 126
"../../../Engine/Content/Functions/Engine_MaterialFunctions02/WorldPositionOffset/CameraOffset.uexp" 127
"../../../Engine/Plugins/Animation/ControlRig/Content/M_Manip.uasset" 128
"../../../Engine/Plugins/Animation/ControlRig/Content/M_Manip.uexp" 129
"../../../Engine/Content/EditorLandscapeResources/SplineEditorMeshMat.uasset" 130
"../../../Engine/Content/EditorLandscapeResources/SplineEditorMeshMat.uexp" 131
"../../../Engine/Content/EditorLandscapeResources/SplineEditorMesh.ubulk" 132
"../../../Engine/Content/EditorLandscapeResources/SplineEditorMesh.uasset" 133
"../../../Engine/Content/EditorLandscapeResources/SplineEditorMesh.uexp" 134
"../../../Engine/Content/EditorLandscapeResources/WhiteSquareTexture.uasset" 135
"../../../Engine/Content/EditorLandscapeResources/WhiteSquareTexture.uexp" 136
"../../../Engine/Content/EditorLandscapeResources/LayerVisMaterial.uasset" 137
"../../../Engine/Content/EditorLandscapeResources/LayerVisMaterial.uexp" 138
"../../../Engine/Content/Functions/Engine_MaterialFunctions02/Utility/BreakOutFloat2Components.uasset" 139
"../../../Engine/Content/Functions/Engine_MaterialFunctions02/Utility/BreakOutFloat2Components.uexp" 140
"../../../Engine/Content/Functions/Engine_MaterialFunctions01/Texturing/ScaleUVsByCenter.uasset" 141
"../../../Engine/Content/Functions/Engine_MaterialFunctions01/Texturing/ScaleUVsByCenter.uexp" 142
"../../../Engine/Content/Functions/Engine_MaterialFunctions02/WorldPositionOffset/LocalPosition.uasset" 143
"../../../Engine/Content/Functions/Engine_MaterialFunctions02/WorldPositionOffset/LocalPosition.uexp" 144
"../../../Engine/Content/EngineMaterials/DefaultDiffuse.ubulk" 145
"../../../Engine/Content/EngineMaterials/DefaultDiffuse.uasset" 146
"../../../Engine/Content/EngineMaterials/DefaultDiffuse.uexp" 147
"../../../Engine/Content/Functions/Engine_MaterialFunctions01/Texturing/TextureCropping.uasset" 148
"../../../Engine/Content/Functions/Engine_MaterialFunctions01/Texturing/TextureCropping.uexp" 149
"../../../Engine/Content/Functions/Engine_MaterialFunctions02/ExampleContent/DebugNumberStrip.uasset" 150
"../../../Engine/Content/Functions/Engine_MaterialFunctions02/ExampleContent/DebugNumberStrip.uexp" 151
"../../../Engine/Content/Functions/Engine_MaterialFunctions01/Debug/DebugIntValues.uasset" 152
"../../../Engine/Content/Functions/Engine_MaterialFunctions01/Debug/DebugIntValues.uexp" 153
"../../../Engine/Content/EditorLandscapeResources/LandscapeLayerUsageMaterial.uasset" 154
"../../../Engine/Content/EditorLandscapeResources/LandscapeLayerUsageMaterial.uexp" 155
"../../../Engine/Content/EditorLandscapeResources/DefaultAlphaTexture.uasset" 156
"../../../Engine/Content/EditorLandscapeResources/DefaultAlphaTexture.uexp" 157
"../../../Engine/Content/EditorLandscapeResources/LandscapeDirtyMaterial.uasset" 158
"../../../Engine/Content/EditorLandscapeResources/LandscapeDirtyMaterial.uexp" 159
"../../../Engine/Content/EngineMaterials/DefaultMaterial.uasset" 160
"../../../Engine/Content/EngineMaterials/DefaultMaterial.uexp" 161
"../../../Engine/Content/BasicShapes/Cylinder.ubulk" 162
"../../../Engine/Content/BasicShapes/Cylinder.uasset" 163
"../../../Engine/Content/BasicShapes/Cylinder.uexp" 164
"../../../Engine/Content/BasicShapes/Cube.ubulk" 165
"../../../Engine/Content/BasicShapes/Cube.uasset" 166
"../../../Engine/Content/BasicShapes/Cube.uexp" 167
"../../../Engine/Content/BasicShapes/Cone.ubulk" 168
"../../../Engine/Content/BasicShapes/Cone.uasset" 169
"../../../Engine/Content/BasicShapes/Cone.uexp" 170
"../../../Engine/Plugins/Animation/ControlRig/Content/Controls/ControlRig_Wedge_solid.ubulk" 171
"../../../Engine/Plugins/Animation/ControlRig/Content/Controls/ControlRig_Wedge_solid.uasset" 172
"../../../Engine/Plugins/Animation/ControlRig/Content/Controls/ControlRig_Wedge_solid.uexp" 173
"../../../Engine/Plugins/Animation/ControlRig/Content/Controls/ControlRig_Wedge_3mm.ubulk" 174
"../../../Engine/Plugins/Animation/ControlRig/Content/Controls/ControlRig_Wedge_3mm.uasset" 175
"../../../Engine/Plugins/Animation/ControlRig/Content/Controls/ControlRig_Wedge_3mm.uexp" 176
"../../../Engine/Plugins/Animation/ControlRig/Content/Controls/ControlRig_Wedge_1mm.ubulk" 177
"../../../Engine/Plugins/Animation/ControlRig/Content/Controls/ControlRig_Wedge_1mm.uasset" 178
"../../../Engine/Plugins/Animation/ControlRig/Content/Controls/ControlRig_Wedge_1mm.uexp" 179
"../../../Engine/Plugins/Animation/ControlRig/Content/Controls/ControlRig_Triangle_solid.ubulk" 180
"../../../Engine/Plugins/Animation/ControlRig/Content/Controls/ControlRig_Triangle_solid.uasset" 181
"../../../Engine/Plugins/Animation/ControlRig/Content/Controls/ControlRig_Triangle_solid.uexp" 182
"../../../Engine/Plugins/Animation/ControlRig/Content/Controls/ControlRig_Triangle_3mm.ubulk" 183
"../../../Engine/Plugins/Animation/ControlRig/Content/Controls/ControlRig_Triangle_3mm.uasset" 184
"../../../Engine/Plugins/Animation/ControlRig/Content/Controls/ControlRig_Triangle_3mm.uexp" 185
"../../../Engine/Plugins/Animation/ControlRig/Content/Controls/ControlRig_Triangle_1mm.ubulk" 186
"../../../Engine/Plugins/Animation/ControlRig/Content/Controls/ControlRig_Triangle_1mm.uasset" 187
"../../../Engine/Plugins/Animation/ControlRig/Content/Controls/ControlRig_Triangle_1mm.uexp" 188
"../../../Engine/Plugins/Animation/ControlRig/Content/Controls/ControlRig_Star4_solid.ubulk" 189
"../../../Engine/Plugins/Animation/ControlRig/Content/Controls/ControlRig_Star4_solid.uasset" 190
"../../../Engine/Plugins/Animation/ControlRig/Content/Controls/ControlRig_Star4_solid.uexp" 191
"../../../Engine/Plugins/Animation/ControlRig/Content/Controls/ControlRig_Star4_3mm.ubulk" 192
"../../../Engine/Plugins/Animation/ControlRig/Content/Controls/ControlRig_Star4_3mm.uasset" 193
"../../../Engine/Plugins/Animation/ControlRig/Content/Controls/ControlRig_Star4_3mm.uexp" 194
"../../../Engine/Plugins/Animation/ControlRig/Content/Controls/ControlRig_Star4_1mm.ubulk" 195
"../../../Engine/Plugins/Animation/ControlRig/Content/Controls/ControlRig_Star4_1mm.uasset" 196
"../../../Engine/Plugins/Animation/ControlRig/Content/Controls/ControlRig_Star4_1mm.uexp" 197
"../../../Engine/Plugins/Animation/ControlRig/Content/Controls/ControlRig_Square_solid.ubulk" 198
"../../../Engine/Plugins/Animation/ControlRig/Content/Controls/ControlRig_Square_solid.uasset" 199
"../../../Engine/Plugins/Animation/ControlRig/Content/Controls/ControlRig_Square_solid.uexp" 200
"../../../Engine/Plugins/Animation/ControlRig/Content/Controls/ControlRig_Square_3mm.ubulk" 201
"../../../Engine/Plugins/Animation/ControlRig/Content/Controls/ControlRig_Square_3mm.uasset" 202
"../../../Engine/Plugins/Animation/ControlRig/Content/Controls/ControlRig_Square_3mm.uexp" 203
"../../../Engine/Plugins/Animation/ControlRig/Content/Controls/ControlRig_Square_1mm.ubulk" 204
"../../../Engine/Plugins/Animation/ControlRig/Content/Controls/ControlRig_Square_1mm.uasset" 205
"../../../Engine/Plugins/Animation/ControlRig/Content/Controls/ControlRig_Square_1mm.uexp" 206
"../../../Engine/Plugins/Animation/ControlRig/Content/Controls/ControlRig_Sphere_solid.ubulk" 207
"../../../Engine/Plugins/Animation/ControlRig/Content/Controls/ControlRig_Sphere_solid.uasset" 208
"../../../Engine/Plugins/Animation/ControlRig/Content/Controls/ControlRig_Sphere_solid.uexp" 209
"../../../Engine/Plugins/Animation/ControlRig/Content/Controls/ControlRig_Sphere_3mm.ubulk" 210
"../../../Engine/Plugins/Animation/ControlRig/Content/Controls/ControlRig_Sphere_3mm.uasset" 211
"../../../Engine/Plugins/Animation/ControlRig/Content/Controls/ControlRig_Sphere_3mm.uexp" 212
"../../../Engine/Plugins/Animation/ControlRig/Content/Controls/ControlRig_Sphere_1mm.ubulk" 213
"../../../Engine/Plugins/Animation/ControlRig/Content/Controls/ControlRig_Sphere_1mm.uasset" 214
"../../../Engine/Plugins/Animation/ControlRig/Content/Controls/ControlRig_Sphere_1mm.uexp" 215
"../../../Engine/Plugins/Animation/ControlRig/Content/Controls/ControlRig_RoundedTriangle_solid.ubulk" 216
"../../../Engine/Plugins/Animation/ControlRig/Content/Controls/ControlRig_RoundedTriangle_solid.uasset" 217
"../../../Engine/Plugins/Animation/ControlRig/Content/Controls/ControlRig_RoundedTriangle_solid.uexp" 218
"../../../Engine/Plugins/Animation/ControlRig/Content/Controls/ControlRig_RoundedTriangle_3mm.ubulk" 219
"../../../Engine/Plugins/Animation/ControlRig/Content/Controls/ControlRig_RoundedTriangle_3mm.uasset" 220
"../../../Engine/Plugins/Animation/ControlRig/Content/Controls/ControlRig_RoundedTriangle_3mm.uexp" 221
"../../../Engine/Plugins/Animation/ControlRig/Content/Controls/ControlRig_RoundedTriangle_1mm.ubulk" 222
"../../../Engine/Plugins/Animation/ControlRig/Content/Controls/ControlRig_RoundedTriangle_1mm.uasset" 223
"../../../Engine/Plugins/Animation/ControlRig/Content/Controls/ControlRig_RoundedTriangle_1mm.uexp" 224
"../../../Engine/Plugins/Animation/ControlRig/Content/Controls/ControlRig_RoundedSquare_solid.ubulk" 225
"../../../Engine/Plugins/Animation/ControlRig/Content/Controls/ControlRig_RoundedSquare_solid.uasset" 226
"../../../Engine/Plugins/Animation/ControlRig/Content/Controls/ControlRig_RoundedSquare_solid.uexp" 227
"../../../Engine/Plugins/Animation/ControlRig/Content/Controls/ControlRig_RoundedSquare_3mm.ubulk" 228
"../../../Engine/Plugins/Animation/ControlRig/Content/Controls/ControlRig_RoundedSquare_3mm.uasset" 229
"../../../Engine/Plugins/Animation/ControlRig/Content/Controls/ControlRig_RoundedSquare_3mm.uexp" 230
"../../../Engine/Plugins/Animation/ControlRig/Content/Controls/ControlRig_RoundedSquare_1mm.ubulk" 231
"../../../Engine/Plugins/Animation/ControlRig/Content/Controls/ControlRig_RoundedSquare_1mm.uasset" 232
"../../../Engine/Plugins/Animation/ControlRig/Content/Controls/ControlRig_RoundedSquare_1mm.uexp" 233
"../../../Engine/Plugins/Animation/ControlRig/Content/Controls/ControlRig_QuarterCircle_solid.ubulk" 234
"../../../Engine/Plugins/Animation/ControlRig/Content/Controls/ControlRig_QuarterCircle_solid.uasset" 235
"../../../Engine/Plugins/Animation/ControlRig/Content/Controls/ControlRig_QuarterCircle_solid.uexp" 236
"../../../Engine/Plugins/Animation/ControlRig/Content/Controls/ControlRig_QuarterCircle_3mm.ubulk" 237
"../../../Engine/Plugins/Animation/ControlRig/Content/Controls/ControlRig_QuarterCircle_3mm.uasset" 238
"../../../Engine/Plugins/Animation/ControlRig/Content/Controls/ControlRig_QuarterCircle_3mm.uexp" 239
"../../../Engine/Plugins/Animation/ControlRig/Content/Controls/ControlRig_QuarterCircle_1mm.ubulk" 240
"../../../Engine/Plugins/Animation/ControlRig/Content/Controls/ControlRig_QuarterCircle_1mm.uasset" 241
"../../../Engine/Plugins/Animation/ControlRig/Content/Controls/ControlRig_QuarterCircle_1mm.uexp" 242
"../../../Engine/Plugins/Animation/ControlRig/Content/Controls/ControlRig_Pyramid_solid.ubulk" 243
"../../../Engine/Plugins/Animation/ControlRig/Content/Controls/ControlRig_Pyramid_solid.uasset" 244
"../../../Engine/Plugins/Animation/ControlRig/Content/Controls/ControlRig_Pyramid_solid.uexp" 245
"../../../Engine/Plugins/Animation/ControlRig/Content/Controls/ControlRig_Pyramid_3mm.ubulk" 246
"../../../Engine/Plugins/Animation/ControlRig/Content/Controls/ControlRig_Pyramid_3mm.uasset" 247
"../../../Engine/Plugins/Animation/ControlRig/Content/Controls/ControlRig_Pyramid_3mm.uexp" 248
"../../../Engine/Plugins/Animation/ControlRig/Content/Controls/ControlRig_Pyramid_1mm.ubulk" 249
"../../../Engine/Plugins/Animation/ControlRig/Content/Controls/ControlRig_Pyramid_1mm.uasset" 250
"../../../Engine/Plugins/Animation/ControlRig/Content/Controls/ControlRig_Pyramid_1mm.uexp" 251
"../../../Engine/Plugins/Animation/ControlRig/Content/Controls/ControlRig_Octagon_solid.ubulk" 252
"../../../Engine/Plugins/Animation/ControlRig/Content/Controls/ControlRig_Octagon_solid.uasset" 253
"../../../Engine/Plugins/Animation/ControlRig/Content/Controls/ControlRig_Octagon_solid.uexp" 254
"../../../Engine/Plugins/Animation/ControlRig/Content/Controls/ControlRig_Octagon_3mm.ubulk" 255
"../../../Engine/Plugins/Animation/ControlRig/Content/Controls/ControlRig_Octagon_3mm.uasset" 256
"../../../Engine/Plugins/Animation/ControlRig/Content/Controls/ControlRig_Octagon_3mm.uexp" 257
"../../../Engine/Plugins/Animation/ControlRig/Content/Controls/ControlRig_Octagon_1mm.ubulk" 258
"../../../Engine/Plugins/Animation/ControlRig/Content/Controls/ControlRig_Octagon_1mm.uasset" 259
"../../../Engine/Plugins/Animation/ControlRig/Content/Controls/ControlRig_Octagon_1mm.uexp" 260
"../../../Engine/Plugins/Animation/ControlRig/Content/Controls/ControlRig_Hexagon_solid.ubulk" 261
"../../../Engine/Plugins/Animation/ControlRig/Content/Controls/ControlRig_Hexagon_solid.uasset" 262
"../../../Engine/Plugins/Animation/ControlRig/Content/Controls/ControlRig_Hexagon_solid.uexp" 263
"../../../Engine/Plugins/Animation/ControlRig/Content/Controls/ControlRig_Hexagon_3mm.ubulk" 264
"../../../Engine/Plugins/Animation/ControlRig/Content/Controls/ControlRig_Hexagon_3mm.uasset" 265
"../../../Engine/Plugins/Animation/ControlRig/Content/Controls/ControlRig_Hexagon_3mm.uexp" 266
"../../../Engine/Plugins/Animation/ControlRig/Content/Controls/ControlRig_Hexagon_1mm.ubulk" 267
"../../../Engine/Plugins/Animation/ControlRig/Content/Controls/ControlRig_Hexagon_1mm.uasset" 268
"../../../Engine/Plugins/Animation/ControlRig/Content/Controls/ControlRig_Hexagon_1mm.uexp" 269
"../../../Engine/Plugins/Animation/ControlRig/Content/Controls/ControlRig_HalfCircle_solid.ubulk" 270
"../../../Engine/Plugins/Animation/ControlRig/Content/Controls/ControlRig_HalfCircle_solid.uasset" 271
"../../../Engine/Plugins/Animation/ControlRig/Content/Controls/ControlRig_HalfCircle_solid.uexp" 272
"../../../Engine/Plugins/Animation/ControlRig/Content/Controls/ControlRig_HalfCircle_3mm.ubulk" 273
"../../../Engine/Plugins/Animation/ControlRig/Content/Controls/ControlRig_HalfCircle_3mm.uasset" 274
"../../../Engine/Plugins/Animation/ControlRig/Content/Controls/ControlRig_HalfCircle_3mm.uexp" 275
"../../../Engine/Plugins/Animation/ControlRig/Content/Controls/ControlRig_HalfCircle_1mm.ubulk" 276
"../../../Engine/Plugins/Animation/ControlRig/Content/Controls/ControlRig_HalfCircle_1mm.uasset" 277
"../../../Engine/Plugins/Animation/ControlRig/Content/Controls/ControlRig_HalfCircle_1mm.uexp" 278
"../../../Engine/Plugins/Animation/ControlRig/Content/Controls/ControlRig_Diamond_solid.ubulk" 279
"../../../Engine/Plugins/Animation/ControlRig/Content/Controls/ControlRig_Diamond_solid.uasset" 280
"../../../Engine/Plugins/Animation/ControlRig/Content/Controls/ControlRig_Diamond_solid.uexp" 281
"../../../Engine/Plugins/Animation/ControlRig/Content/Controls/ControlRig_Diamond_3mm.ubulk" 282
"../../../Engine/Plugins/Animation/ControlRig/Content/Controls/ControlRig_Diamond_3mm.uasset" 283
"../../../Engine/Plugins/Animation/ControlRig/Content/Controls/ControlRig_Diamond_3mm.uexp" 284
"../../../Engine/Plugins/Animation/ControlRig/Content/Controls/ControlRig_Diamond_1mm.ubulk" 285
"../../../Engine/Plugins/Animation/ControlRig/Content/Controls/ControlRig_Diamond_1mm.uasset" 286
"../../../Engine/Plugins/Animation/ControlRig/Content/Controls/ControlRig_Diamond_1mm.uexp" 287
"../../../Engine/Plugins/Animation/ControlRig/Content/Controls/ControlRig_Circle_solid.ubulk" 288
"../../../Engine/Plugins/Animation/ControlRig/Content/Controls/ControlRig_Circle_solid.uasset" 289
"../../../Engine/Plugins/Animation/ControlRig/Content/Controls/ControlRig_Circle_solid.uexp" 290
"../../../Engine/Plugins/Animation/ControlRig/Content/Controls/ControlRig_Circle_3mm.ubulk" 291
"../../../Engine/Plugins/Animation/ControlRig/Content/Controls/ControlRig_Circle_3mm.uasset" 292
"../../../Engine/Plugins/Animation/ControlRig/Content/Controls/ControlRig_Circle_3mm.uexp" 293
"../../../Engine/Plugins/Animation/ControlRig/Content/Controls/ControlRig_Circle_1mm.ubulk" 294
"../../../Engine/Plugins/Animation/ControlRig/Content/Controls/ControlRig_Circle_1mm.uasset" 295
"../../../Engine/Plugins/Animation/ControlRig/Content/Controls/ControlRig_Circle_1mm.uexp" 296
"../../../Engine/Plugins/Animation/ControlRig/Content/Controls/ControlRig_Box_solid.ubulk" 297
"../../../Engine/Plugins/Animation/ControlRig/Content/Controls/ControlRig_Box_solid.uasset" 298
"../../../Engine/Plugins/Animation/ControlRig/Content/Controls/ControlRig_Box_solid.uexp" 299
"../../../Engine/Plugins/Animation/ControlRig/Content/Controls/ControlRig_Box_3mm.ubulk" 300
"../../../Engine/Plugins/Animation/ControlRig/Content/Controls/ControlRig_Box_3mm.uasset" 301
"../../../Engine/Plugins/Animation/ControlRig/Content/Controls/ControlRig_Box_3mm.uexp" 302
"../../../Engine/Plugins/Animation/ControlRig/Content/Controls/ControlRig_Box_1mm.ubulk" 303
"../../../Engine/Plugins/Animation/ControlRig/Content/Controls/ControlRig_Box_1mm.uasset" 304
"../../../Engine/Plugins/Animation/ControlRig/Content/Controls/ControlRig_Box_1mm.uexp" 305
"../../../Engine/Plugins/Animation/ControlRig/Content/Controls/ControlRig_Arrow_solid.ubulk" 306
"../../../Engine/Plugins/Animation/ControlRig/Content/Controls/ControlRig_Arrow_solid.uasset" 307
"../../../Engine/Plugins/Animation/ControlRig/Content/Controls/ControlRig_Arrow_solid.uexp" 308
"../../../Engine/Plugins/Animation/ControlRig/Content/Controls/ControlRig_Arrow_3mm.ubulk" 309
"../../../Engine/Plugins/Animation/ControlRig/Content/Controls/ControlRig_Arrow_3mm.uasset" 310
"../../../Engine/Plugins/Animation/ControlRig/Content/Controls/ControlRig_Arrow_3mm.uexp" 311
"../../../Engine/Plugins/Animation/ControlRig/Content/Controls/ControlRig_Arrow_1mm.ubulk" 312
"../../../Engine/Plugins/Animation/ControlRig/Content/Controls/ControlRig_Arrow_1mm.uasset" 313
"../../../Engine/Plugins/Animation/ControlRig/Content/Controls/ControlRig_Arrow_1mm.uexp" 314
"../../../Engine/Plugins/Animation/ControlRig/Content/Controls/ControlRig_Arrow4_solid.ubulk" 315
"../../../Engine/Plugins/Animation/ControlRig/Content/Controls/ControlRig_Arrow4_solid.uasset" 316
"../../../Engine/Plugins/Animation/ControlRig/Content/Controls/ControlRig_Arrow4_solid.uexp" 317
"../../../Engine/Plugins/Animation/ControlRig/Content/Controls/ControlRig_Arrow4_3mm.ubulk" 318
"../../../Engine/Plugins/Animation/ControlRig/Content/Controls/ControlRig_Arrow4_3mm.uasset" 319
"../../../Engine/Plugins/Animation/ControlRig/Content/Controls/ControlRig_Arrow4_3mm.uexp" 320
"../../../Engine/Plugins/Animation/ControlRig/Content/Controls/ControlRig_Arrow4_1mm.ubulk" 321
"../../../Engine/Plugins/Animation/ControlRig/Content/Controls/ControlRig_Arrow4_1mm.uasset" 322
"../../../Engine/Plugins/Animation/ControlRig/Content/Controls/ControlRig_Arrow4_1mm.uexp" 323
"../../../Engine/Plugins/Animation/ControlRig/Content/Controls/ControlRig_Arrow2_solid.ubulk" 324
"../../../Engine/Plugins/Animation/ControlRig/Content/Controls/ControlRig_Arrow2_solid.uasset" 325
"../../../Engine/Plugins/Animation/ControlRig/Content/Controls/ControlRig_Arrow2_solid.uexp" 326
"../../../Engine/Plugins/Animation/ControlRig/Content/Controls/ControlRig_Arrow2_3mm.ubulk" 327
"../../../Engine/Plugins/Animation/ControlRig/Content/Controls/ControlRig_Arrow2_3mm.uasset" 328
"../../../Engine/Plugins/Animation/ControlRig/Content/Controls/ControlRig_Arrow2_3mm.uexp" 329
"../../../Engine/Plugins/Animation/ControlRig/Content/Controls/ControlRig_Arrow2_1mm.ubulk" 330
"../../../Engine/Plugins/Animation/ControlRig/Content/Controls/ControlRig_Arrow2_1mm.uasset" 331
"../../../Engine/Plugins/Animation/ControlRig/Content/Controls/ControlRig_Arrow2_1mm.uexp" 332
"../../../Engine/Plugins/Animation/ControlRig/Content/Controls/ControlRigXRayMaterial.uasset" 333
"../../../Engine/Plugins/Animation/ControlRig/Content/Controls/ControlRigXRayMaterial.uexp" 334
"../../../Engine/Plugins/Animation/ControlRig/Content/Controls/ControlRigGizmoMaterial.uasset" 335
"../../../Engine/Plugins/Animation/ControlRig/Content/Controls/ControlRigGizmoMaterial.uexp" 336
"../../../Engine/Content/MapTemplates/SM_Template_Map_Floor.ubulk" 337
"../../../Engine/Content/MapTemplates/SM_Template_Map_Floor.uasset" 338
"../../../Engine/Content/MapTemplates/SM_Template_Map_Floor.uexp" 339
"../../../Engine/Content/EngineSky/M_SimpleSkyDome.uasset" 340
"../../../Engine/Content/EngineSky/M_SimpleSkyDome.uexp" 341
"../../../Engine/Content/EngineMaterials/WeightMapPlaceholderTexture.uasset" 342
"../../../Engine/Content/EngineMaterials/WeightMapPlaceholderTexture.uexp" 343
"../../../Engine/Content/EngineMaterials/WeightMapArrayPlaceholderTexture.uasset" 344
"../../../Engine/Content/EngineMaterials/WeightMapArrayPlaceholderTexture.uexp" 345
"../../../Engine/Content/EngineMaterials/RemoveSurfaceMaterial.uasset" 346
"../../../Engine/Content/EngineMaterials/RemoveSurfaceMaterial.uexp" 347
"../../../Engine/Content/EngineMaterials/PreintegratedSkinBRDF.uasset" 348
"../../../Engine/Content/EngineMaterials/PreintegratedSkinBRDF.uexp" 349
"../../../Engine/Content/EngineMaterials/DefaultCalibrationGrayscale.uasset" 350
"../../../Engine/Content/EngineMaterials/DefaultCalibrationGrayscale.uexp" 351
"../../../Engine/Content/EngineMaterials/PPM_DefaultCalibrationGrayscale.uasset" 352
"../../../Engine/Content/EngineMaterials/PPM_DefaultCalibrationGrayscale.uexp" 353
"../../../Engine/Content/EngineMaterials/DefaultCalibrationColor.uasset" 354
"../../../Engine/Content/EngineMaterials/DefaultCalibrationColor.uexp" 355
"../../../Engine/Content/EngineMaterials/PPM_DefaultCalibrationColor.uasset" 356
"../../../Engine/Content/EngineMaterials/PPM_DefaultCalibrationColor.uexp" 357
"../../../Engine/Content/EngineMaterials/PhAT_JointLimitMaterial.uasset" 358
"../../../Engine/Content/EngineMaterials/PhAT_JointLimitMaterial.uexp" 359
"../../../Engine/Content/EngineMaterials/NaniteHiddenSectionMaterial.uasset" 360
"../../../Engine/Content/EngineMaterials/NaniteHiddenSectionMaterial.uexp" 361
"../../../Engine/Content/EngineMaterials/InvalidLightmapSettings.ubulk" 362
"../../../Engine/Content/EngineMaterials/InvalidLightmapSettings.uasset" 363
"../../../Engine/Content/EngineMaterials/InvalidLightmapSettings.uexp" 364
"../../../Engine/Content/EngineMaterials/M_InvalidLightmapSettings.uasset" 365
"../../../Engine/Content/EngineMaterials/M_InvalidLightmapSettings.uexp" 366
"../../../Engine/Content/EngineMaterials/MiniFont.uasset" 367
"../../../Engine/Content/EngineMaterials/MiniFont.uexp" 368
"../../../Engine/Content/EngineMaterials/GizmoMaterial.uasset" 369
"../../../Engine/Content/EngineMaterials/GizmoMaterial.uexp" 370
"../../../Engine/Content/EngineMaterials/BaseFlattenDiffuseMap_VT.ubulk" 371
"../../../Engine/Content/EngineMaterials/BaseFlattenDiffuseMap_VT.uasset" 372
"../../../Engine/Content/EngineMaterials/BaseFlattenDiffuseMap_VT.uexp" 373
"../../../Engine/Content/EngineMaterials/BaseFlattenEmissiveMap_VT.ubulk" 374
"../../../Engine/Content/EngineMaterials/BaseFlattenEmissiveMap_VT.uasset" 375
"../../../Engine/Content/EngineMaterials/BaseFlattenEmissiveMap_VT.uexp" 376
"../../../Engine/Content/EngineMaterials/BaseFlattenGrayscaleMap_VT.ubulk" 377
"../../../Engine/Content/EngineMaterials/BaseFlattenGrayscaleMap_VT.uasset" 378
"../../../Engine/Content/EngineMaterials/BaseFlattenGrayscaleMap_VT.uexp" 379
"../../../Engine/Content/EngineMaterials/BaseFlattenLinearColor_VT.ubulk" 380
"../../../Engine/Content/EngineMaterials/BaseFlattenLinearColor_VT.uasset" 381
"../../../Engine/Content/EngineMaterials/BaseFlattenLinearColor_VT.uexp" 382
"../../../Engine/Content/EngineMaterials/BaseFlattenNormalMap_VT.ubulk" 383
"../../../Engine/Content/EngineMaterials/BaseFlattenNormalMap_VT.uasset" 384
"../../../Engine/Content/EngineMaterials/BaseFlattenNormalMap_VT.uexp" 385
"../../../Engine/Content/EngineMaterials/Black_1x1_EXR_Texture_VT.ubulk" 386
"../../../Engine/Content/EngineMaterials/Black_1x1_EXR_Texture_VT.uasset" 387
"../../../Engine/Content/EngineMaterials/Black_1x1_EXR_Texture_VT.uexp" 388
"../../../Engine/Content/EngineMaterials/FlattenMaterial_WS_Normal_VT.uasset" 389
"../../../Engine/Content/EngineMaterials/FlattenMaterial_WS_Normal_VT.uexp" 390
"../../../Engine/Content/EngineMaterials/FlattenMaterial_VT.uasset" 391
"../../../Engine/Content/EngineMaterials/FlattenMaterial_VT.uexp" 392
"../../../Engine/Content/EngineMaterials/BaseFlattenNormalMap.uasset" 393
"../../../Engine/Content/EngineMaterials/BaseFlattenNormalMap.uexp" 394
"../../../Engine/Content/EngineMaterials/BaseFlattenDiffuseMap.uasset" 395
"../../../Engine/Content/EngineMaterials/BaseFlattenDiffuseMap.uexp" 396
"../../../Engine/Content/EngineMaterials/BaseFlattenEmissiveMap.uasset" 397
"../../../Engine/Content/EngineMaterials/BaseFlattenEmissiveMap.uexp" 398
"../../../Engine/Content/EngineMaterials/BaseFlattenGrayscaleMap.uasset" 399
"../../../Engine/Content/EngineMaterials/BaseFlattenGrayscaleMap.uexp" 400
"../../../Engine/Content/EngineMaterials/BaseFlattenLinearColor.uasset" 401
"../../../Engine/Content/EngineMaterials/BaseFlattenLinearColor.uexp" 402
"../../../Engine/Content/Functions/Engine_MaterialFunctions02/PivotPainter2/Black_1x1_EXR_Texture.uasset" 403
"../../../Engine/Content/Functions/Engine_MaterialFunctions02/PivotPainter2/Black_1x1_EXR_Texture.uexp" 404
"../../../Engine/Content/EngineMaterials/FlattenMaterial.uasset" 405
"../../../Engine/Content/EngineMaterials/FlattenMaterial.uexp" 406
"../../../Engine/Content/EngineMaterials/FastBlueNoise_vec2_128x128x64.uasset" 407
"../../../Engine/Content/EngineMaterials/FastBlueNoise_vec2_128x128x64.uexp" 408
"../../../Engine/Content/EngineMaterials/FastBlueNoise_scalar_128x128x8.uasset" 409
"../../../Engine/Content/EngineMaterials/FastBlueNoise_scalar_128x128x8.uexp" 410
"../../../Engine/Content/EngineMaterials/FastBlueNoise_scalar_128x128x64.uasset" 411
"../../../Engine/Content/EngineMaterials/FastBlueNoise_scalar_128x128x64.uexp" 412
"../../../Engine/Content/EngineMaterials/DefaultWhiteGrid_Low.uasset" 413
"../../../Engine/Content/EngineMaterials/DefaultWhiteGrid_Low.uexp" 414
"../../../Engine/Content/EngineMaterials/EmissiveMeshMaterial.uasset" 415
"../../../Engine/Content/EngineMaterials/EmissiveMeshMaterial.uexp" 416
"../../../Engine/Content/EngineMaterials/DefaultWhiteGrid.ubulk" 417
"../../../Engine/Content/EngineMaterials/DefaultWhiteGrid.uasset" 418
"../../../Engine/Content/EngineMaterials/DefaultWhiteGrid.uexp" 419
"../../../Engine/Content/EngineFonts/RobotoDistanceField.uasset" 420
"../../../Engine/Content/EngineFonts/RobotoDistanceField.uexp" 421
"../../../Engine/Content/EngineMaterials/DefaultTextMaterialOpaque.uasset" 422
"../../../Engine/Content/EngineMaterials/DefaultTextMaterialOpaque.uexp" 423
"../../../Engine/Content/EngineMaterials/DefaultPostProcessMaterial.uasset" 424
"../../../Engine/Content/EngineMaterials/DefaultPostProcessMaterial.uexp" 425
"../../../Engine/Content/EngineMaterials/DefaultLightFunctionMaterial.uasset" 426
"../../../Engine/Content/EngineMaterials/DefaultLightFunctionMaterial.uexp" 427
"../../../Engine/Content/EngineMaterials/DefaultDeferredDecalMaterial.uasset" 428
"../../../Engine/Content/EngineMaterials/DefaultDeferredDecalMaterial.uexp" 429
"../../../Engine/Content/EngineMaterials/DefaultBokeh.uasset" 430
"../../../Engine/Content/EngineMaterials/DefaultBokeh.uexp" 431
"../../../Engine/Content/Functions/Engine_MaterialFunctions02/Utility/CameraDirectionVector.uasset" 432
"../../../Engine/Content/Functions/Engine_MaterialFunctions02/Utility/CameraDirectionVector.uexp" 433
"../../../Engine/Content/EngineDebugMaterials/VolumeToRender.uasset" 434
"../../../Engine/Content/EngineDebugMaterials/VolumeToRender.uexp" 435
"../../../Engine/Content/EngineDebugMaterials/M_VolumeRenderSphereTracePP.uasset" 436
"../../../Engine/Content/EngineDebugMaterials/M_VolumeRenderSphereTracePP.uexp" 437
"../../../Engine/Content/EngineDebugMaterials/M_SimpleUnlitTranslucent.uasset" 438
"../../../Engine/Content/EngineDebugMaterials/M_SimpleUnlitTranslucent.uexp" 439
"../../../Engine/Content/EngineDebugMaterials/DebugMeshMaterial.uasset" 440
"../../../Engine/Content/EngineDebugMaterials/DebugMeshMaterial.uexp" 441
"../../../Engine/Content/EngineDebugMaterials/DebugEditorMaterial.uasset" 442
"../../../Engine/Content/EngineDebugMaterials/DebugEditorMaterial.uexp" 443
"../../../Engine/Content/EngineDamageTypes/DmgTypeBP_Environmental.uasset" 444
"../../../Engine/Content/EngineDamageTypes/DmgTypeBP_Environmental.uexp" 445
"../../../Engine/Content/EditorResources/S_Terrain.ubulk" 446
"../../../Engine/Content/EditorResources/S_Terrain.uasset" 447
"../../../Engine/Content/EditorResources/S_Terrain.uexp" 448
"../../../Engine/Content/EditorResources/S_Solver.ubulk" 449
"../../../Engine/Content/EditorResources/S_Solver.uasset" 450
"../../../Engine/Content/EditorResources/S_Solver.uexp" 451
"../../../Engine/Content/EditorResources/BSPVertex.uasset" 452
"../../../Engine/Content/EditorResources/BSPVertex.uexp" 453
"../../../Engine/Content/EditorMaterials/PreviewShadowIndicator.ubulk" 454
"../../../Engine/Content/EditorMaterials/PreviewShadowIndicator.uasset" 455
"../../../Engine/Content/EditorMaterials/PreviewShadowIndicator.uexp" 456
"../../../Engine/Content/EditorMaterials/PreviewShadowIndicatorMaterial.uasset" 457
"../../../Engine/Content/EditorMaterials/PreviewShadowIndicatorMaterial.uexp" 458
"../../../Engine/Content/EditorMaterials/PhAT_UnselectedMaterial.uasset" 459
"../../../Engine/Content/EditorMaterials/PhAT_UnselectedMaterial.uexp" 460
"../../../Engine/Content/EditorMaterials/PhAT_NoCollisionMaterial.uasset" 461
"../../../Engine/Content/EditorMaterials/PhAT_NoCollisionMaterial.uexp" 462
"C:/Users/rgowell/Documents/Unreal Projects/FelineFour/CatNap/Content/Characters/OurCharacterModels/Trinity/Trinity_Body.ubulk" 463
"C:/Users/rgowell/Documents/Unreal Projects/FelineFour/CatNap/Content/Characters/OurCharacterModels/Trinity/Trinity_Body.uasset" 464
"C:/Users/rgowell/Documents/Unreal Projects/FelineFour/CatNap/Content/Characters/OurCharacterModels/Trinity/Trinity_Body.uexp" 465
"C:/Users/rgowell/Documents/Unreal Projects/FelineFour/CatNap/Content/Characters/OurCharacterModels/Trinity/Trinity_Body_Mat.uasset" 466
"C:/Users/rgowell/Documents/Unreal Projects/FelineFour/CatNap/Content/Characters/OurCharacterModels/Trinity/Trinity_Body_Mat.uexp" 467
"C:/Users/rgowell/Documents/Unreal Projects/FelineFour/CatNap/Content/Animations/Trinity/M_Trinity_Body.uasset" 468
"C:/Users/rgowell/Documents/Unreal Projects/FelineFour/CatNap/Content/Animations/Trinity/M_Trinity_Body.uexp" 469
"C:/Users/rgowell/Documents/Unreal Projects/FelineFour/CatNap/Content/Animations/Trinity/Trinity_T-Pose_Skeleton.uasset" 470
"C:/Users/rgowell/Documents/Unreal Projects/FelineFour/CatNap/Content/Animations/Trinity/Trinity_T-Pose_Skeleton.uexp" 471
"C:/Users/rgowell/Documents/Unreal Projects/FelineFour/CatNap/Content/Animations/Trinity/Trinity_T-Pose_PhysicsAsset.uasset" 472
"C:/Users/rgowell/Documents/Unreal Projects/FelineFour/CatNap/Content/Animations/Trinity/Trinity_T-Pose_PhysicsAsset.uexp" 473
"C:/Users/rgowell/Documents/Unreal Projects/FelineFour/CatNap/Content/Animations/Trinity/Trinity_T-Pose.uasset" 474
"C:/Users/rgowell/Documents/Unreal Projects/FelineFour/CatNap/Content/Animations/Trinity/Trinity_T-Pose.uexp" 475
"C:/Users/rgowell/Documents/Unreal Projects/FelineFour/CatNap/Plugins/EMUQuests/EMUQuests/Content/ThirdPerson/Characters/Mannequins/Meshes/SK_Mannequin.uasset" 476
"C:/Users/rgowell/Documents/Unreal Projects/FelineFour/CatNap/Plugins/EMUQuests/EMUQuests/Content/ThirdPerson/Characters/Mannequins/Meshes/SK_Mannequin.uexp" 477
"../../../Engine/Content/Animation/DefaultVariableFrameStrippingSettings.uasset" 478
"../../../Engine/Content/Animation/DefaultVariableFrameStrippingSettings.uexp" 479
"../../../Engine/Content/Animation/DefaultAnimCurveCompressionSettings.uasset" 480
"../../../Engine/Content/Animation/DefaultAnimCurveCompressionSettings.uexp" 481
"../../../Engine/Content/Animation/DefaultAnimBoneCompressionSettings.uasset" 482
"../../../Engine/Content/Animation/DefaultAnimBoneCompressionSettings.uexp" 483
"C:/Users/rgowell/Documents/Unreal Projects/FelineFour/CatNap/Plugins/EMUQuests/EMUQuests/Content/ThirdPerson/Characters/Mannequins/Animations/Manny/MM_Idle.uasset" 484
"C:/Users/rgowell/Documents/Unreal Projects/FelineFour/CatNap/Plugins/EMUQuests/EMUQuests/Content/ThirdPerson/Characters/Mannequins/Animations/Manny/MM_Idle.uexp" 485
"../../../Engine/Plugins/Animation/ControlRig/Content/Controls/DefaultGizmoLibrary.uasset" 486
"../../../Engine/Plugins/Animation/ControlRig/Content/Controls/DefaultGizmoLibrary.uexp" 487
"C:/Users/rgowell/Documents/Unreal Projects/FelineFour/CatNap/Plugins/EMUQuests/EMUQuests/Content/ThirdPerson/Characters/Mannequins/Rigs/CR_Mannequin_BasicFootIK.uasset" 488
"C:/Users/rgowell/Documents/Unreal Projects/FelineFour/CatNap/Plugins/EMUQuests/EMUQuests/Content/ThirdPerson/Characters/Mannequins/Rigs/CR_Mannequin_BasicFootIK.uexp" 489
"C:/Users/rgowell/Documents/Unreal Projects/FelineFour/CatNap/Plugins/EMUQuests/EMUQuests/Content/ThirdPerson/Characters/Mannequins/Animations/Manny/MM_Land.uasset" 490
"C:/Users/rgowell/Documents/Unreal Projects/FelineFour/CatNap/Plugins/EMUQuests/EMUQuests/Content/ThirdPerson/Characters/Mannequins/Animations/Manny/MM_Land.uexp" 491
"C:/Users/rgowell/Documents/Unreal Projects/FelineFour/CatNap/Plugins/EMUQuests/EMUQuests/Content/ThirdPerson/Characters/Mannequins/Animations/Manny/MM_Jump.uasset" 492
"C:/Users/rgowell/Documents/Unreal Projects/FelineFour/CatNap/Plugins/EMUQuests/EMUQuests/Content/ThirdPerson/Characters/Mannequins/Animations/Manny/MM_Jump.uexp" 493
"C:/Users/rgowell/Documents/Unreal Projects/FelineFour/CatNap/Plugins/EMUQuests/EMUQuests/Content/ThirdPerson/Characters/Mannequins/Animations/Manny/MM_Fall_Loop.uasset" 494
"C:/Users/rgowell/Documents/Unreal Projects/FelineFour/CatNap/Plugins/EMUQuests/EMUQuests/Content/ThirdPerson/Characters/Mannequins/Animations/Manny/MM_Fall_Loop.uexp" 495
"../../../Engine/Content/Animation/DefaultRecorderBoneCompression.uasset" 496
"../../../Engine/Content/Animation/DefaultRecorderBoneCompression.uexp" 497
"C:/Users/rgowell/Documents/Unreal Projects/FelineFour/CatNap/Plugins/EMUQuests/EMUQuests/Content/ThirdPerson/Characters/Mannequins/Animations/Manny/MM_Walk_InPlace.uasset" 498
"C:/Users/rgowell/Documents/Unreal Projects/FelineFour/CatNap/Plugins/EMUQuests/EMUQuests/Content/ThirdPerson/Characters/Mannequins/Animations/Manny/MM_Walk_InPlace.uexp" 499
"C:/Users/rgowell/Documents/Unreal Projects/FelineFour/CatNap/Plugins/EMUQuests/EMUQuests/Content/ThirdPerson/Characters/Mannequins/Animations/Manny/MM_Walk_Fwd.uasset" 500
"C:/Users/rgowell/Documents/Unreal Projects/FelineFour/CatNap/Plugins/EMUQuests/EMUQuests/Content/ThirdPerson/Characters/Mannequins/Animations/Manny/MM_Walk_Fwd.uexp" 501
"C:/Users/rgowell/Documents/Unreal Projects/FelineFour/CatNap/Plugins/EMUQuests/EMUQuests/Content/ThirdPerson/Characters/Mannequins/Animations/Manny/MM_Run_Fwd.uasset" 502
"C:/Users/rgowell/Documents/Unreal Projects/FelineFour/CatNap/Plugins/EMUQuests/EMUQuests/Content/ThirdPerson/Characters/Mannequins/Animations/Manny/MM_Run_Fwd.uexp" 503
"C:/Users/rgowell/Documents/Unreal Projects/FelineFour/CatNap/Plugins/EMUQuests/EMUQuests/Content/ThirdPerson/Characters/Mannequins/Animations/Manny/BS_MM_WalkRun.uasset" 504
"C:/Users/rgowell/Documents/Unreal Projects/FelineFour/CatNap/Plugins/EMUQuests/EMUQuests/Content/ThirdPerson/Characters/Mannequins/Animations/Manny/BS_MM_WalkRun.uexp" 505
"C:/Users/rgowell/Documents/Unreal Projects/FelineFour/CatNap/Plugins/EMUQuests/EMUQuests/Content/ThirdPerson/Characters/Mannequins/Animations/ABP_Manny.uasset" 506
"C:/Users/rgowell/Documents/Unreal Projects/FelineFour/CatNap/Plugins/EMUQuests/EMUQuests/Content/ThirdPerson/Characters/Mannequins/Animations/ABP_Manny.uexp" 507
"C:/Users/rgowell/Documents/Unreal Projects/FelineFour/CatNap/Plugins/EMUQuests/EMUQuests/Content/Blueprints/DT_Quest.uasset" 508
"C:/Users/rgowell/Documents/Unreal Projects/FelineFour/CatNap/Plugins/EMUQuests/EMUQuests/Content/Blueprints/DT_Quest.uexp" 509
"C:/Users/rgowell/Documents/Unreal Projects/FelineFour/CatNap/Plugins/EMUQuests/EMUQuests/Content/UI/Widgets/WB_QuestGiver.uasset" 510
"C:/Users/rgowell/Documents/Unreal Projects/FelineFour/CatNap/Plugins/EMUQuests/EMUQuests/Content/UI/Widgets/WB_QuestGiver.uexp" 511
"../../../Engine/Content/EditorBlueprintResources/StandardMacros.uasset" 512
"../../../Engine/Content/EditorBlueprintResources/StandardMacros.uexp" 513
"C:/Users/rgowell/Documents/Unreal Projects/FelineFour/CatNap/Plugins/EMUQuests/EMUQuests/Content/UI/Widgets/W_QuestLog_SingleObjective.uasset" 514
"C:/Users/rgowell/Documents/Unreal Projects/FelineFour/CatNap/Plugins/EMUQuests/EMUQuests/Content/UI/Widgets/W_QuestLog_SingleObjective.uexp" 515
"C:/Users/rgowell/Documents/Unreal Projects/FelineFour/CatNap/Plugins/EMUQuests/EMUQuests/Content/UI/Widgets/WB_QuestTracked.uasset" 516
"C:/Users/rgowell/Documents/Unreal Projects/FelineFour/CatNap/Plugins/EMUQuests/EMUQuests/Content/UI/Widgets/WB_QuestTracked.uexp" 517
"C:/Users/rgowell/Documents/Unreal Projects/FelineFour/CatNap/Plugins/EMUQuests/EMUQuests/Content/UI/Widgets/WB_Main.uasset" 518
"C:/Users/rgowell/Documents/Unreal Projects/FelineFour/CatNap/Plugins/EMUQuests/EMUQuests/Content/UI/Widgets/WB_Main.uexp" 519
"C:/Users/rgowell/Documents/Unreal Projects/FelineFour/CatNap/Plugins/EMUQuests/EMUQuests/Content/UI/Widgets/W_QuestTaken.uasset" 520
"C:/Users/rgowell/Documents/Unreal Projects/FelineFour/CatNap/Plugins/EMUQuests/EMUQuests/Content/UI/Widgets/W_QuestTaken.uexp" 521
"C:/Users/rgowell/Documents/Unreal Projects/FelineFour/CatNap/Plugins/EMUQuests/EMUQuests/Content/UI/Widgets/WB_QuestCompleted.uasset" 522
"C:/Users/rgowell/Documents/Unreal Projects/FelineFour/CatNap/Plugins/EMUQuests/EMUQuests/Content/UI/Widgets/WB_QuestCompleted.uexp" 523
"C:/Users/rgowell/Documents/Unreal Projects/FelineFour/CatNap/Plugins/EMUQuests/EMUQuests/Content/UI/Widgets/WB_ObjectiveUpdated.uasset" 524
"C:/Users/rgowell/Documents/Unreal Projects/FelineFour/CatNap/Plugins/EMUQuests/EMUQuests/Content/UI/Widgets/WB_ObjectiveUpdated.uexp" 525
"C:/Users/rgowell/Documents/Unreal Projects/FelineFour/CatNap/Plugins/EMUQuests/EMUQuests/Content/Blueprints/BPC_EMUQuestManager.uasset" 526
"C:/Users/rgowell/Documents/Unreal Projects/FelineFour/CatNap/Plugins/EMUQuests/EMUQuests/Content/Blueprints/BPC_EMUQuestManager.uexp" 527
"C:/Users/rgowell/Documents/Unreal Projects/FelineFour/CatNap/Plugins/EMUQuests/EMUQuests/Content/UI/Widgets/WB_QuestDialog_SingleObjective.uasset" 528
"C:/Users/rgowell/Documents/Unreal Projects/FelineFour/CatNap/Plugins/EMUQuests/EMUQuests/Content/UI/Widgets/WB_QuestDialog_SingleObjective.uexp" 529
"C:/Users/rgowell/Documents/Unreal Projects/FelineFour/CatNap/Plugins/EMUQuests/EMUQuests/Content/UI/UIDesign/Buttons/t_GreenButton.uasset" 530
"C:/Users/rgowell/Documents/Unreal Projects/FelineFour/CatNap/Plugins/EMUQuests/EMUQuests/Content/UI/UIDesign/Buttons/t_GreenButton.uexp" 531
"C:/Users/rgowell/Documents/Unreal Projects/FelineFour/CatNap/Plugins/EMUQuests/EMUQuests/Content/UI/UIDesign/Buttons/T_GreenButtonClicked.uasset" 532
"C:/Users/rgowell/Documents/Unreal Projects/FelineFour/CatNap/Plugins/EMUQuests/EMUQuests/Content/UI/UIDesign/Buttons/T_GreenButtonClicked.uexp" 533
"C:/Users/rgowell/Documents/Unreal Projects/FelineFour/CatNap/Plugins/EMUQuests/EMUQuests/Content/UI/UIDesign/Buttons/T_GreenButtonHover.uasset" 534
"C:/Users/rgowell/Documents/Unreal Projects/FelineFour/CatNap/Plugins/EMUQuests/EMUQuests/Content/UI/UIDesign/Buttons/T_GreenButtonHover.uexp" 535
"C:/Users/rgowell/Documents/Unreal Projects/FelineFour/CatNap/Plugins/EMUQuests/EMUQuests/Content/UI/UIDesign/Buttons/T_RedButton.uasset" 536
"C:/Users/rgowell/Documents/Unreal Projects/FelineFour/CatNap/Plugins/EMUQuests/EMUQuests/Content/UI/UIDesign/Buttons/T_RedButton.uexp" 537
"C:/Users/rgowell/Documents/Unreal Projects/FelineFour/CatNap/Plugins/EMUQuests/EMUQuests/Content/UI/UIDesign/Buttons/T_RedButtonClicked.uasset" 538
"C:/Users/rgowell/Documents/Unreal Projects/FelineFour/CatNap/Plugins/EMUQuests/EMUQuests/Content/UI/UIDesign/Buttons/T_RedButtonClicked.uexp" 539
"C:/Users/rgowell/Documents/Unreal Projects/FelineFour/CatNap/Plugins/EMUQuests/EMUQuests/Content/UI/UIDesign/Buttons/T_RedButtonHover.uasset" 540
"C:/Users/rgowell/Documents/Unreal Projects/FelineFour/CatNap/Plugins/EMUQuests/EMUQuests/Content/UI/UIDesign/Buttons/T_RedButtonHover.uexp" 541
"C:/Users/rgowell/Documents/Unreal Projects/FelineFour/CatNap/Plugins/EMUQuests/EMUQuests/Content/UI/Widgets/WB_QuestDialog.uasset" 542
"C:/Users/rgowell/Documents/Unreal Projects/FelineFour/CatNap/Plugins/EMUQuests/EMUQuests/Content/UI/Widgets/WB_QuestDialog.uexp" 543
"C:/Users/rgowell/Documents/Unreal Projects/FelineFour/CatNap/Plugins/EMUQuests/EMUQuests/Content/Blueprints/trinity_QuestGiver.uasset" 544
"C:/Users/rgowell/Documents/Unreal Projects/FelineFour/CatNap/Plugins/EMUQuests/EMUQuests/Content/Blueprints/trinity_QuestGiver.uexp" 545
"C:/Users/rgowell/Documents/Unreal Projects/FelineFour/CatNap/Content/Animations/Rachel/M_Rachel_Body1.uasset" 546
"C:/Users/rgowell/Documents/Unreal Projects/FelineFour/CatNap/Content/Animations/Rachel/M_Rachel_Body1.uexp" 547
"C:/Users/rgowell/Documents/Unreal Projects/FelineFour/CatNap/Content/Animations/Rachel/Rachel_T-Pose_Skeleton.uasset" 548
"C:/Users/rgowell/Documents/Unreal Projects/FelineFour/CatNap/Content/Animations/Rachel/Rachel_T-Pose_Skeleton.uexp" 549
"C:/Users/rgowell/Documents/Unreal Projects/FelineFour/CatNap/Content/Animations/Rachel/Rachel_T-Pose_PhysicsAsset.uasset" 550
"C:/Users/rgowell/Documents/Unreal Projects/FelineFour/CatNap/Content/Animations/Rachel/Rachel_T-Pose_PhysicsAsset.uexp" 551
"C:/Users/rgowell/Documents/Unreal Projects/FelineFour/CatNap/Content/Animations/Rachel/Rachel_T-Pose.uasset" 552
"C:/Users/rgowell/Documents/Unreal Projects/FelineFour/CatNap/Content/Animations/Rachel/Rachel_T-Pose.uexp" 553
"C:/Users/rgowell/Documents/Unreal Projects/FelineFour/CatNap/Content/Characters/OurCharacterModels/Sarah/sarah_2.ubulk" 554
"C:/Users/rgowell/Documents/Unreal Projects/FelineFour/CatNap/Content/Characters/OurCharacterModels/Sarah/sarah_2.uasset" 555
"C:/Users/rgowell/Documents/Unreal Projects/FelineFour/CatNap/Content/Characters/OurCharacterModels/Sarah/sarah_2.uexp" 556
"C:/Users/rgowell/Documents/Unreal Projects/FelineFour/CatNap/Content/Characters/OurCharacterModels/Sarah/sarah_2_Mat.uasset" 557
"C:/Users/rgowell/Documents/Unreal Projects/FelineFour/CatNap/Content/Characters/OurCharacterModels/Sarah/sarah_2_Mat.uexp" 558
"../../../Engine/Plugins/Animation/ACLPlugin/Content/ACLAnimCurveCompressionSettings.uasset" 559
"../../../Engine/Plugins/Animation/ACLPlugin/Content/ACLAnimCurveCompressionSettings.uexp" 560
"../../../Engine/Plugins/Animation/ACLPlugin/Content/ACLAnimBoneCompressionSettings.uasset" 561
"../../../Engine/Plugins/Animation/ACLPlugin/Content/ACLAnimBoneCompressionSettings.uexp" 562
"C:/Users/rgowell/Documents/Unreal Projects/FelineFour/CatNap/Content/Animations/Rachel/Rachel_Wave_Anim.uasset" 563
"C:/Users/rgowell/Documents/Unreal Projects/FelineFour/CatNap/Content/Animations/Rachel/Rachel_Wave_Anim.uexp" 564
"C:/Users/rgowell/Documents/Unreal Projects/FelineFour/CatNap/Plugins/EMUQuests/EMUQuests/Content/Blueprints/Sarah_QuestGiver.uasset" 565
"C:/Users/rgowell/Documents/Unreal Projects/FelineFour/CatNap/Plugins/EMUQuests/EMUQuests/Content/Blueprints/Sarah_QuestGiver.uexp" 566
"C:/Users/rgowell/Documents/Unreal Projects/FelineFour/CatNap/Content/Characters/OurCharacterModels/Rachel/Rachel_Body.ubulk" 567
"C:/Users/rgowell/Documents/Unreal Projects/FelineFour/CatNap/Content/Characters/OurCharacterModels/Rachel/Rachel_Body.uasset" 568
"C:/Users/rgowell/Documents/Unreal Projects/FelineFour/CatNap/Content/Characters/OurCharacterModels/Rachel/Rachel_Body.uexp" 569
"C:/Users/rgowell/Documents/Unreal Projects/FelineFour/CatNap/Content/Characters/OurCharacterModels/Rachel/Rachel_Body_Mat.uasset" 570
"C:/Users/rgowell/Documents/Unreal Projects/FelineFour/CatNap/Content/Characters/OurCharacterModels/Rachel/Rachel_Body_Mat.uexp" 571
"C:/Users/rgowell/Documents/Unreal Projects/FelineFour/CatNap/Plugins/EMUQuests/EMUQuests/Content/Blueprints/Rachel_QuestGiver.uasset" 572
"C:/Users/rgowell/Documents/Unreal Projects/FelineFour/CatNap/Plugins/EMUQuests/EMUQuests/Content/Blueprints/Rachel_QuestGiver.uexp" 573
"C:/Users/rgowell/Documents/Unreal Projects/FelineFour/CatNap/Content/Animations/Mia/M_Mia_Body.uasset" 574
"C:/Users/rgowell/Documents/Unreal Projects/FelineFour/CatNap/Content/Animations/Mia/M_Mia_Body.uexp" 575
"C:/Users/rgowell/Documents/Unreal Projects/FelineFour/CatNap/Content/Animations/Mia/Mia_T-Pose_Skeleton.uasset" 576
"C:/Users/rgowell/Documents/Unreal Projects/FelineFour/CatNap/Content/Animations/Mia/Mia_T-Pose_Skeleton.uexp" 577
"C:/Users/rgowell/Documents/Unreal Projects/FelineFour/CatNap/Content/Animations/Mia/Mia_T-Pose_PhysicsAsset.uasset" 578
"C:/Users/rgowell/Documents/Unreal Projects/FelineFour/CatNap/Content/Animations/Mia/Mia_T-Pose_PhysicsAsset.uexp" 579
"C:/Users/rgowell/Documents/Unreal Projects/FelineFour/CatNap/Content/Animations/Mia/Mia_T-Pose.uasset" 580
"C:/Users/rgowell/Documents/Unreal Projects/FelineFour/CatNap/Content/Animations/Mia/Mia_T-Pose.uexp" 581
"C:/Users/rgowell/Documents/Unreal Projects/FelineFour/CatNap/Content/Characters/OurCharacterModels/Mia/Mia_Tex.ubulk" 582
"C:/Users/rgowell/Documents/Unreal Projects/FelineFour/CatNap/Content/Characters/OurCharacterModels/Mia/Mia_Tex.uasset" 583
"C:/Users/rgowell/Documents/Unreal Projects/FelineFour/CatNap/Content/Characters/OurCharacterModels/Mia/Mia_Tex.uexp" 584
"C:/Users/rgowell/Documents/Unreal Projects/FelineFour/CatNap/Content/Characters/OurCharacterModels/Mia/Mia_Tex_Mat.uasset" 585
"C:/Users/rgowell/Documents/Unreal Projects/FelineFour/CatNap/Content/Characters/OurCharacterModels/Mia/Mia_Tex_Mat.uexp" 586
"C:/Users/rgowell/Documents/Unreal Projects/FelineFour/CatNap/Plugins/EMUQuests/EMUQuests/Content/Blueprints/Mia_QuestGiver.uasset" 587
"C:/Users/rgowell/Documents/Unreal Projects/FelineFour/CatNap/Plugins/EMUQuests/EMUQuests/Content/Blueprints/Mia_QuestGiver.uexp" 588
"C:/Users/rgowell/Documents/Unreal Projects/FelineFour/CatNap/Content/Audio/cat-purr-33835.ubulk" 589
"C:/Users/rgowell/Documents/Unreal Projects/FelineFour/CatNap/Content/Audio/cat-purr-33835.uasset" 590
"C:/Users/rgowell/Documents/Unreal Projects/FelineFour/CatNap/Content/Audio/cat-purr-33835.uexp" 591
"C:/Users/rgowell/Documents/Unreal Projects/FelineFour/CatNap/Content/Audio/cat-meowing-cute-various-26489.ubulk" 592
"C:/Users/rgowell/Documents/Unreal Projects/FelineFour/CatNap/Content/Audio/cat-meowing-cute-various-26489.uasset" 593
"C:/Users/rgowell/Documents/Unreal Projects/FelineFour/CatNap/Content/Audio/cat-meowing-cute-various-26489.uexp" 594
"../../../Engine/Plugins/VirtualProduction/CameraCalibrationCore/Content/Materials/M_DefaultOddSquare.uasset" 595
"../../../Engine/Plugins/VirtualProduction/CameraCalibrationCore/Content/Materials/M_DefaultOddSquare.uexp" 596
"../../../Engine/Plugins/VirtualProduction/CameraCalibrationCore/Content/Materials/M_DefaultEvenSquare.uasset" 597
"../../../Engine/Plugins/VirtualProduction/CameraCalibrationCore/Content/Materials/M_DefaultEvenSquare.uexp" 598
"../../../Engine/Plugins/Runtime/HairStrands/Content/Materials/HairMeshesDefaultMaterial.uasset" 599
"../../../Engine/Plugins/Runtime/HairStrands/Content/Materials/HairMeshesDefaultMaterial.uexp" 600
"../../../Engine/Plugins/Runtime/HairStrands/Content/Materials/HairDefaultMaterial.uasset" 601
"../../../Engine/Plugins/Runtime/HairStrands/Content/Materials/HairDefaultMaterial.uexp" 602
"../../../Engine/Content/Functions/Engine_MaterialFunctions02/Utility/MakeFloat2.uasset" 603
"../../../Engine/Content/Functions/Engine_MaterialFunctions02/Utility/MakeFloat2.uexp" 604
"../../../Engine/Content/Functions/Engine_MaterialFunctions02/Utility/MakeFloat3.uasset" 605
"../../../Engine/Content/Functions/Engine_MaterialFunctions02/Utility/MakeFloat3.uexp" 606
"../../../Engine/Content/EngineMaterials/HairDebugColor.uasset" 607
"../../../Engine/Content/EngineMaterials/HairDebugColor.uexp" 608
"../../../Engine/Content/EngineMaterials/HairColorMap.uasset" 609
"../../../Engine/Content/EngineMaterials/HairColorMap.uexp" 610
"../../../Engine/Plugins/Runtime/HairStrands/Content/Materials/HairGroupColors.uasset" 611
"../../../Engine/Plugins/Runtime/HairStrands/Content/Materials/HairGroupColors.uexp" 612
"../../../Engine/Plugins/Runtime/HairStrands/Content/Materials/HairDebugMaterial.uasset" 613
"../../../Engine/Plugins/Runtime/HairStrands/Content/Materials/HairDebugMaterial.uexp" 614
"../../../Engine/Plugins/Runtime/HairStrands/Content/Materials/HairCardsDefaultMaterial.uasset" 615
"../../../Engine/Plugins/Runtime/HairStrands/Content/Materials/HairCardsDefaultMaterial.uexp" 616
"../../../Engine/Plugins/Runtime/AudioWidgets/Content/Resources/ScrubHandleDown_Clamped.uasset" 617
"../../../Engine/Plugins/Runtime/AudioWidgets/Content/Resources/ScrubHandleDown_Clamped.uexp" 618
"../../../Engine/Plugins/Interchange/Assets/Content/Functions/MX_UsdPreviewSurface.uasset" 619
"../../../Engine/Plugins/Interchange/Assets/Content/Functions/MX_UsdPreviewSurface.uexp" 620
"../../../Engine/Plugins/Interchange/Assets/Content/Functions/MX_UniformEDF.uasset" 621
"../../../Engine/Plugins/Interchange/Assets/Content/Functions/MX_UniformEDF.uexp" 622
"../../../Engine/Plugins/Interchange/Assets/Content/Functions/MX_TranslucentBSDF.uasset" 623
"../../../Engine/Plugins/Interchange/Assets/Content/Functions/MX_TranslucentBSDF.uexp" 624
"../../../Engine/Plugins/Interchange/Assets/Content/Functions/MX_ThinFilmBSDF.uasset" 625
"../../../Engine/Plugins/Interchange/Assets/Content/Functions/MX_ThinFilmBSDF.uexp" 626
"../../../Engine/Plugins/Interchange/Assets/Content/Functions/MX_SurfaceUnlit.uasset" 627
"../../../Engine/Plugins/Interchange/Assets/Content/Functions/MX_SurfaceUnlit.uexp" 628
"../../../Engine/Plugins/Interchange/Assets/Content/Functions/MX_Surface.uasset" 629
"../../../Engine/Plugins/Interchange/Assets/Content/Functions/MX_Surface.uexp" 630
"../../../Engine/Plugins/Interchange/Assets/Content/Functions/MX_SubsurfaceBSDF.uasset" 631
"../../../Engine/Plugins/Interchange/Assets/Content/Functions/MX_SubsurfaceBSDF.uexp" 632
"../../../Engine/Plugins/Interchange/Assets/Content/Functions/MX_SheenBSDF.uasset" 633
"../../../Engine/Plugins/Interchange/Assets/Content/Functions/MX_SheenBSDF.uexp" 634
"../../../Engine/Plugins/Interchange/Assets/Content/Functions/MX_OrenNayarBSDF.uasset" 635
"../../../Engine/Plugins/Interchange/Assets/Content/Functions/MX_OrenNayarBSDF.uexp" 636
"../../../Engine/Plugins/Interchange/Assets/Content/Functions/MF_IridescenceNoLUT.uasset" 637
"../../../Engine/Plugins/Interchange/Assets/Content/Functions/MF_IridescenceNoLUT.uexp" 638
"../../../Engine/Plugins/Interchange/Assets/Content/Functions/MX_StandardSurface.uasset" 639
"../../../Engine/Plugins/Interchange/Assets/Content/Functions/MX_StandardSurface.uexp" 640
"../../../Engine/Plugins/Interchange/Assets/Content/Functions/MX_TransmissionSurface.uasset" 641
"../../../Engine/Plugins/Interchange/Assets/Content/Functions/MX_TransmissionSurface.uexp" 642
"../../../Engine/Plugins/Interchange/Assets/Content/Functions/MX_OpenPBR_Translucent.uasset" 643
"../../../Engine/Plugins/Interchange/Assets/Content/Functions/MX_OpenPBR_Translucent.uexp" 644
"../../../Engine/Plugins/Interchange/Assets/Content/Functions/MX_OpenPBR_Opaque.uasset" 645
"../../../Engine/Plugins/Interchange/Assets/Content/Functions/MX_OpenPBR_Opaque.uexp" 646
"../../../Engine/Plugins/Interchange/Assets/Content/Functions/MX_MeasuredEDF.uasset" 647
"../../../Engine/Plugins/Interchange/Assets/Content/Functions/MX_MeasuredEDF.uexp" 648
"../../../Engine/Plugins/Interchange/Assets/Content/Functions/MX_GeneralizedSchlickBSDF.uasset" 649
"../../../Engine/Plugins/Interchange/Assets/Content/Functions/MX_GeneralizedSchlickBSDF.uexp" 650
"../../../Engine/Plugins/Interchange/Assets/Content/Functions/MX_Displacement.uasset" 651
"../../../Engine/Plugins/Interchange/Assets/Content/Functions/MX_Displacement.uexp" 652
"../../../Engine/Plugins/Interchange/Assets/Content/Functions/MX_DielectricBSDF.uasset" 653
"../../../Engine/Plugins/Interchange/Assets/Content/Functions/MX_DielectricBSDF.uexp" 654
"../../../Engine/Plugins/Interchange/Assets/Content/Functions/MX_ConicalEDF.uasset" 655
"../../../Engine/Plugins/Interchange/Assets/Content/Functions/MX_ConicalEDF.uexp" 656
"../../../Engine/Plugins/Interchange/Assets/Content/Functions/MX_ConductorBSDF.uasset" 657
"../../../Engine/Plugins/Interchange/Assets/Content/Functions/MX_ConductorBSDF.uexp" 658
"../../../Engine/Plugins/Interchange/Assets/Content/Functions/MX_BurleyDiffuseBSDF.uasset" 659
"../../../Engine/Plugins/Interchange/Assets/Content/Functions/MX_BurleyDiffuseBSDF.uexp" 660
"../../../Engine/Plugins/Interchange/Assets/Content/Functions/MX_AnisotropicVDF.uasset" 661
"../../../Engine/Plugins/Interchange/Assets/Content/Functions/MX_AnisotropicVDF.uexp" 662
"../../../Engine/Plugins/Interchange/Assets/Content/Functions/MX_AbsorptionVDF.uasset" 663
"../../../Engine/Plugins/Interchange/Assets/Content/Functions/MX_AbsorptionVDF.uexp" 664
"../../../Engine/Content/Functions/Engine_MaterialFunctions02/Utility/VectorLength.uasset" 665
"../../../Engine/Content/Functions/Engine_MaterialFunctions02/Utility/VectorLength.uexp" 666
"../../../Engine/Content/Functions/Engine_MaterialFunctions02/Utility/BreakOutFloat3Components.uasset" 667
"../../../Engine/Content/Functions/Engine_MaterialFunctions02/Utility/BreakOutFloat3Components.uexp" 668
"../../../Engine/Content/Functions/Engine_MaterialFunctions02/WorldPositionOffset/ObjectScale.uasset" 669
"../../../Engine/Content/Functions/Engine_MaterialFunctions02/WorldPositionOffset/ObjectScale.uexp" 670
"../../../Engine/Content/Functions/Engine_MaterialFunctions02/SafeNormalize.uasset" 671
"../../../Engine/Content/Functions/Engine_MaterialFunctions02/SafeNormalize.uexp" 672
"../../../Engine/Plugins/Editor/SpeedTreeImporter/Content/SpeedTree9/UnpackInteger3.uasset" 673
"../../../Engine/Plugins/Editor/SpeedTreeImporter/Content/SpeedTree9/UnpackInteger3.uexp" 674
"../../../Engine/Plugins/Editor/SpeedTreeImporter/Content/SpeedTree9/UnpackDirection.uasset" 675
"../../../Engine/Plugins/Editor/SpeedTreeImporter/Content/SpeedTree9/UnpackDirection.uexp" 676
"../../../Engine/Plugins/Editor/SpeedTreeImporter/Content/SpeedTree9/game_wind_noise.ubulk" 677
"../../../Engine/Plugins/Editor/SpeedTreeImporter/Content/SpeedTree9/game_wind_noise.uasset" 678
"../../../Engine/Plugins/Editor/SpeedTreeImporter/Content/SpeedTree9/game_wind_noise.uexp" 679
"../../../Engine/Plugins/Editor/SpeedTreeImporter/Content/SpeedTree9/SpeedTreeWindMotion.uasset" 680
"../../../Engine/Plugins/Editor/SpeedTreeImporter/Content/SpeedTree9/SpeedTreeWindMotion.uexp" 681
"../../../Engine/Plugins/Editor/SpeedTreeImporter/Content/SpeedTree9/SpeedTreeBranchMotion.uasset" 682
"../../../Engine/Plugins/Editor/SpeedTreeImporter/Content/SpeedTree9/SpeedTreeBranchMotion.uexp" 683
"../../../Engine/Content/Functions/Engine_MaterialFunctions02/ObjectLocalBounds.uasset" 684
"../../../Engine/Content/Functions/Engine_MaterialFunctions02/ObjectLocalBounds.uexp" 685
"../../../Engine/Content/Functions/Engine_MaterialFunctions02/UVs/BoundingBoxBased_0-1_UVW.uasset" 686
"../../../Engine/Content/Functions/Engine_MaterialFunctions02/UVs/BoundingBoxBased_0-1_UVW.uexp" 687
"../../../Engine/Plugins/Editor/SpeedTreeImporter/Content/SpeedTree9/SpeedTreeWind.uasset" 688
"../../../Engine/Plugins/Editor/SpeedTreeImporter/Content/SpeedTree9/SpeedTreeWind.uexp" 689
"../../../Engine/Plugins/Editor/SpeedTreeImporter/Content/SpeedTree9/SpeedTreeCameraFacing.uasset" 690
"../../../Engine/Plugins/Editor/SpeedTreeImporter/Content/SpeedTree9/SpeedTreeCameraFacing.uexp" 691
"../../../Engine/Plugins/Editor/SpeedTreeImporter/Content/SpeedTree9/EmptyNormal.uasset" 692
"../../../Engine/Plugins/Editor/SpeedTreeImporter/Content/SpeedTree9/EmptyNormal.uexp" 693
"../../../Engine/Plugins/Editor/SpeedTreeImporter/Content/SpeedTree9/Empty.uasset" 694
"../../../Engine/Plugins/Editor/SpeedTreeImporter/Content/SpeedTree9/Empty.uexp" 695
"../../../Engine/Plugins/Editor/SpeedTreeImporter/Content/SpeedTree9/SpeedTreeMaster.uasset" 696
"../../../Engine/Plugins/Editor/SpeedTreeImporter/Content/SpeedTree9/SpeedTreeMaster.uexp" 697
"../../../Engine/Plugins/Editor/SpeedTreeImporter/Content/SpeedTree9/SpeedTreeBillboard.uasset" 698
"../../../Engine/Plugins/Editor/SpeedTreeImporter/Content/SpeedTree9/SpeedTreeBillboard.uexp" 699
"../../../Engine/Plugins/Editor/SpeedTreeImporter/Content/SpeedTree9/SpeedTreeBillboardMaster.uasset" 700
"../../../Engine/Plugins/Editor/SpeedTreeImporter/Content/SpeedTree9/SpeedTreeBillboardMaster.uexp" 701
"../../../Engine/Content/EditorMaterials/ParticleSystems/PSysThumbnail_OOD.ubulk" 702
"../../../Engine/Content/EditorMaterials/ParticleSystems/PSysThumbnail_OOD.uasset" 703
"../../../Engine/Content/EditorMaterials/ParticleSystems/PSysThumbnail_OOD.uexp" 704
"../../../Engine/Content/EditorMaterials/ParticleSystems/PSysThumbnail_NoImage.ubulk" 705
"../../../Engine/Content/EditorMaterials/ParticleSystems/PSysThumbnail_NoImage.uasset" 706
"../../../Engine/Content/EditorMaterials/ParticleSystems/PSysThumbnail_NoImage.uexp" 707
"../../../Engine/Content/EditorMaterials/Dataflow/DataflowVertexMaterial.uasset" 708
"../../../Engine/Content/EditorMaterials/Dataflow/DataflowVertexMaterial.uexp" 709
"../../../Engine/Content/EditorMaterials/Dataflow/DataflowTwoSidedVertexMaterial.uasset" 710
"../../../Engine/Content/EditorMaterials/Dataflow/DataflowTwoSidedVertexMaterial.uexp" 711
"../../../Engine/Content/EngineSky/VolumetricClouds/VT_PerlinWorley_Balanced.uasset" 712
"../../../Engine/Content/EngineSky/VolumetricClouds/VT_PerlinWorley_Balanced.uexp" 713
"../../../Engine/Content/EngineSky/VolumetricClouds/T_Profile_08.ubulk" 714
"../../../Engine/Content/EngineSky/VolumetricClouds/T_Profile_08.uasset" 715
"../../../Engine/Content/EngineSky/VolumetricClouds/T_Profile_08.uexp" 716
"../../../Engine/Content/EngineSky/VolumetricClouds/T_CloudPattern.ubulk" 717
"../../../Engine/Content/EngineSky/VolumetricClouds/T_CloudPattern.uasset" 718
"../../../Engine/Content/EngineSky/VolumetricClouds/T_CloudPattern.uexp" 719
"../../../Engine/Content/EngineSky/VolumetricClouds/T_CloudMask.ubulk" 720
"../../../Engine/Content/EngineSky/VolumetricClouds/T_CloudMask.uasset" 721
"../../../Engine/Content/EngineSky/VolumetricClouds/T_CloudMask.uexp" 722
"../../../Engine/Content/Functions/Engine_MaterialFunctions02/Utility/BreakOutFloat4Components.uasset" 723
"../../../Engine/Content/Functions/Engine_MaterialFunctions02/Utility/BreakOutFloat4Components.uexp" 724
"../../../Engine/Content/Functions/Engine_MaterialFunctions02/Utility/MakeFloat4.uasset" 725
"../../../Engine/Content/Functions/Engine_MaterialFunctions02/Utility/MakeFloat4.uexp" 726
"../../../Engine/Content/EngineResources/DefaultVolumeTexture2D.uasset" 727
"../../../Engine/Content/EngineResources/DefaultVolumeTexture2D.uexp" 728
"../../../Engine/Content/EngineResources/DefaultVolumeTexture.uasset" 729
"../../../Engine/Content/EngineResources/DefaultVolumeTexture.uexp" 730
"../../../Engine/Content/EngineSky/VolumetricClouds/VT_Lightning.uasset" 731
"../../../Engine/Content/EngineSky/VolumetricClouds/VT_Lightning.uexp" 732
"../../../Engine/Content/Functions/Engine_MaterialFunctions01/Units/Km-to-Cm.uasset" 733
"../../../Engine/Content/Functions/Engine_MaterialFunctions01/Units/Km-to-Cm.uexp" 734
"../../../Engine/Content/EngineSky/VolumetricClouds/m_SimpleVolumetricCloud.uasset" 735
"../../../Engine/Content/EngineSky/VolumetricClouds/m_SimpleVolumetricCloud.uexp" 736
"../../../Engine/Content/EngineSky/VolumetricClouds/m_SimpleVolumetricCloud_Inst.uasset" 737
"../../../Engine/Content/EngineSky/VolumetricClouds/m_SimpleVolumetricCloud_Inst.uexp" 738
"../../../Engine/Content/EngineResources/FilmGrains/Marcie_Grain_v3_128_M2_000.uasset" 739
"../../../Engine/Content/EngineResources/FilmGrains/Marcie_Grain_v3_128_M2_000.uexp" 740
"../../../Engine/Content/EngineResources/Development/ZenLogo_64.uasset" 741
"../../../Engine/Content/EngineResources/Development/ZenLogo_64.uexp" 742
"../../../Engine/Content/EngineMaterials/LTC/Sheen_LTC.uasset" 743
"../../../Engine/Content/EngineMaterials/LTC/Sheen_LTC.uexp" 744
"../../../Engine/Content/EngineMaterials/LTC/GGX_LTCMat.uasset" 745
"../../../Engine/Content/EngineMaterials/LTC/GGX_LTCMat.uexp" 746
"../../../Engine/Content/EngineMaterials/LTC/GGX_LTCAmp.uasset" 747
"../../../Engine/Content/EngineMaterials/LTC/GGX_LTCAmp.uexp" 748
"../../../Engine/Content/EngineMaterials/EnergyConservation/Sheen_Energy.uasset" 749
"../../../Engine/Content/EngineMaterials/EnergyConservation/Sheen_Energy.uexp" 750
"../../../Engine/Content/EngineMaterials/EnergyConservation/SheenLegacy_Energy.uasset" 751
"../../../Engine/Content/EngineMaterials/EnergyConservation/SheenLegacy_Energy.uexp" 752
"../../../Engine/Content/EngineMaterials/EnergyConservation/GGX_TransmissionEnergyArray.uasset" 753
"../../../Engine/Content/EngineMaterials/EnergyConservation/GGX_TransmissionEnergyArray.uexp" 754
"../../../Engine/Content/EngineMaterials/EnergyConservation/GGX_ReflectionEnergy.uasset" 755
"../../../Engine/Content/EngineMaterials/EnergyConservation/GGX_ReflectionEnergy.uexp" 756
"../../../Engine/Content/EngineMaterials/EnergyConservation/Diffuse_Energy.uasset" 757
"../../../Engine/Content/EngineMaterials/EnergyConservation/Diffuse_Energy.uexp" 758
"../../../Engine/Content/EditorResources/SequenceRecorder/RecordingIndicator.uasset" 759
"../../../Engine/Content/EditorResources/SequenceRecorder/RecordingIndicator.uexp" 760
"../../../Engine/Content/EditorResources/SequenceRecorder/Countdown.uasset" 761
"../../../Engine/Content/EditorResources/SequenceRecorder/Countdown.uexp" 762
"../../../Engine/Content/EditorMaterials/Camera/CineMat.uasset" 763
"../../../Engine/Content/EditorMaterials/Camera/CineMat.uexp" 764
"../../../Engine/Content/EditorMaterials/Camera/MI_CineMat_Rig.uasset" 765
"../../../Engine/Content/EditorMaterials/Camera/MI_CineMat_Rig.uexp" 766
"../../../Engine/Content/EditorMeshes/Camera/SM_RailRig_Track.ubulk" 767
"../../../Engine/Content/EditorMeshes/Camera/SM_RailRig_Track.uasset" 768
"../../../Engine/Content/EditorMeshes/Camera/SM_RailRig_Track.uexp" 769
"../../../Engine/Content/EditorMeshes/Camera/SM_RailRig_Mount.ubulk" 770
"../../../Engine/Content/EditorMeshes/Camera/SM_RailRig_Mount.uasset" 771
"../../../Engine/Content/EditorMeshes/Camera/SM_RailRig_Mount.uexp" 772
"../../../Engine/Content/EditorMeshes/Camera/SM_CraneRig_Mount.ubulk" 773
"../../../Engine/Content/EditorMeshes/Camera/SM_CraneRig_Mount.uasset" 774
"../../../Engine/Content/EditorMeshes/Camera/SM_CraneRig_Mount.uexp" 775
"../../../Engine/Content/EditorMeshes/Camera/SM_CraneRig_Body.ubulk" 776
"../../../Engine/Content/EditorMeshes/Camera/SM_CraneRig_Body.uasset" 777
"../../../Engine/Content/EditorMeshes/Camera/SM_CraneRig_Body.uexp" 778
"../../../Engine/Content/EditorMeshes/Camera/SM_CraneRig_Base.ubulk" 779
"../../../Engine/Content/EditorMeshes/Camera/SM_CraneRig_Base.uasset" 780
"../../../Engine/Content/EditorMeshes/Camera/SM_CraneRig_Base.uexp" 781
"../../../Engine/Content/EditorMeshes/Camera/SM_CraneRig_Arm.ubulk" 782
"../../../Engine/Content/EditorMeshes/Camera/SM_CraneRig_Arm.uasset" 783
"../../../Engine/Content/EditorMeshes/Camera/SM_CraneRig_Arm.uexp" 784
"../../../Engine/Content/Functions/Engine_MaterialFunctions01/Gradient/LinearGradient.uasset" 785
"../../../Engine/Content/Functions/Engine_MaterialFunctions01/Gradient/LinearGradient.uexp" 786
"../../../Engine/Content/Functions/Engine_MaterialFunctions01/ImageAdjustment/CheapContrast.uasset" 787
"../../../Engine/Content/Functions/Engine_MaterialFunctions01/ImageAdjustment/CheapContrast.uexp" 788
"C:/Users/rgowell/Documents/Unreal Projects/FelineFour/CatNap/Content/LevelPrototyping/Textures/T_GridChecker_A.ubulk" 789
"C:/Users/rgowell/Documents/Unreal Projects/FelineFour/CatNap/Content/LevelPrototyping/Textures/T_GridChecker_A.uasset" 790
"C:/Users/rgowell/Documents/Unreal Projects/FelineFour/CatNap/Content/LevelPrototyping/Textures/T_GridChecker_A.uexp" 791
"C:/Users/rgowell/Documents/Unreal Projects/FelineFour/CatNap/Content/LevelPrototyping/Materials/MF_ProcGrid.uasset" 792
"C:/Users/rgowell/Documents/Unreal Projects/FelineFour/CatNap/Content/LevelPrototyping/Materials/MF_ProcGrid.uexp" 793
"C:/Users/rgowell/Documents/Unreal Projects/FelineFour/CatNap/Content/LevelPrototyping/Materials/M_PrototypeGrid.uasset" 794
"C:/Users/rgowell/Documents/Unreal Projects/FelineFour/CatNap/Content/LevelPrototyping/Materials/M_PrototypeGrid.uexp" 795
"C:/Users/rgowell/Documents/Unreal Projects/FelineFour/CatNap/Content/LevelPrototyping/Materials/MI_PrototypeGrid_Gray.uasset" 796
"C:/Users/rgowell/Documents/Unreal Projects/FelineFour/CatNap/Content/LevelPrototyping/Materials/MI_PrototypeGrid_Gray.uexp" 797
"C:/Users/rgowell/Documents/Unreal Projects/FelineFour/CatNap/Content/LevelPrototyping/Meshes/SM_Ramp.ubulk" 798
"C:/Users/rgowell/Documents/Unreal Projects/FelineFour/CatNap/Content/LevelPrototyping/Meshes/SM_Ramp.uasset" 799
"C:/Users/rgowell/Documents/Unreal Projects/FelineFour/CatNap/Content/LevelPrototyping/Meshes/SM_Ramp.uexp" 800
"C:/Users/rgowell/Documents/Unreal Projects/FelineFour/CatNap/Content/LevelPrototyping/Meshes/SM_QuarterCylinder.ubulk" 801
"C:/Users/rgowell/Documents/Unreal Projects/FelineFour/CatNap/Content/LevelPrototyping/Meshes/SM_QuarterCylinder.uasset" 802
"C:/Users/rgowell/Documents/Unreal Projects/FelineFour/CatNap/Content/LevelPrototyping/Meshes/SM_QuarterCylinder.uexp" 803
"C:/Users/rgowell/Documents/Unreal Projects/FelineFour/CatNap/Content/LevelPrototyping/Meshes/SM_Cylinder.ubulk" 804
"C:/Users/rgowell/Documents/Unreal Projects/FelineFour/CatNap/Content/LevelPrototyping/Meshes/SM_Cylinder.uasset" 805
"C:/Users/rgowell/Documents/Unreal Projects/FelineFour/CatNap/Content/LevelPrototyping/Meshes/SM_Cylinder.uexp" 806
"C:/Users/rgowell/Documents/Unreal Projects/FelineFour/CatNap/Content/LevelPrototyping/Meshes/SM_Cube.ubulk" 807
"C:/Users/rgowell/Documents/Unreal Projects/FelineFour/CatNap/Content/LevelPrototyping/Meshes/SM_Cube.uasset" 808
"C:/Users/rgowell/Documents/Unreal Projects/FelineFour/CatNap/Content/LevelPrototyping/Meshes/SM_Cube.uexp" 809
"C:/Users/rgowell/Documents/Unreal Projects/FelineFour/CatNap/Content/DEMOFlowerpack/Textures/T_DEMOAtlas_Flowerpack.uasset" 810
"C:/Users/rgowell/Documents/Unreal Projects/FelineFour/CatNap/Content/DEMOFlowerpack/Textures/T_DEMOAtlas_Flowerpack.uexp" 811
"C:/Users/rgowell/Documents/Unreal Projects/FelineFour/CatNap/Content/DEMOFlowerpack/Material/M_DEMOFlowerpack_Atlas.uasset" 812
"C:/Users/rgowell/Documents/Unreal Projects/FelineFour/CatNap/Content/DEMOFlowerpack/Material/M_DEMOFlowerpack_Atlas.uexp" 813
"C:/Users/rgowell/Documents/Unreal Projects/FelineFour/CatNap/Content/DEMOFlowerpack/StaticMesh/SM_Rose_Red_Open.ubulk" 814
"C:/Users/rgowell/Documents/Unreal Projects/FelineFour/CatNap/Content/DEMOFlowerpack/StaticMesh/SM_Rose_Red_Open.uasset" 815
"C:/Users/rgowell/Documents/Unreal Projects/FelineFour/CatNap/Content/DEMOFlowerpack/StaticMesh/SM_Rose_Red_Open.uexp" 816
"C:/Users/rgowell/Documents/Unreal Projects/FelineFour/CatNap/Content/DEMOFlowerpack/StaticMesh/SM_Rose_Black_Open.ubulk" 817
"C:/Users/rgowell/Documents/Unreal Projects/FelineFour/CatNap/Content/DEMOFlowerpack/StaticMesh/SM_Rose_Black_Open.uasset" 818
"C:/Users/rgowell/Documents/Unreal Projects/FelineFour/CatNap/Content/DEMOFlowerpack/StaticMesh/SM_Rose_Black_Open.uexp" 819
"C:/Users/rgowell/Documents/Unreal Projects/FelineFour/CatNap/Content/DEMOFlowerpack/StaticMesh/SM_Hyacinth_PastellBlue_Big.ubulk" 820
"C:/Users/rgowell/Documents/Unreal Projects/FelineFour/CatNap/Content/DEMOFlowerpack/StaticMesh/SM_Hyacinth_PastellBlue_Big.uasset" 821
"C:/Users/rgowell/Documents/Unreal Projects/FelineFour/CatNap/Content/DEMOFlowerpack/StaticMesh/SM_Hyacinth_PastellBlue_Big.uexp" 822
"C:/Users/rgowell/Documents/Unreal Projects/FelineFour/CatNap/Content/DEMOFlowerpack/StaticMesh/SM_Dandelion_Small.ubulk" 823
"C:/Users/rgowell/Documents/Unreal Projects/FelineFour/CatNap/Content/DEMOFlowerpack/StaticMesh/SM_Dandelion_Small.uasset" 824
"C:/Users/rgowell/Documents/Unreal Projects/FelineFour/CatNap/Content/DEMOFlowerpack/StaticMesh/SM_Dandelion_Small.uexp" 825
"C:/Users/rgowell/Documents/Unreal Projects/FelineFour/CatNap/Content/DEMOFlowerpack/StaticMesh/SM_Daisy_Single.ubulk" 826
"C:/Users/rgowell/Documents/Unreal Projects/FelineFour/CatNap/Content/DEMOFlowerpack/StaticMesh/SM_Daisy_Single.uasset" 827
"C:/Users/rgowell/Documents/Unreal Projects/FelineFour/CatNap/Content/DEMOFlowerpack/StaticMesh/SM_Daisy_Single.uexp" 828
"C:/Users/rgowell/Documents/Unreal Projects/FelineFour/CatNap/Content/Characters/House_Models/well1.ubulk" 829
"C:/Users/rgowell/Documents/Unreal Projects/FelineFour/CatNap/Content/Characters/House_Models/well1.uasset" 830
"C:/Users/rgowell/Documents/Unreal Projects/FelineFour/CatNap/Content/Characters/House_Models/well1.uexp" 831
"C:/Users/rgowell/Documents/Unreal Projects/FelineFour/CatNap/Content/Characters/House_Models/well1_Mat.uasset" 832
"C:/Users/rgowell/Documents/Unreal Projects/FelineFour/CatNap/Content/Characters/House_Models/well1_Mat.uexp" 833
"C:/Users/rgowell/Documents/Unreal Projects/FelineFour/CatNap/Content/Characters/House_Models/Well.uasset" 834
"C:/Users/rgowell/Documents/Unreal Projects/FelineFour/CatNap/Content/Characters/House_Models/Well.uexp" 835
"C:/Users/rgowell/Documents/Unreal Projects/FelineFour/CatNap/Content/Characters/House_Models/Well12.ubulk" 836
"C:/Users/rgowell/Documents/Unreal Projects/FelineFour/CatNap/Content/Characters/House_Models/Well12.uasset" 837
"C:/Users/rgowell/Documents/Unreal Projects/FelineFour/CatNap/Content/Characters/House_Models/Well12.uexp" 838
"C:/Users/rgowell/Documents/Unreal Projects/FelineFour/CatNap/Content/Characters/House_Models/Purp_House.ubulk" 839
"C:/Users/rgowell/Documents/Unreal Projects/FelineFour/CatNap/Content/Characters/House_Models/Purp_House.uasset" 840
"C:/Users/rgowell/Documents/Unreal Projects/FelineFour/CatNap/Content/Characters/House_Models/Purp_House.uexp" 841
"C:/Users/rgowell/Documents/Unreal Projects/FelineFour/CatNap/Content/Characters/House_Models/Purp_House_Mat.uasset" 842
"C:/Users/rgowell/Documents/Unreal Projects/FelineFour/CatNap/Content/Characters/House_Models/Purp_House_Mat.uexp" 843
"C:/Users/rgowell/Documents/Unreal Projects/FelineFour/CatNap/Content/Characters/House_Models/Pink_House.ubulk" 844
"C:/Users/rgowell/Documents/Unreal Projects/FelineFour/CatNap/Content/Characters/House_Models/Pink_House.uasset" 845
"C:/Users/rgowell/Documents/Unreal Projects/FelineFour/CatNap/Content/Characters/House_Models/Pink_House.uexp" 846
"C:/Users/rgowell/Documents/Unreal Projects/FelineFour/CatNap/Content/Characters/House_Models/Pink_House_Mat.uasset" 847
"C:/Users/rgowell/Documents/Unreal Projects/FelineFour/CatNap/Content/Characters/House_Models/Pink_House_Mat.uexp" 848
"C:/Users/rgowell/Documents/Unreal Projects/FelineFour/CatNap/Content/Characters/House_Models/Green_House.ubulk" 849
"C:/Users/rgowell/Documents/Unreal Projects/FelineFour/CatNap/Content/Characters/House_Models/Green_House.uasset" 850
"C:/Users/rgowell/Documents/Unreal Projects/FelineFour/CatNap/Content/Characters/House_Models/Green_House.uexp" 851
"C:/Users/rgowell/Documents/Unreal Projects/FelineFour/CatNap/Content/Characters/House_Models/Green_House_Mat.uasset" 852
"C:/Users/rgowell/Documents/Unreal Projects/FelineFour/CatNap/Content/Characters/House_Models/Green_House_Mat.uexp" 853
"C:/Users/rgowell/Documents/Unreal Projects/FelineFour/CatNap/Content/Characters/House_Models/Blue_House.ubulk" 854
"C:/Users/rgowell/Documents/Unreal Projects/FelineFour/CatNap/Content/Characters/House_Models/Blue_House.uasset" 855
"C:/Users/rgowell/Documents/Unreal Projects/FelineFour/CatNap/Content/Characters/House_Models/Blue_House.uexp" 856
"C:/Users/rgowell/Documents/Unreal Projects/FelineFour/CatNap/Content/Characters/House_Models/Blue_House_Mat.uasset" 857
"C:/Users/rgowell/Documents/Unreal Projects/FelineFour/CatNap/Content/Characters/House_Models/Blue_House_Mat.uexp" 858
"C:/Users/rgowell/Documents/Unreal Projects/FelineFour/CatNap/Content/Characters/House_Models/blue.uasset" 859
"C:/Users/rgowell/Documents/Unreal Projects/FelineFour/CatNap/Content/Characters/House_Models/blue.uexp" 860
"C:/Users/rgowell/Documents/Unreal Projects/FelineFour/CatNap/Content/Characters/House_Models/BLUE1.ubulk" 861
"C:/Users/rgowell/Documents/Unreal Projects/FelineFour/CatNap/Content/Characters/House_Models/BLUE1.uasset" 862
"C:/Users/rgowell/Documents/Unreal Projects/FelineFour/CatNap/Content/Characters/House_Models/BLUE1.uexp" 863
"C:/Users/rgowell/Documents/Unreal Projects/FelineFour/CatNap/Content/Animations/Trinity/Trinity_Waving_Anim.uasset" 864
"C:/Users/rgowell/Documents/Unreal Projects/FelineFour/CatNap/Content/Animations/Trinity/Trinity_Waving_Anim.uexp" 865
"C:/Users/rgowell/Documents/Unreal Projects/FelineFour/CatNap/Content/Animations/Mia/Mia_Waving_Anim.uasset" 866
"C:/Users/rgowell/Documents/Unreal Projects/FelineFour/CatNap/Content/Animations/Mia/Mia_Waving_Anim.uexp" 867
"../../../Engine/Plugins/Interchange/Assets/Content/gltf/Textures/T_White_srgb.uasset" 868
"../../../Engine/Plugins/Interchange/Assets/Content/gltf/Textures/T_White_srgb.uexp" 869
"../../../Engine/Plugins/Interchange/Assets/Content/gltf/MaterialFunctions/MF_BaseColor.uasset" 870
"../../../Engine/Plugins/Interchange/Assets/Content/gltf/MaterialFunctions/MF_BaseColor.uexp" 871
"../../../Engine/Plugins/Interchange/Assets/Content/gltf/MaterialFunctions/MF_RotateV2.uasset" 872
"../../../Engine/Plugins/Interchange/Assets/Content/gltf/MaterialFunctions/MF_RotateV2.uexp" 873
"../../../Engine/Plugins/Interchange/Assets/Content/gltf/MaterialFunctions/MF_TransformUVs.uasset" 874
"../../../Engine/Plugins/Interchange/Assets/Content/gltf/MaterialFunctions/MF_TransformUVs.uexp" 875
"../../../Engine/Plugins/Interchange/Assets/Content/gltf/MaterialBodies/MF_Unlit_Body.uasset" 876
"../../../Engine/Plugins/Interchange/Assets/Content/gltf/MaterialBodies/MF_Unlit_Body.uexp" 877
"../../../Engine/Plugins/Interchange/Assets/Content/gltf/M_Unlit.uasset" 878
"../../../Engine/Plugins/Interchange/Assets/Content/gltf/M_Unlit.uexp" 879
"../../../Engine/Plugins/Interchange/Assets/Content/gltf/MaterialInstances/MI_Unlit_Opaque_DS.uasset" 880
"../../../Engine/Plugins/Interchange/Assets/Content/gltf/MaterialInstances/MI_Unlit_Opaque_DS.uexp" 881
"../../../Engine/Plugins/Interchange/Assets/Content/gltf/MaterialInstances/MI_Unlit_Opaque.uasset" 882
"../../../Engine/Plugins/Interchange/Assets/Content/gltf/MaterialInstances/MI_Unlit_Opaque.uexp" 883
"../../../Engine/Plugins/Interchange/Assets/Content/gltf/MaterialInstances/MI_Unlit_Mask_DS.uasset" 884
"../../../Engine/Plugins/Interchange/Assets/Content/gltf/MaterialInstances/MI_Unlit_Mask_DS.uexp" 885
"../../../Engine/Plugins/Interchange/Assets/Content/gltf/MaterialInstances/MI_Unlit_Mask.uasset" 886
"../../../Engine/Plugins/Interchange/Assets/Content/gltf/MaterialInstances/MI_Unlit_Mask.uexp" 887
"../../../Engine/Plugins/Interchange/Assets/Content/gltf/MaterialInstances/MI_Unlit_Blend_DS.uasset" 888
"../../../Engine/Plugins/Interchange/Assets/Content/gltf/MaterialInstances/MI_Unlit_Blend_DS.uexp" 889
"../../../Engine/Plugins/Interchange/Assets/Content/gltf/MaterialInstances/MI_Unlit_Blend.uasset" 890
"../../../Engine/Plugins/Interchange/Assets/Content/gltf/MaterialInstances/MI_Unlit_Blend.uexp" 891
"../../../Engine/Content/EngineMaterials/Good64x64TilingNoiseHighFreq.uasset" 892
"../../../Engine/Content/EngineMaterials/Good64x64TilingNoiseHighFreq.uexp" 893
"../../../Engine/Content/Functions/Engine_MaterialFunctions02/Texturing/ScreenAlignedPixelToPixelUVs.uasset" 894
"../../../Engine/Content/Functions/Engine_MaterialFunctions02/Texturing/ScreenAlignedPixelToPixelUVs.uexp" 895
"../../../Engine/Content/Functions/Engine_MaterialFunctions02/Math/Transform3x3Matrix.uasset" 896
"../../../Engine/Content/Functions/Engine_MaterialFunctions02/Math/Transform3x3Matrix.uexp" 897
"../../../Engine/Plugins/Interchange/Assets/Content/Utilities/New_LUT.uasset" 898
"../../../Engine/Plugins/Interchange/Assets/Content/Utilities/New_LUT.uexp" 899
"../../../Engine/Content/Functions/Engine_MaterialFunctions03/Math/RemapValueRange.uasset" 900
"../../../Engine/Content/Functions/Engine_MaterialFunctions03/Math/RemapValueRange.uexp" 901
"../../../Engine/Plugins/Interchange/Assets/Content/Functions/MF_Iridescence.uasset" 902
"../../../Engine/Plugins/Interchange/Assets/Content/Functions/MF_Iridescence.uexp" 903
"../../../Engine/Plugins/Interchange/Assets/Content/gltf/MaterialFunctions/MF_Fresnel_DS.uasset" 904
"../../../Engine/Plugins/Interchange/Assets/Content/gltf/MaterialFunctions/MF_Fresnel_DS.uexp" 905
"../../../Engine/Plugins/Interchange/Assets/Content/gltf/MaterialFunctions/MF_IOR.uasset" 906
"../../../Engine/Plugins/Interchange/Assets/Content/gltf/MaterialFunctions/MF_IOR.uexp" 907
"../../../Engine/Plugins/Interchange/Assets/Content/gltf/MaterialFunctions/MF_Iridescence.uasset" 908
"../../../Engine/Plugins/Interchange/Assets/Content/gltf/MaterialFunctions/MF_Iridescence.uexp" 909
"../../../Engine/Plugins/Interchange/Assets/Content/gltf/Textures/T_White_Linear.uasset" 910
"../../../Engine/Plugins/Interchange/Assets/Content/gltf/Textures/T_White_Linear.uexp" 911
"../../../Engine/Plugins/Interchange/Assets/Content/gltf/MaterialFunctions/MF_MetallicRoughness.uasset" 912
"../../../Engine/Plugins/Interchange/Assets/Content/gltf/MaterialFunctions/MF_MetallicRoughness.uexp" 913
"../../../Engine/Plugins/Interchange/Assets/Content/gltf/MaterialFunctions/MF_RotateNormals_TS.uasset" 914
"../../../Engine/Plugins/Interchange/Assets/Content/gltf/MaterialFunctions/MF_RotateNormals_TS.uexp" 915
"../../../Engine/Plugins/Interchange/Assets/Content/gltf/MaterialFunctions/MF_ScaleNormal.uasset" 916
"../../../Engine/Plugins/Interchange/Assets/Content/gltf/MaterialFunctions/MF_ScaleNormal.uexp" 917
"../../../Engine/Plugins/Interchange/Assets/Content/gltf/Textures/T_Generic_N.uasset" 918
"../../../Engine/Plugins/Interchange/Assets/Content/gltf/Textures/T_Generic_N.uexp" 919
"../../../Engine/Plugins/Interchange/Assets/Content/gltf/MaterialFunctions/MF_Normals.uasset" 920
"../../../Engine/Plugins/Interchange/Assets/Content/gltf/MaterialFunctions/MF_Normals.uexp" 921
"../../../Engine/Plugins/Interchange/Assets/Content/gltf/MaterialFunctions/MF_Occlusion.uasset" 922
"../../../Engine/Plugins/Interchange/Assets/Content/gltf/MaterialFunctions/MF_Occlusion.uexp" 923
"../../../Engine/Plugins/Interchange/Assets/Content/gltf/MaterialFunctions/MF_Specular.uasset" 924
"../../../Engine/Plugins/Interchange/Assets/Content/gltf/MaterialFunctions/MF_Specular.uexp" 925
"../../../Engine/Plugins/Interchange/Assets/Content/gltf/Textures/T_Anisotropy_Direction_Linear.uasset" 926
"../../../Engine/Plugins/Interchange/Assets/Content/gltf/Textures/T_Anisotropy_Direction_Linear.uexp" 927
"../../../Engine/Plugins/Interchange/Assets/Content/gltf/MaterialFunctions/MF_SpecularAnisotropy.uasset" 928
"../../../Engine/Plugins/Interchange/Assets/Content/gltf/MaterialFunctions/MF_SpecularAnisotropy.uexp" 929
"../../../Engine/Plugins/Interchange/Assets/Content/gltf/MaterialFunctions/MF_Temporal_Blur.uasset" 930
"../../../Engine/Plugins/Interchange/Assets/Content/gltf/MaterialFunctions/MF_Temporal_Blur.uexp" 931
"../../../Engine/Plugins/Interchange/Assets/Content/gltf/MaterialFunctions/MF_Transmission.uasset" 932
"../../../Engine/Plugins/Interchange/Assets/Content/gltf/MaterialFunctions/MF_Transmission.uexp" 933
"../../../Engine/Plugins/Interchange/Assets/Content/gltf/MaterialBodies/MF_Transmission_Body.uasset" 934
"../../../Engine/Plugins/Interchange/Assets/Content/gltf/MaterialBodies/MF_Transmission_Body.uexp" 935
"../../../Engine/Plugins/Interchange/Assets/Content/gltf/M_Transmission.uasset" 936
"../../../Engine/Plugins/Interchange/Assets/Content/gltf/M_Transmission.uexp" 937
"../../../Engine/Plugins/Interchange/Assets/Content/gltf/MaterialInstances/MI_Transmission_DS.uasset" 938
"../../../Engine/Plugins/Interchange/Assets/Content/gltf/MaterialInstances/MI_Transmission_DS.uexp" 939
"../../../Engine/Plugins/Interchange/Assets/Content/gltf/MaterialInstances/MI_Transmission.uasset" 940
"../../../Engine/Plugins/Interchange/Assets/Content/gltf/MaterialInstances/MI_Transmission.uexp" 941
"../../../Engine/Content/Functions/Engine_MaterialFunctions02/Math/AddComponents.uasset" 942
"../../../Engine/Content/Functions/Engine_MaterialFunctions02/Math/AddComponents.uexp" 943
"../../../Engine/Plugins/Interchange/Assets/Content/gltf/MaterialFunctions/MF_DiffuseSpecGloss.uasset" 944
"../../../Engine/Plugins/Interchange/Assets/Content/gltf/MaterialFunctions/MF_DiffuseSpecGloss.uexp" 945
"../../../Engine/Plugins/Interchange/Assets/Content/gltf/MaterialFunctions/MF_Emissive.uasset" 946
"../../../Engine/Plugins/Interchange/Assets/Content/gltf/MaterialFunctions/MF_Emissive.uexp" 947
"../../../Engine/Plugins/Interchange/Assets/Content/gltf/MaterialFunctions/MF_MaxComponentValue.uasset" 948
"../../../Engine/Plugins/Interchange/Assets/Content/gltf/MaterialFunctions/MF_MaxComponentValue.uexp" 949
"../../../Engine/Plugins/Interchange/Assets/Content/gltf/MaterialFunctions/MF_PerceivedBrightness.uasset" 950
"../../../Engine/Plugins/Interchange/Assets/Content/gltf/MaterialFunctions/MF_PerceivedBrightness.uexp" 951
"../../../Engine/Plugins/Interchange/Assets/Content/gltf/MaterialFunctions/MF_SpecGlossToMetalRoughness.uasset" 952
"../../../Engine/Plugins/Interchange/Assets/Content/gltf/MaterialFunctions/MF_SpecGlossToMetalRoughness.uexp" 953
"../../../Engine/Plugins/Interchange/Assets/Content/gltf/MaterialBodies/MF_SpecularGlossiness_Body.uasset" 954
"../../../Engine/Plugins/Interchange/Assets/Content/gltf/MaterialBodies/MF_SpecularGlossiness_Body.uexp" 955
"../../../Engine/Plugins/Interchange/Assets/Content/gltf/M_SpecularGlossiness.uasset" 956
"../../../Engine/Plugins/Interchange/Assets/Content/gltf/M_SpecularGlossiness.uexp" 957
"../../../Engine/Plugins/Interchange/Assets/Content/gltf/MaterialInstances/MI_SpecularGlossiness_Opaque_DS.uasset" 958
"../../../Engine/Plugins/Interchange/Assets/Content/gltf/MaterialInstances/MI_SpecularGlossiness_Opaque_DS.uexp" 959
"../../../Engine/Plugins/Interchange/Assets/Content/gltf/MaterialInstances/MI_SpecularGlossiness_Opaque.uasset" 960
"../../../Engine/Plugins/Interchange/Assets/Content/gltf/MaterialInstances/MI_SpecularGlossiness_Opaque.uexp" 961
"../../../Engine/Plugins/Interchange/Assets/Content/gltf/MaterialInstances/MI_SpecularGlossiness_Mask_DS.uasset" 962
"../../../Engine/Plugins/Interchange/Assets/Content/gltf/MaterialInstances/MI_SpecularGlossiness_Mask_DS.uexp" 963
"../../../Engine/Plugins/Interchange/Assets/Content/gltf/MaterialInstances/MI_SpecularGlossiness_Mask.uasset" 964
"../../../Engine/Plugins/Interchange/Assets/Content/gltf/MaterialInstances/MI_SpecularGlossiness_Mask.uexp" 965
"../../../Engine/Plugins/Interchange/Assets/Content/gltf/MaterialInstances/MI_SpecularGlossiness_Blend_DS.uasset" 966
"../../../Engine/Plugins/Interchange/Assets/Content/gltf/MaterialInstances/MI_SpecularGlossiness_Blend_DS.uexp" 967
"../../../Engine/Plugins/Interchange/Assets/Content/gltf/MaterialInstances/MI_SpecularGlossiness_Blend.uasset" 968
"../../../Engine/Plugins/Interchange/Assets/Content/gltf/MaterialInstances/MI_SpecularGlossiness_Blend.uexp" 969
"../../../Engine/Plugins/Interchange/Assets/Content/gltf/MaterialFunctions/MF_Sheen.uasset" 970
"../../../Engine/Plugins/Interchange/Assets/Content/gltf/MaterialFunctions/MF_Sheen.uexp" 971
"../../../Engine/Plugins/Interchange/Assets/Content/gltf/MaterialBodies/MF_Sheen_Body.uasset" 972
"../../../Engine/Plugins/Interchange/Assets/Content/gltf/MaterialBodies/MF_Sheen_Body.uexp" 973
"../../../Engine/Plugins/Interchange/Assets/Content/gltf/M_Sheen.uasset" 974
"../../../Engine/Plugins/Interchange/Assets/Content/gltf/M_Sheen.uexp" 975
"../../../Engine/Plugins/Interchange/Assets/Content/gltf/MaterialInstances/MI_Sheen_Opaque_DS.uasset" 976
"../../../Engine/Plugins/Interchange/Assets/Content/gltf/MaterialInstances/MI_Sheen_Opaque_DS.uexp" 977
"../../../Engine/Plugins/Interchange/Assets/Content/gltf/MaterialInstances/MI_Sheen_Opaque.uasset" 978
"../../../Engine/Plugins/Interchange/Assets/Content/gltf/MaterialInstances/MI_Sheen_Opaque.uexp" 979
"../../../Engine/Plugins/Interchange/Assets/Content/gltf/MaterialInstances/MI_Sheen_Mask_DS.uasset" 980
"../../../Engine/Plugins/Interchange/Assets/Content/gltf/MaterialInstances/MI_Sheen_Mask_DS.uexp" 981
"../../../Engine/Plugins/Interchange/Assets/Content/gltf/MaterialInstances/MI_Sheen_Mask.uasset" 982
"../../../Engine/Plugins/Interchange/Assets/Content/gltf/MaterialInstances/MI_Sheen_Mask.uexp" 983
"../../../Engine/Plugins/Interchange/Assets/Content/gltf/MaterialInstances/MI_Sheen_Blend_DS.uasset" 984
"../../../Engine/Plugins/Interchange/Assets/Content/gltf/MaterialInstances/MI_Sheen_Blend_DS.uexp" 985
"../../../Engine/Plugins/Interchange/Assets/Content/gltf/MaterialInstances/MI_Sheen_Blend.uasset" 986
"../../../Engine/Plugins/Interchange/Assets/Content/gltf/MaterialInstances/MI_Sheen_Blend.uexp" 987
"../../../Engine/Plugins/Interchange/Assets/Content/gltf/MaterialBodies/MF_Default_Body.uasset" 988
"../../../Engine/Plugins/Interchange/Assets/Content/gltf/MaterialBodies/MF_Default_Body.uexp" 989
"../../../Engine/Plugins/Interchange/Assets/Content/gltf/M_Default.uasset" 990
"../../../Engine/Plugins/Interchange/Assets/Content/gltf/M_Default.uexp" 991
"../../../Engine/Plugins/Interchange/Assets/Content/gltf/MaterialInstances/MI_Default_Opaque.uasset" 992
"../../../Engine/Plugins/Interchange/Assets/Content/gltf/MaterialInstances/MI_Default_Opaque.uexp" 993
"../../../Engine/Plugins/Interchange/Assets/Content/gltf/MaterialInstances/MI_Default_Mask_DS.uasset" 994
"../../../Engine/Plugins/Interchange/Assets/Content/gltf/MaterialInstances/MI_Default_Mask_DS.uexp" 995
"../../../Engine/Plugins/Interchange/Assets/Content/gltf/MaterialInstances/MI_Default_Mask.uasset" 996
"../../../Engine/Plugins/Interchange/Assets/Content/gltf/MaterialInstances/MI_Default_Mask.uexp" 997
"../../../Engine/Plugins/Interchange/Assets/Content/gltf/MaterialInstances/MI_Default_Blend.uasset" 998
"../../../Engine/Plugins/Interchange/Assets/Content/gltf/MaterialInstances/MI_Default_Blend.uexp" 999
"../../../Engine/Content/Functions/Engine_MaterialFunctions01/Texturing/FlattenNormal.uasset" 1000
"../../../Engine/Content/Functions/Engine_MaterialFunctions01/Texturing/FlattenNormal.uexp" 1001
"../../../Engine/Plugins/Interchange/Assets/Content/gltf/MaterialFunctions/MF_Clearcoat.uasset" 1002
"../../../Engine/Plugins/Interchange/Assets/Content/gltf/MaterialFunctions/MF_Clearcoat.uexp" 1003
"../../../Engine/Plugins/Interchange/Assets/Content/gltf/MaterialBodies/MF_ClearCoat_Body.uasset" 1004
"../../../Engine/Plugins/Interchange/Assets/Content/gltf/MaterialBodies/MF_ClearCoat_Body.uexp" 1005
"../../../Engine/Plugins/Interchange/Assets/Content/gltf/M_ClearCoat.uasset" 1006
"../../../Engine/Plugins/Interchange/Assets/Content/gltf/M_ClearCoat.uexp" 1007
"../../../Engine/Plugins/Interchange/Assets/Content/gltf/MaterialInstances/MI_ClearCoat_Opaque_DS.uasset" 1008
"../../../Engine/Plugins/Interchange/Assets/Content/gltf/MaterialInstances/MI_ClearCoat_Opaque_DS.uexp" 1009
"../../../Engine/Plugins/Interchange/Assets/Content/gltf/MaterialInstances/MI_ClearCoat_Opaque.uasset" 1010
"../../../Engine/Plugins/Interchange/Assets/Content/gltf/MaterialInstances/MI_ClearCoat_Opaque.uexp" 1011
"../../../Engine/Plugins/Interchange/Assets/Content/gltf/MaterialInstances/MI_ClearCoat_Mask_DS.uasset" 1012
"../../../Engine/Plugins/Interchange/Assets/Content/gltf/MaterialInstances/MI_ClearCoat_Mask_DS.uexp" 1013
"../../../Engine/Plugins/Interchange/Assets/Content/gltf/MaterialInstances/MI_ClearCoat_Mask.uasset" 1014
"../../../Engine/Plugins/Interchange/Assets/Content/gltf/MaterialInstances/MI_ClearCoat_Mask.uexp" 1015
"../../../Engine/Plugins/Interchange/Assets/Content/gltf/MaterialInstances/MI_ClearCoat_Blend_DS.uasset" 1016
"../../../Engine/Plugins/Interchange/Assets/Content/gltf/MaterialInstances/MI_ClearCoat_Blend_DS.uexp" 1017
"../../../Engine/Plugins/Interchange/Assets/Content/gltf/MaterialInstances/MI_ClearCoat_Blend.uasset" 1018
"../../../Engine/Plugins/Interchange/Assets/Content/gltf/MaterialInstances/MI_ClearCoat_Blend.uexp" 1019
"../../../Engine/Content/VREditor/TransformGizmo/Xray.uasset" 1020
"../../../Engine/Content/VREditor/TransformGizmo/Xray.uexp" 1021
"../../../Engine/Content/VREditor/TransformGizmo/Main.uasset" 1022
"../../../Engine/Content/VREditor/TransformGizmo/Main.uexp" 1023
"../../../Engine/Content/VREditor/TransformGizmo/SM_Sequencer_Node.ubulk" 1024
"../../../Engine/Content/VREditor/TransformGizmo/SM_Sequencer_Node.uasset" 1025
"../../../Engine/Content/VREditor/TransformGizmo/SM_Sequencer_Node.uexp" 1026
"../../../Engine/Content/VREditor/LaserPointer/VR_LaserPower_01.ubulk" 1027
"../../../Engine/Content/VREditor/LaserPointer/VR_LaserPower_01.uasset" 1028
"../../../Engine/Content/VREditor/LaserPointer/VR_LaserPower_01.uexp" 1029
"../../../Engine/Content/VREditor/TransformGizmo/TransformGizmoMaterial.uasset" 1030
"../../../Engine/Content/VREditor/TransformGizmo/TransformGizmoMaterial.uexp" 1031
"../../../Engine/Content/VREditor/TransformGizmo/TranslucentTransformGizmoMaterial.uasset" 1032
"../../../Engine/Content/VREditor/TransformGizmo/TranslucentTransformGizmoMaterial.uexp" 1033
"../../../Engine/Content/VREditor/TransformGizmo/BoundingBoxEdge.ubulk" 1034
"../../../Engine/Content/VREditor/TransformGizmo/BoundingBoxEdge.uasset" 1035
"../../../Engine/Content/VREditor/TransformGizmo/BoundingBoxEdge.uexp" 1036
"../../../Engine/Content/VREditor/TransformGizmo/BoundingBoxCorner.ubulk" 1037
"../../../Engine/Content/VREditor/TransformGizmo/BoundingBoxCorner.uasset" 1038
"../../../Engine/Content/VREditor/TransformGizmo/BoundingBoxCorner.uexp" 1039
"../../../Engine/Content/EngineMaterials/BlendFunc_DefBlend.uasset" 1040
"../../../Engine/Content/EngineMaterials/BlendFunc_DefBlend.uexp" 1041
"../../../Engine/Content/EngineMaterials/BlendFunc_DefBase.uasset" 1042
"../../../Engine/Content/EngineMaterials/BlendFunc_DefBase.uexp" 1043
"../../../Engine/Content/Functions/Engine_MaterialFunctions03/Blends/Blend_Overlay.uasset" 1044
"../../../Engine/Content/Functions/Engine_MaterialFunctions03/Blends/Blend_Overlay.uexp" 1045
"../../../Engine/Content/OpenWorldTemplate/LandscapeMaterial/T_GridChecker_A.ubulk" 1046
"../../../Engine/Content/OpenWorldTemplate/LandscapeMaterial/T_GridChecker_A.uasset" 1047
"../../../Engine/Content/OpenWorldTemplate/LandscapeMaterial/T_GridChecker_A.uexp" 1048
"../../../Engine/Content/OpenWorldTemplate/LandscapeMaterial/MF_ProcGrid.uasset" 1049
"../../../Engine/Content/OpenWorldTemplate/LandscapeMaterial/MF_ProcGrid.uexp" 1050
"../../../Engine/Content/OpenWorldTemplate/LandscapeMaterial/M_ProcGrid.uasset" 1051
"../../../Engine/Content/OpenWorldTemplate/LandscapeMaterial/M_ProcGrid.uexp" 1052
"../../../Engine/Content/ArtTools/RenderToTexture/Meshes/S_1_Unit_Plane.ubulk" 1053
"../../../Engine/Content/ArtTools/RenderToTexture/Meshes/S_1_Unit_Plane.uasset" 1054
"../../../Engine/Content/ArtTools/RenderToTexture/Meshes/S_1_Unit_Plane.uexp" 1055
"../../../Engine/Content/EngineMaterials/Substrate/Volume/SubstrateSimpleVolumeLUT3D.uasset" 1056
"../../../Engine/Content/EngineMaterials/Substrate/Volume/SubstrateSimpleVolumeLUT3D.uexp" 1057
"../../../Engine/Content/EngineMaterials/Substrate/Volume/SubstrateSimpleVolumeEnvLUT3D.uasset" 1058
"../../../Engine/Content/EngineMaterials/Substrate/Volume/SubstrateSimpleVolumeEnvLUT3D.uexp" 1059
"../../../Engine/Content/EngineResources/DefaultTextureCube.uasset" 1060
"../../../Engine/Content/EngineResources/DefaultTextureCube.uexp" 1061
"../../../Engine/Content/EngineMaterials/Substrate/Glints2/AGlintTex2dArray2.uasset" 1062
"../../../Engine/Content/EngineMaterials/Substrate/Glints2/AGlintTex2dArray2.uexp" 1063
"../../../Engine/Content/EngineMaterials/Substrate/GLints/AGlintTex2dArray.uasset" 1064
"../../../Engine/Content/EngineMaterials/Substrate/GLints/AGlintTex2dArray.uexp" 1065
"C:/Users/rgowell/Documents/Unreal Projects/FelineFour/CatNap/Content/M_LightBrown.uasset" 1066
"C:/Users/rgowell/Documents/Unreal Projects/FelineFour/CatNap/Content/M_LightBrown.uexp" 1067
"C:/Users/rgowell/Documents/Unreal Projects/FelineFour/CatNap/Content/M_LBlue.uasset" 1068
"C:/Users/rgowell/Documents/Unreal Projects/FelineFour/CatNap/Content/M_LBlue.uexp" 1069
"C:/Users/rgowell/Documents/Unreal Projects/FelineFour/CatNap/Content/M_DBlue.uasset" 1070
"C:/Users/rgowell/Documents/Unreal Projects/FelineFour/CatNap/Content/M_DBlue.uexp" 1071
"C:/Users/rgowell/Documents/Unreal Projects/FelineFour/CatNap/Content/Levels/_GENERATED/rgowell/YarnBalls.ubulk" 1072
"C:/Users/rgowell/Documents/Unreal Projects/FelineFour/CatNap/Content/Levels/_GENERATED/rgowell/YarnBalls.uasset" 1073
"C:/Users/rgowell/Documents/Unreal Projects/FelineFour/CatNap/Content/Levels/_GENERATED/rgowell/YarnBalls.uexp" 1074
"C:/Users/rgowell/Documents/Unreal Projects/FelineFour/CatNap/Content/Levels/_GENERATED/rgowell/Sphere_4D0E81F9.ubulk" 1075
"C:/Users/rgowell/Documents/Unreal Projects/FelineFour/CatNap/Content/Levels/_GENERATED/rgowell/Sphere_4D0E81F9.uasset" 1076
"C:/Users/rgowell/Documents/Unreal Projects/FelineFour/CatNap/Content/Levels/_GENERATED/rgowell/Sphere_4D0E81F9.uexp" 1077
"../../../Engine/Content/EditorResources/BadHighlight.ubulk" 1078
"../../../Engine/Content/EditorResources/BadHighlight.uasset" 1079
"../../../Engine/Content/EditorResources/BadHighlight.uexp" 1080
"C:/Users/rgowell/Documents/Unreal Projects/FelineFour/CatNap/Content/VRS_LowPolyNatureEssentials/Textures/T_BaselinePalette.ubulk" 1081
"C:/Users/rgowell/Documents/Unreal Projects/FelineFour/CatNap/Content/VRS_LowPolyNatureEssentials/Textures/T_BaselinePalette.uasset" 1082
"C:/Users/rgowell/Documents/Unreal Projects/FelineFour/CatNap/Content/VRS_LowPolyNatureEssentials/Textures/T_BaselinePalette.uexp" 1083
"C:/Users/rgowell/Documents/Unreal Projects/FelineFour/CatNap/Content/VRS_LowPolyNatureEssentials/Materials/M_BaseMaterial.uasset" 1084
"C:/Users/rgowell/Documents/Unreal Projects/FelineFour/CatNap/Content/VRS_LowPolyNatureEssentials/Materials/M_BaseMaterial.uexp" 1085
"C:/Users/rgowell/Documents/Unreal Projects/FelineFour/CatNap/Content/VRS_LowPolyNatureEssentials/Materials/MI_Base.uasset" 1086
"C:/Users/rgowell/Documents/Unreal Projects/FelineFour/CatNap/Content/VRS_LowPolyNatureEssentials/Materials/MI_Base.uexp" 1087
"C:/Users/rgowell/Documents/Unreal Projects/FelineFour/CatNap/Content/Levels/_GENERATED/rgowell/SM_RuinedWallRubbleA2_0_8B793753.ubulk" 1088
"C:/Users/rgowell/Documents/Unreal Projects/FelineFour/CatNap/Content/Levels/_GENERATED/rgowell/SM_RuinedWallRubbleA2_0_8B793753.uasset" 1089
"C:/Users/rgowell/Documents/Unreal Projects/FelineFour/CatNap/Content/Levels/_GENERATED/rgowell/SM_RuinedWallRubbleA2_0_8B793753.uexp" 1090
"C:/Users/rgowell/Documents/Unreal Projects/FelineFour/CatNap/Content/Levels/_GENERATED/rgowell/SM_RuinedWallA3_9_F1EEAC59.ubulk" 1091
"C:/Users/rgowell/Documents/Unreal Projects/FelineFour/CatNap/Content/Levels/_GENERATED/rgowell/SM_RuinedWallA3_9_F1EEAC59.uasset" 1092
"C:/Users/rgowell/Documents/Unreal Projects/FelineFour/CatNap/Content/Levels/_GENERATED/rgowell/SM_RuinedWallA3_9_F1EEAC59.uexp" 1093
"C:/Users/rgowell/Documents/Unreal Projects/FelineFour/CatNap/Content/Levels/_GENERATED/rgowell/SM_RuinedWallA3_8_FEC703FF.ubulk" 1094
"C:/Users/rgowell/Documents/Unreal Projects/FelineFour/CatNap/Content/Levels/_GENERATED/rgowell/SM_RuinedWallA3_8_FEC703FF.uasset" 1095
"C:/Users/rgowell/Documents/Unreal Projects/FelineFour/CatNap/Content/Levels/_GENERATED/rgowell/SM_RuinedWallA3_8_FEC703FF.uexp" 1096
"C:/Users/rgowell/Documents/Unreal Projects/FelineFour/CatNap/Content/Levels/_GENERATED/rgowell/SM_RuinedWallA3_6_E0C265B8.ubulk" 1097
"C:/Users/rgowell/Documents/Unreal Projects/FelineFour/CatNap/Content/Levels/_GENERATED/rgowell/SM_RuinedWallA3_6_E0C265B8.uasset" 1098
"C:/Users/rgowell/Documents/Unreal Projects/FelineFour/CatNap/Content/Levels/_GENERATED/rgowell/SM_RuinedWallA3_6_E0C265B8.uexp" 1099
"C:/Users/rgowell/Documents/Unreal Projects/FelineFour/CatNap/Content/Levels/_GENERATED/rgowell/SM_RuinedWallA3_5_C2CCD87F.ubulk" 1100
"C:/Users/rgowell/Documents/Unreal Projects/FelineFour/CatNap/Content/Levels/_GENERATED/rgowell/SM_RuinedWallA3_5_C2CCD87F.uasset" 1101
"C:/Users/rgowell/Documents/Unreal Projects/FelineFour/CatNap/Content/Levels/_GENERATED/rgowell/SM_RuinedWallA3_5_C2CCD87F.uexp" 1102
"C:/Users/rgowell/Documents/Unreal Projects/FelineFour/CatNap/Content/Levels/_GENERATED/rgowell/SM_RuinedWallA3_4_68C1E3C3.ubulk" 1103
"C:/Users/rgowell/Documents/Unreal Projects/FelineFour/CatNap/Content/Levels/_GENERATED/rgowell/SM_RuinedWallA3_4_68C1E3C3.uasset" 1104
"C:/Users/rgowell/Documents/Unreal Projects/FelineFour/CatNap/Content/Levels/_GENERATED/rgowell/SM_RuinedWallA3_4_68C1E3C3.uexp" 1105
"C:/Users/rgowell/Documents/Unreal Projects/FelineFour/CatNap/Content/Levels/_GENERATED/rgowell/SM_RuinedWallA3_3_9B5C37B0.ubulk" 1106
"C:/Users/rgowell/Documents/Unreal Projects/FelineFour/CatNap/Content/Levels/_GENERATED/rgowell/SM_RuinedWallA3_3_9B5C37B0.uasset" 1107
"C:/Users/rgowell/Documents/Unreal Projects/FelineFour/CatNap/Content/Levels/_GENERATED/rgowell/SM_RuinedWallA3_3_9B5C37B0.uexp" 1108
"C:/Users/rgowell/Documents/Unreal Projects/FelineFour/CatNap/Content/Levels/_GENERATED/rgowell/SM_RuinedWallA3_2_4A342F87.ubulk" 1109
"C:/Users/rgowell/Documents/Unreal Projects/FelineFour/CatNap/Content/Levels/_GENERATED/rgowell/SM_RuinedWallA3_2_4A342F87.uasset" 1110
"C:/Users/rgowell/Documents/Unreal Projects/FelineFour/CatNap/Content/Levels/_GENERATED/rgowell/SM_RuinedWallA3_2_4A342F87.uexp" 1111
"C:/Users/rgowell/Documents/Unreal Projects/FelineFour/CatNap/Content/Levels/_GENERATED/rgowell/SM_RuinedWallA3_1_A4E5D18F.ubulk" 1112
"C:/Users/rgowell/Documents/Unreal Projects/FelineFour/CatNap/Content/Levels/_GENERATED/rgowell/SM_RuinedWallA3_1_A4E5D18F.uasset" 1113
"C:/Users/rgowell/Documents/Unreal Projects/FelineFour/CatNap/Content/Levels/_GENERATED/rgowell/SM_RuinedWallA3_1_A4E5D18F.uexp" 1114
"C:/Users/rgowell/Documents/Unreal Projects/FelineFour/CatNap/Content/Levels/_GENERATED/rgowell/SM_RuinedWallA3_19_B9847567.ubulk" 1115
"C:/Users/rgowell/Documents/Unreal Projects/FelineFour/CatNap/Content/Levels/_GENERATED/rgowell/SM_RuinedWallA3_19_B9847567.uasset" 1116
"C:/Users/rgowell/Documents/Unreal Projects/FelineFour/CatNap/Content/Levels/_GENERATED/rgowell/SM_RuinedWallA3_19_B9847567.uexp" 1117
"C:/Users/rgowell/Documents/Unreal Projects/FelineFour/CatNap/Content/Levels/_GENERATED/rgowell/SM_RuinedWallA3_18_0423E81B.ubulk" 1118
"C:/Users/rgowell/Documents/Unreal Projects/FelineFour/CatNap/Content/Levels/_GENERATED/rgowell/SM_RuinedWallA3_18_0423E81B.uasset" 1119
"C:/Users/rgowell/Documents/Unreal Projects/FelineFour/CatNap/Content/Levels/_GENERATED/rgowell/SM_RuinedWallA3_18_0423E81B.uexp" 1120
"C:/Users/rgowell/Documents/Unreal Projects/FelineFour/CatNap/Content/Levels/_GENERATED/rgowell/SM_RuinedWallA3_17_4457813D.ubulk" 1121
"C:/Users/rgowell/Documents/Unreal Projects/FelineFour/CatNap/Content/Levels/_GENERATED/rgowell/SM_RuinedWallA3_17_4457813D.uasset" 1122
"C:/Users/rgowell/Documents/Unreal Projects/FelineFour/CatNap/Content/Levels/_GENERATED/rgowell/SM_RuinedWallA3_17_4457813D.uexp" 1123
"C:/Users/rgowell/Documents/Unreal Projects/FelineFour/CatNap/Content/Levels/_GENERATED/rgowell/SM_RuinedWallA3_16_17E96045.ubulk" 1124
"C:/Users/rgowell/Documents/Unreal Projects/FelineFour/CatNap/Content/Levels/_GENERATED/rgowell/SM_RuinedWallA3_16_17E96045.uasset" 1125
"C:/Users/rgowell/Documents/Unreal Projects/FelineFour/CatNap/Content/Levels/_GENERATED/rgowell/SM_RuinedWallA3_16_17E96045.uexp" 1126
"C:/Users/rgowell/Documents/Unreal Projects/FelineFour/CatNap/Content/Levels/_GENERATED/rgowell/SM_RuinedWallA3_15_DF3A529C.ubulk" 1127
"C:/Users/rgowell/Documents/Unreal Projects/FelineFour/CatNap/Content/Levels/_GENERATED/rgowell/SM_RuinedWallA3_15_DF3A529C.uasset" 1128
"C:/Users/rgowell/Documents/Unreal Projects/FelineFour/CatNap/Content/Levels/_GENERATED/rgowell/SM_RuinedWallA3_15_DF3A529C.uexp" 1129
"C:/Users/rgowell/Documents/Unreal Projects/FelineFour/CatNap/Content/Levels/_GENERATED/rgowell/SM_RuinedWallA3_14_2965F6FB.ubulk" 1130
"C:/Users/rgowell/Documents/Unreal Projects/FelineFour/CatNap/Content/Levels/_GENERATED/rgowell/SM_RuinedWallA3_14_2965F6FB.uasset" 1131
"C:/Users/rgowell/Documents/Unreal Projects/FelineFour/CatNap/Content/Levels/_GENERATED/rgowell/SM_RuinedWallA3_14_2965F6FB.uexp" 1132
"C:/Users/rgowell/Documents/Unreal Projects/FelineFour/CatNap/Content/Levels/_GENERATED/rgowell/SM_RuinedWallA3_12_3C56747F.ubulk" 1133
"C:/Users/rgowell/Documents/Unreal Projects/FelineFour/CatNap/Content/Levels/_GENERATED/rgowell/SM_RuinedWallA3_12_3C56747F.uasset" 1134
"C:/Users/rgowell/Documents/Unreal Projects/FelineFour/CatNap/Content/Levels/_GENERATED/rgowell/SM_RuinedWallA3_12_3C56747F.uexp" 1135
"C:/Users/rgowell/Documents/Unreal Projects/FelineFour/CatNap/Content/Levels/_GENERATED/rgowell/SM_RuinedWallA3_11_EB4A61CE.ubulk" 1136
"C:/Users/rgowell/Documents/Unreal Projects/FelineFour/CatNap/Content/Levels/_GENERATED/rgowell/SM_RuinedWallA3_11_EB4A61CE.uasset" 1137
"C:/Users/rgowell/Documents/Unreal Projects/FelineFour/CatNap/Content/Levels/_GENERATED/rgowell/SM_RuinedWallA3_11_EB4A61CE.uexp" 1138
"C:/Users/rgowell/Documents/Unreal Projects/FelineFour/CatNap/Content/Levels/_GENERATED/rgowell/SM_RuinedWallA3_10_C6538F63.ubulk" 1139
"C:/Users/rgowell/Documents/Unreal Projects/FelineFour/CatNap/Content/Levels/_GENERATED/rgowell/SM_RuinedWallA3_10_C6538F63.uasset" 1140
"C:/Users/rgowell/Documents/Unreal Projects/FelineFour/CatNap/Content/Levels/_GENERATED/rgowell/SM_RuinedWallA3_10_C6538F63.uexp" 1141
"C:/Users/rgowell/Documents/Unreal Projects/FelineFour/CatNap/Content/Levels/_GENERATED/rgowell/SM_RuinedWallA3_0_AC03D3F4.ubulk" 1142
"C:/Users/rgowell/Documents/Unreal Projects/FelineFour/CatNap/Content/Levels/_GENERATED/rgowell/SM_RuinedWallA3_0_AC03D3F4.uasset" 1143
"C:/Users/rgowell/Documents/Unreal Projects/FelineFour/CatNap/Content/Levels/_GENERATED/rgowell/SM_RuinedWallA3_0_AC03D3F4.uexp" 1144
"C:/Users/rgowell/Documents/Unreal Projects/FelineFour/CatNap/Content/Levels/_GENERATED/rgowell/Path_6B15ECCB.ubulk" 1145
"C:/Users/rgowell/Documents/Unreal Projects/FelineFour/CatNap/Content/Levels/_GENERATED/rgowell/Path_6B15ECCB.uasset" 1146
"C:/Users/rgowell/Documents/Unreal Projects/FelineFour/CatNap/Content/Levels/_GENERATED/rgowell/Path_6B15ECCB.uexp" 1147
"C:/Users/rgowell/Documents/Unreal Projects/FelineFour/CatNap/Content/Levels/_GENERATED/rgowell/Combined_9D965C4D.ubulk" 1148
"C:/Users/rgowell/Documents/Unreal Projects/FelineFour/CatNap/Content/Levels/_GENERATED/rgowell/Combined_9D965C4D.uasset" 1149
"C:/Users/rgowell/Documents/Unreal Projects/FelineFour/CatNap/Content/Levels/_GENERATED/rgowell/Combined_9D965C4D.uexp" 1150
"../../../Engine/Plugins/Interchange/Assets/Content/gltf/MaterialInstances/MI_Default_Opaque_DS.uasset" 1151
"../../../Engine/Plugins/Interchange/Assets/Content/gltf/MaterialInstances/MI_Default_Opaque_DS.uexp" 1152
"C:/Users/rgowell/Documents/Unreal Projects/FelineFour/CatNap/Content/Fab/Modern_Real_Estate_Sign/modern_real_estate_sign/Materials/Metal.uasset" 1153
"C:/Users/rgowell/Documents/Unreal Projects/FelineFour/CatNap/Content/Fab/Modern_Real_Estate_Sign/modern_real_estate_sign/Materials/Metal.uexp" 1154
"C:/Users/rgowell/Documents/Unreal Projects/FelineFour/CatNap/Content/Levels/_GENERATED/rgowell/Combined_077C8BB4.ubulk" 1155
"C:/Users/rgowell/Documents/Unreal Projects/FelineFour/CatNap/Content/Levels/_GENERATED/rgowell/Combined_077C8BB4.uasset" 1156
"C:/Users/rgowell/Documents/Unreal Projects/FelineFour/CatNap/Content/Levels/_GENERATED/rgowell/Combined_077C8BB4.uexp" 1157
"C:/Users/rgowell/Documents/Unreal Projects/FelineFour/CatNap/Content/Levels/_GENERATED/rgowell/Box_74A66496.ubulk" 1158
"C:/Users/rgowell/Documents/Unreal Projects/FelineFour/CatNap/Content/Levels/_GENERATED/rgowell/Box_74A66496.uasset" 1159
"C:/Users/rgowell/Documents/Unreal Projects/FelineFour/CatNap/Content/Levels/_GENERATED/rgowell/Box_74A66496.uexp" 1160
"C:/Users/rgowell/Documents/Unreal Projects/FelineFour/CatNap/Content/Fab/Lamps_Pack/lamps_pack/Textures/lamps_pack_texture_2.ubulk" 1161
"C:/Users/rgowell/Documents/Unreal Projects/FelineFour/CatNap/Content/Fab/Lamps_Pack/lamps_pack/Textures/lamps_pack_texture_2.uasset" 1162
"C:/Users/rgowell/Documents/Unreal Projects/FelineFour/CatNap/Content/Fab/Lamps_Pack/lamps_pack/Textures/lamps_pack_texture_2.uexp" 1163
"C:/Users/rgowell/Documents/Unreal Projects/FelineFour/CatNap/Content/Fab/Lamps_Pack/lamps_pack/Textures/lamps_pack_texture_3.ubulk" 1164
"C:/Users/rgowell/Documents/Unreal Projects/FelineFour/CatNap/Content/Fab/Lamps_Pack/lamps_pack/Textures/lamps_pack_texture_3.uasset" 1165
"C:/Users/rgowell/Documents/Unreal Projects/FelineFour/CatNap/Content/Fab/Lamps_Pack/lamps_pack/Textures/lamps_pack_texture_3.uexp" 1166
"C:/Users/rgowell/Documents/Unreal Projects/FelineFour/CatNap/Content/Fab/Lamps_Pack/lamps_pack/Textures/lamps_pack_texture_4.ubulk" 1167
"C:/Users/rgowell/Documents/Unreal Projects/FelineFour/CatNap/Content/Fab/Lamps_Pack/lamps_pack/Textures/lamps_pack_texture_4.uasset" 1168
"C:/Users/rgowell/Documents/Unreal Projects/FelineFour/CatNap/Content/Fab/Lamps_Pack/lamps_pack/Textures/lamps_pack_texture_4.uexp" 1169
"C:/Users/rgowell/Documents/Unreal Projects/FelineFour/CatNap/Content/Fab/Lamps_Pack/lamps_pack/Materials/material.uasset" 1170
"C:/Users/rgowell/Documents/Unreal Projects/FelineFour/CatNap/Content/Fab/Lamps_Pack/lamps_pack/Materials/material.uexp" 1171
"C:/Users/rgowell/Documents/Unreal Projects/FelineFour/CatNap/Content/Fab/Lamps_Pack/lamps_pack/Textures/lamps_pack_texture_0.ubulk" 1172
"C:/Users/rgowell/Documents/Unreal Projects/FelineFour/CatNap/Content/Fab/Lamps_Pack/lamps_pack/Textures/lamps_pack_texture_0.uasset" 1173
"C:/Users/rgowell/Documents/Unreal Projects/FelineFour/CatNap/Content/Fab/Lamps_Pack/lamps_pack/Textures/lamps_pack_texture_0.uexp" 1174
"C:/Users/rgowell/Documents/Unreal Projects/FelineFour/CatNap/Content/Fab/Lamps_Pack/lamps_pack/Textures/lamps_pack_texture_1.ubulk" 1175
"C:/Users/rgowell/Documents/Unreal Projects/FelineFour/CatNap/Content/Fab/Lamps_Pack/lamps_pack/Textures/lamps_pack_texture_1.uasset" 1176
"C:/Users/rgowell/Documents/Unreal Projects/FelineFour/CatNap/Content/Fab/Lamps_Pack/lamps_pack/Textures/lamps_pack_texture_1.uexp" 1177
"C:/Users/rgowell/Documents/Unreal Projects/FelineFour/CatNap/Content/Fab/Lamps_Pack/lamps_pack/Materials/Metal.uasset" 1178
"C:/Users/rgowell/Documents/Unreal Projects/FelineFour/CatNap/Content/Fab/Lamps_Pack/lamps_pack/Materials/Metal.uexp" 1179
"C:/Users/rgowell/Documents/Unreal Projects/FelineFour/CatNap/Content/Levels/_GENERATED/rgowell/Boolean_5B51F665.ubulk" 1180
"C:/Users/rgowell/Documents/Unreal Projects/FelineFour/CatNap/Content/Levels/_GENERATED/rgowell/Boolean_5B51F665.uasset" 1181
"C:/Users/rgowell/Documents/Unreal Projects/FelineFour/CatNap/Content/Levels/_GENERATED/rgowell/Boolean_5B51F665.uexp" 1182
"C:/Users/rgowell/Documents/Unreal Projects/FelineFour/CatNap/Content/Animals_Free/Animals/Meshes/SK_Deer_001_Skeleton.uasset" 1183
"C:/Users/rgowell/Documents/Unreal Projects/FelineFour/CatNap/Content/Animals_Free/Animals/Meshes/SK_Deer_001_Skeleton.uexp" 1184
"C:/Users/rgowell/Documents/Unreal Projects/FelineFour/CatNap/Content/Animals_Free/Animals/Animations/ANIM_Deer_001_Anim_Deer_001_idle.uasset" 1185
"C:/Users/rgowell/Documents/Unreal Projects/FelineFour/CatNap/Content/Animals_Free/Animals/Animations/ANIM_Deer_001_Anim_Deer_001_idle.uexp" 1186
"../../../Engine/Content/Functions/Engine_MaterialFunctions01/Shading/PowerToRoughness.uasset" 1187
"../../../Engine/Content/Functions/Engine_MaterialFunctions01/Shading/PowerToRoughness.uexp" 1188
"../../../Engine/Content/Functions/Engine_MaterialFunctions01/Shading/ConvertFromDiffSpec.uasset" 1189
"../../../Engine/Content/Functions/Engine_MaterialFunctions01/Shading/ConvertFromDiffSpec.uexp" 1190
"C:/Users/rgowell/Documents/Unreal Projects/FelineFour/CatNap/Content/Stylized_Tree_Pack/Textures/Leaf_Textures/T_Leaf_Texture_Willow.ubulk" 1191
"C:/Users/rgowell/Documents/Unreal Projects/FelineFour/CatNap/Content/Stylized_Tree_Pack/Textures/Leaf_Textures/T_Leaf_Texture_Willow.uasset" 1192
"C:/Users/rgowell/Documents/Unreal Projects/FelineFour/CatNap/Content/Stylized_Tree_Pack/Textures/Leaf_Textures/T_Leaf_Texture_Willow.uexp" 1193
"../../../Engine/Content/Functions/Engine_MaterialFunctions01/WorldPositionOffset/SimpleGrassWind.uasset" 1194
"../../../Engine/Content/Functions/Engine_MaterialFunctions01/WorldPositionOffset/SimpleGrassWind.uexp" 1195
"../../../Engine/Content/Functions/Engine_MaterialFunctions02/WorldPositionOffset/ObjectPivotPoint.uasset" 1196
"../../../Engine/Content/Functions/Engine_MaterialFunctions02/WorldPositionOffset/ObjectPivotPoint.uexp" 1197
"C:/Users/rgowell/Documents/Unreal Projects/FelineFour/CatNap/Content/Stylized_Tree_Pack/Wind/MP_Wind.uasset" 1198
"C:/Users/rgowell/Documents/Unreal Projects/FelineFour/CatNap/Content/Stylized_Tree_Pack/Wind/MP_Wind.uexp" 1199
"C:/Users/rgowell/Documents/Unreal Projects/FelineFour/CatNap/Content/Stylized_Tree_Pack/Textures/T_WhiteBlack_Gradient.ubulk" 1200
"C:/Users/rgowell/Documents/Unreal Projects/FelineFour/CatNap/Content/Stylized_Tree_Pack/Textures/T_WhiteBlack_Gradient.uasset" 1201
"C:/Users/rgowell/Documents/Unreal Projects/FelineFour/CatNap/Content/Stylized_Tree_Pack/Textures/T_WhiteBlack_Gradient.uexp" 1202
"C:/Users/rgowell/Documents/Unreal Projects/FelineFour/CatNap/Content/Stylized_Tree_Pack/Materials/Master_Materials/M_Leaf.uasset" 1203
"C:/Users/rgowell/Documents/Unreal Projects/FelineFour/CatNap/Content/Stylized_Tree_Pack/Materials/Master_Materials/M_Leaf.uexp" 1204
"C:/Users/rgowell/Documents/Unreal Projects/FelineFour/CatNap/Content/Stylized_Tree_Pack/Materials/Material_Instances/Willow/MI_Leaf_Willow_05.uasset" 1205
"C:/Users/rgowell/Documents/Unreal Projects/FelineFour/CatNap/Content/Stylized_Tree_Pack/Materials/Material_Instances/Willow/MI_Leaf_Willow_05.uexp" 1206
"C:/Users/rgowell/Documents/Unreal Projects/FelineFour/CatNap/Content/Fab/Watering_Can/fbx/Textures/fbx_texture_0.ubulk" 1207
"C:/Users/rgowell/Documents/Unreal Projects/FelineFour/CatNap/Content/Fab/Watering_Can/fbx/Textures/fbx_texture_0.uasset" 1208
"C:/Users/rgowell/Documents/Unreal Projects/FelineFour/CatNap/Content/Fab/Watering_Can/fbx/Textures/fbx_texture_0.uexp" 1209
"C:/Users/rgowell/Documents/Unreal Projects/FelineFour/CatNap/Content/Fab/Watering_Can/fbx/Textures/fbx_texture_1.ubulk" 1210
"C:/Users/rgowell/Documents/Unreal Projects/FelineFour/CatNap/Content/Fab/Watering_Can/fbx/Textures/fbx_texture_1.uasset" 1211
"C:/Users/rgowell/Documents/Unreal Projects/FelineFour/CatNap/Content/Fab/Watering_Can/fbx/Textures/fbx_texture_1.uexp" 1212
"C:/Users/rgowell/Documents/Unreal Projects/FelineFour/CatNap/Content/Fab/Watering_Can/fbx/Textures/fbx_texture_2.ubulk" 1213
"C:/Users/rgowell/Documents/Unreal Projects/FelineFour/CatNap/Content/Fab/Watering_Can/fbx/Textures/fbx_texture_2.uasset" 1214
"C:/Users/rgowell/Documents/Unreal Projects/FelineFour/CatNap/Content/Fab/Watering_Can/fbx/Textures/fbx_texture_2.uexp" 1215
"C:/Users/rgowell/Documents/Unreal Projects/FelineFour/CatNap/Content/Fab/Watering_Can/fbx/Materials/M_Can.uasset" 1216
"C:/Users/rgowell/Documents/Unreal Projects/FelineFour/CatNap/Content/Fab/Watering_Can/fbx/Materials/M_Can.uexp" 1217
"C:/Users/rgowell/Documents/Unreal Projects/FelineFour/CatNap/Content/Fab/Watering_Can/fbx/StaticMeshes/fbx.ubulk" 1218
"C:/Users/rgowell/Documents/Unreal Projects/FelineFour/CatNap/Content/Fab/Watering_Can/fbx/StaticMeshes/fbx.uasset" 1219
"C:/Users/rgowell/Documents/Unreal Projects/FelineFour/CatNap/Content/Fab/Watering_Can/fbx/StaticMeshes/fbx.uexp" 1220
"C:/Users/rgowell/Documents/Unreal Projects/FelineFour/CatNap/Content/Fab/Pickles_The_Dinosaur_Fan_Art/pickles_the_dinosaur_fan_art/Textures/pickles_the_dinosaur_fan_art_texture_0.ubulk" 1221
"C:/Users/rgowell/Documents/Unreal Projects/FelineFour/CatNap/Content/Fab/Pickles_The_Dinosaur_Fan_Art/pickles_the_dinosaur_fan_art/Textures/pickles_the_dinosaur_fan_art_texture_0.uasset" 1222
"C:/Users/rgowell/Documents/Unreal Projects/FelineFour/CatNap/Content/Fab/Pickles_The_Dinosaur_Fan_Art/pickles_the_dinosaur_fan_art/Textures/pickles_the_dinosaur_fan_art_texture_0.uexp" 1223
"C:/Users/rgowell/Documents/Unreal Projects/FelineFour/CatNap/Content/Fab/Pickles_The_Dinosaur_Fan_Art/pickles_the_dinosaur_fan_art/Textures/pickles_the_dinosaur_fan_art_texture_1.ubulk" 1224
"C:/Users/rgowell/Documents/Unreal Projects/FelineFour/CatNap/Content/Fab/Pickles_The_Dinosaur_Fan_Art/pickles_the_dinosaur_fan_art/Textures/pickles_the_dinosaur_fan_art_texture_1.uasset" 1225
"C:/Users/rgowell/Documents/Unreal Projects/FelineFour/CatNap/Content/Fab/Pickles_The_Dinosaur_Fan_Art/pickles_the_dinosaur_fan_art/Textures/pickles_the_dinosaur_fan_art_texture_1.uexp" 1226
"C:/Users/rgowell/Documents/Unreal Projects/FelineFour/CatNap/Content/Fab/Pickles_The_Dinosaur_Fan_Art/pickles_the_dinosaur_fan_art/Materials/suede_Mat.uasset" 1227
"C:/Users/rgowell/Documents/Unreal Projects/FelineFour/CatNap/Content/Fab/Pickles_The_Dinosaur_Fan_Art/pickles_the_dinosaur_fan_art/Materials/suede_Mat.uexp" 1228
"C:/Users/rgowell/Documents/Unreal Projects/FelineFour/CatNap/Content/Fab/Pickles_The_Dinosaur_Fan_Art/pickles_the_dinosaur_fan_art/Materials/plastic_2_Mat.uasset" 1229
"C:/Users/rgowell/Documents/Unreal Projects/FelineFour/CatNap/Content/Fab/Pickles_The_Dinosaur_Fan_Art/pickles_the_dinosaur_fan_art/Materials/plastic_2_Mat.uexp" 1230
"C:/Users/rgowell/Documents/Unreal Projects/FelineFour/CatNap/Content/Fab/Pickles_The_Dinosaur_Fan_Art/pickles_the_dinosaur_fan_art/Materials/plastic_1_Mat.uasset" 1231
"C:/Users/rgowell/Documents/Unreal Projects/FelineFour/CatNap/Content/Fab/Pickles_The_Dinosaur_Fan_Art/pickles_the_dinosaur_fan_art/Materials/plastic_1_Mat.uexp" 1232
"C:/Users/rgowell/Documents/Unreal Projects/FelineFour/CatNap/Content/Fab/Pickles_The_Dinosaur_Fan_Art/pickles_the_dinosaur_fan_art/StaticMeshes/pickles_the_dinosaur_fan_art.ubulk" 1233
"C:/Users/rgowell/Documents/Unreal Projects/FelineFour/CatNap/Content/Fab/Pickles_The_Dinosaur_Fan_Art/pickles_the_dinosaur_fan_art/StaticMeshes/pickles_the_dinosaur_fan_art.uasset" 1234
"C:/Users/rgowell/Documents/Unreal Projects/FelineFour/CatNap/Content/Fab/Pickles_The_Dinosaur_Fan_Art/pickles_the_dinosaur_fan_art/StaticMeshes/pickles_the_dinosaur_fan_art.uexp" 1235
"C:/Users/rgowell/Documents/Unreal Projects/FelineFour/CatNap/Content/Fab/Octopus_Plush/octopus_plush/Textures/octopus_plush_texture_0.ubulk" 1236
"C:/Users/rgowell/Documents/Unreal Projects/FelineFour/CatNap/Content/Fab/Octopus_Plush/octopus_plush/Textures/octopus_plush_texture_0.uasset" 1237
"C:/Users/rgowell/Documents/Unreal Projects/FelineFour/CatNap/Content/Fab/Octopus_Plush/octopus_plush/Textures/octopus_plush_texture_0.uexp" 1238
"C:/Users/rgowell/Documents/Unreal Projects/FelineFour/CatNap/Content/Fab/Octopus_Plush/octopus_plush/Textures/octopus_plush_texture_1.ubulk" 1239
"C:/Users/rgowell/Documents/Unreal Projects/FelineFour/CatNap/Content/Fab/Octopus_Plush/octopus_plush/Textures/octopus_plush_texture_1.uasset" 1240
"C:/Users/rgowell/Documents/Unreal Projects/FelineFour/CatNap/Content/Fab/Octopus_Plush/octopus_plush/Textures/octopus_plush_texture_1.uexp" 1241
"C:/Users/rgowell/Documents/Unreal Projects/FelineFour/CatNap/Content/Fab/Octopus_Plush/octopus_plush/Textures/octopus_plush_texture_2.ubulk" 1242
"C:/Users/rgowell/Documents/Unreal Projects/FelineFour/CatNap/Content/Fab/Octopus_Plush/octopus_plush/Textures/octopus_plush_texture_2.uasset" 1243
"C:/Users/rgowell/Documents/Unreal Projects/FelineFour/CatNap/Content/Fab/Octopus_Plush/octopus_plush/Textures/octopus_plush_texture_2.uexp" 1244
"C:/Users/rgowell/Documents/Unreal Projects/FelineFour/CatNap/Content/Fab/Octopus_Plush/octopus_plush/Materials/Scene_-_Root.uasset" 1245
"C:/Users/rgowell/Documents/Unreal Projects/FelineFour/CatNap/Content/Fab/Octopus_Plush/octopus_plush/Materials/Scene_-_Root.uexp" 1246
"C:/Users/rgowell/Documents/Unreal Projects/FelineFour/CatNap/Content/Fab/Octopus_Plush/octopus_plush/StaticMeshes/octopus_plush.ubulk" 1247
"C:/Users/rgowell/Documents/Unreal Projects/FelineFour/CatNap/Content/Fab/Octopus_Plush/octopus_plush/StaticMeshes/octopus_plush.uasset" 1248
"C:/Users/rgowell/Documents/Unreal Projects/FelineFour/CatNap/Content/Fab/Octopus_Plush/octopus_plush/StaticMeshes/octopus_plush.uexp" 1249
"C:/Users/rgowell/Documents/Unreal Projects/FelineFour/CatNap/Content/Fab/handpainted_teddy_bear/teddy/SkeletalMeshes/teddy_Skeleton.uasset" 1250
"C:/Users/rgowell/Documents/Unreal Projects/FelineFour/CatNap/Content/Fab/handpainted_teddy_bear/teddy/SkeletalMeshes/teddy_Skeleton.uexp" 1251
"C:/Users/rgowell/Documents/Unreal Projects/FelineFour/CatNap/Content/Fab/handpainted_teddy_bear/teddy/SkeletalMeshes/teddy_PhysicsAsset.uasset" 1252
"C:/Users/rgowell/Documents/Unreal Projects/FelineFour/CatNap/Content/Fab/handpainted_teddy_bear/teddy/SkeletalMeshes/teddy_PhysicsAsset.uexp" 1253
"C:/Users/rgowell/Documents/Unreal Projects/FelineFour/CatNap/Content/Fab/handpainted_teddy_bear/teddy/Textures/teddy_texture_0.ubulk" 1254
"C:/Users/rgowell/Documents/Unreal Projects/FelineFour/CatNap/Content/Fab/handpainted_teddy_bear/teddy/Textures/teddy_texture_0.uasset" 1255
"C:/Users/rgowell/Documents/Unreal Projects/FelineFour/CatNap/Content/Fab/handpainted_teddy_bear/teddy/Textures/teddy_texture_0.uexp" 1256
"C:/Users/rgowell/Documents/Unreal Projects/FelineFour/CatNap/Content/Fab/handpainted_teddy_bear/teddy/Materials/Material_001.uasset" 1257
"C:/Users/rgowell/Documents/Unreal Projects/FelineFour/CatNap/Content/Fab/handpainted_teddy_bear/teddy/Materials/Material_001.uexp" 1258
"C:/Users/rgowell/Documents/Unreal Projects/FelineFour/CatNap/Content/Fab/handpainted_teddy_bear/teddy/SkeletalMeshes/teddy.uasset" 1259
"C:/Users/rgowell/Documents/Unreal Projects/FelineFour/CatNap/Content/Fab/handpainted_teddy_bear/teddy/SkeletalMeshes/teddy.uexp" 1260
"C:/Users/rgowell/Documents/Unreal Projects/FelineFour/CatNap/Content/Fab/Classic_dice/dicemodel/Materials/Material.uasset" 1261
"C:/Users/rgowell/Documents/Unreal Projects/FelineFour/CatNap/Content/Fab/Classic_dice/dicemodel/Materials/Material.uexp" 1262
"C:/Users/rgowell/Documents/Unreal Projects/FelineFour/CatNap/Content/Fab/Classic_dice/dicemodel/Materials/eyes.uasset" 1263
"C:/Users/rgowell/Documents/Unreal Projects/FelineFour/CatNap/Content/Fab/Classic_dice/dicemodel/Materials/eyes.uexp" 1264
"C:/Users/rgowell/Documents/Unreal Projects/FelineFour/CatNap/Content/Fab/Classic_dice/dicemodel/StaticMeshes/dicemodel.ubulk" 1265
"C:/Users/rgowell/Documents/Unreal Projects/FelineFour/CatNap/Content/Fab/Classic_dice/dicemodel/StaticMeshes/dicemodel.uasset" 1266
"C:/Users/rgowell/Documents/Unreal Projects/FelineFour/CatNap/Content/Fab/Classic_dice/dicemodel/StaticMeshes/dicemodel.uexp" 1267
"C:/Users/rgowell/Documents/Unreal Projects/FelineFour/CatNap/Content/Fab/A_Stylized_Outdoor_Well/well/Materials/wood_1.uasset" 1268
"C:/Users/rgowell/Documents/Unreal Projects/FelineFour/CatNap/Content/Fab/A_Stylized_Outdoor_Well/well/Materials/wood_1.uexp" 1269
"C:/Users/rgowell/Documents/Unreal Projects/FelineFour/CatNap/Content/Fab/A_Stylized_Outdoor_Well/well/Materials/tile_1.uasset" 1270
"C:/Users/rgowell/Documents/Unreal Projects/FelineFour/CatNap/Content/Fab/A_Stylized_Outdoor_Well/well/Materials/tile_1.uexp" 1271
"C:/Users/rgowell/Documents/Unreal Projects/FelineFour/CatNap/Content/Fab/A_Stylized_Outdoor_Well/well/Materials/tile_2.uasset" 1272
"C:/Users/rgowell/Documents/Unreal Projects/FelineFour/CatNap/Content/Fab/A_Stylized_Outdoor_Well/well/Materials/tile_2.uexp" 1273
"C:/Users/rgowell/Documents/Unreal Projects/FelineFour/CatNap/Content/Fab/A_Stylized_Outdoor_Well/well/Materials/tile_3.uasset" 1274
"C:/Users/rgowell/Documents/Unreal Projects/FelineFour/CatNap/Content/Fab/A_Stylized_Outdoor_Well/well/Materials/tile_3.uexp" 1275
"C:/Users/rgowell/Documents/Unreal Projects/FelineFour/CatNap/Content/Fab/A_Stylized_Outdoor_Well/well/Materials/stone_1.uasset" 1276
"C:/Users/rgowell/Documents/Unreal Projects/FelineFour/CatNap/Content/Fab/A_Stylized_Outdoor_Well/well/Materials/stone_1.uexp" 1277
"C:/Users/rgowell/Documents/Unreal Projects/FelineFour/CatNap/Content/Fab/A_Stylized_Outdoor_Well/well/Materials/stone_2.uasset" 1278
"C:/Users/rgowell/Documents/Unreal Projects/FelineFour/CatNap/Content/Fab/A_Stylized_Outdoor_Well/well/Materials/stone_2.uexp" 1279
"C:/Users/rgowell/Documents/Unreal Projects/FelineFour/CatNap/Content/Fab/A_Stylized_Outdoor_Well/well/Materials/stone_3.uasset" 1280
"C:/Users/rgowell/Documents/Unreal Projects/FelineFour/CatNap/Content/Fab/A_Stylized_Outdoor_Well/well/Materials/stone_3.uexp" 1281
"C:/Users/rgowell/Documents/Unreal Projects/FelineFour/CatNap/Content/Fab/A_Stylized_Outdoor_Well/well/Materials/stone_2_001.uasset" 1282
"C:/Users/rgowell/Documents/Unreal Projects/FelineFour/CatNap/Content/Fab/A_Stylized_Outdoor_Well/well/Materials/stone_2_001.uexp" 1283
"C:/Users/rgowell/Documents/Unreal Projects/FelineFour/CatNap/Content/Fab/A_Stylized_Outdoor_Well/well/Materials/rope.uasset" 1284
"C:/Users/rgowell/Documents/Unreal Projects/FelineFour/CatNap/Content/Fab/A_Stylized_Outdoor_Well/well/Materials/rope.uexp" 1285
"C:/Users/rgowell/Documents/Unreal Projects/FelineFour/CatNap/Content/Fab/A_Stylized_Outdoor_Well/well/StaticMeshes/well.ubulk" 1286
"C:/Users/rgowell/Documents/Unreal Projects/FelineFour/CatNap/Content/Fab/A_Stylized_Outdoor_Well/well/StaticMeshes/well.uasset" 1287
"C:/Users/rgowell/Documents/Unreal Projects/FelineFour/CatNap/Content/Fab/A_Stylized_Outdoor_Well/well/StaticMeshes/well.uexp" 1288
"C:/Users/rgowell/Documents/Unreal Projects/FelineFour/CatNap/Content/LevelPrototyping/Materials/M_FlatCol.uasset" 1289
"C:/Users/rgowell/Documents/Unreal Projects/FelineFour/CatNap/Content/LevelPrototyping/Materials/M_FlatCol.uexp" 1290
"C:/Users/rgowell/Documents/Unreal Projects/FelineFour/CatNap/Content/LevelPrototyping/Materials/MI_DefaultColorway.uasset" 1291
"C:/Users/rgowell/Documents/Unreal Projects/FelineFour/CatNap/Content/LevelPrototyping/Materials/MI_DefaultColorway.uexp" 1292
"C:/Users/rgowell/Documents/Unreal Projects/FelineFour/CatNap/Content/ThirdPerson/MI_ThirdPersonColWay.uasset" 1293
"C:/Users/rgowell/Documents/Unreal Projects/FelineFour/CatNap/Content/ThirdPerson/MI_ThirdPersonColWay.uexp" 1294
"../../../Engine/Content/EngineResources/WhiteSquareTexture.uasset" 1295
"../../../Engine/Content/EngineResources/WhiteSquareTexture.uexp" 1296
"../../../Engine/Content/EngineMaterials/Widget3DPassThrough.uasset" 1297
"../../../Engine/Content/EngineMaterials/Widget3DPassThrough.uexp" 1298
"../../../Engine/Content/EngineMaterials/Widget3DPassThrough_Masked.uasset" 1299
"../../../Engine/Content/EngineMaterials/Widget3DPassThrough_Masked.uexp" 1300
"../../../Engine/Content/EngineMaterials/Widget3DPassThrough_Opaque.uasset" 1301
"../../../Engine/Content/EngineMaterials/Widget3DPassThrough_Opaque.uexp" 1302
"../../../Engine/Content/EngineMaterials/Widget3DPassThrough_Masked_OneSided.uasset" 1303
"../../../Engine/Content/EngineMaterials/Widget3DPassThrough_Masked_OneSided.uexp" 1304
"../../../Engine/Content/EngineMaterials/Widget3DPassThrough_Opaque_OneSided.uasset" 1305
"../../../Engine/Content/EngineMaterials/Widget3DPassThrough_Opaque_OneSided.uexp" 1306
"../../../Engine/Content/EngineMaterials/Widget3DPassThrough_Translucent.uasset" 1307
"../../../Engine/Content/EngineMaterials/Widget3DPassThrough_Translucent.uexp" 1308
"../../../Engine/Content/EngineMaterials/Widget3DPassThrough_Translucent_OneSided.uasset" 1309
"../../../Engine/Content/EngineMaterials/Widget3DPassThrough_Translucent_OneSided.uexp" 1310
"../../../Engine/Content/EngineResources/LandscapeVisibilityLayerInfo.uasset" 1311
"../../../Engine/Content/EngineResources/LandscapeVisibilityLayerInfo.uexp" 1312
"../../../Engine/Content/EditorLandscapeResources/ColorMaskBrushMaterial.uasset" 1313
"../../../Engine/Content/EditorLandscapeResources/ColorMaskBrushMaterial.uexp" 1314
"../../../Engine/Content/EditorLandscapeResources/ColorMaskBrushMaterial_MaskedRegion.uasset" 1315
"../../../Engine/Content/EditorLandscapeResources/ColorMaskBrushMaterial_MaskedRegion.uexp" 1316
"../../../Engine/Content/Functions/Engine_MaterialFunctions03/Math/WithinRangeFloat2.uasset" 1317
"../../../Engine/Content/Functions/Engine_MaterialFunctions03/Math/WithinRangeFloat2.uexp" 1318
"../../../Engine/Content/EditorLandscapeResources/MaskBrushMaterial.uasset" 1319
"../../../Engine/Content/EditorLandscapeResources/MaskBrushMaterial.uexp" 1320
"../../../Engine/Content/EditorLandscapeResources/MaskBrushMaterial_MaskedRegion.uasset" 1321
"../../../Engine/Content/EditorLandscapeResources/MaskBrushMaterial_MaskedRegion.uexp" 1322
"../../../Engine/Content/EditorLandscapeResources/SelectBrushMaterial.uasset" 1323
"../../../Engine/Content/EditorLandscapeResources/SelectBrushMaterial.uexp" 1324
"../../../Engine/Content/EditorLandscapeResources/SelectBrushMaterial_Selected.uasset" 1325
"../../../Engine/Content/EditorLandscapeResources/SelectBrushMaterial_Selected.uexp" 1326
"../../../Engine/Content/EditorLandscapeResources/SelectBrushMaterial_SelectedRegion.uasset" 1327
"../../../Engine/Content/EditorLandscapeResources/SelectBrushMaterial_SelectedRegion.uexp" 1328
"../../../Engine/Plugins/NNE/NNEDenoiser/Content/NNE_oidn2-3-0_rt_hdr_alb_nrm_small__dyn__fp16_opset11_DenoiseAlpha.uasset" 1329
"../../../Engine/Plugins/NNE/NNEDenoiser/Content/NNE_oidn2-3-0_rt_hdr_alb_nrm_small__dyn__fp16_opset11_DenoiseAlpha.uexp" 1330
"../../../Engine/Plugins/NNE/NNEDenoiser/Content/NNE_oidn2-3-0_rt_hdr_alb_nrm_small__dyn__fp16_opset11_ForwardAlpha.uasset" 1331
"../../../Engine/Plugins/NNE/NNEDenoiser/Content/NNE_oidn2-3-0_rt_hdr_alb_nrm_small__dyn__fp16_opset11_ForwardAlpha.uexp" 1332
"../../../Engine/Plugins/NNE/NNEDenoiser/Content/NNE_oidn2-3-0_rt_hdr_alb_nrm__dyn__fp16_opset11_DenoiseAlpha.uasset" 1333
"../../../Engine/Plugins/NNE/NNEDenoiser/Content/NNE_oidn2-3-0_rt_hdr_alb_nrm__dyn__fp16_opset11_DenoiseAlpha.uexp" 1334
"../../../Engine/Plugins/NNE/NNEDenoiser/Content/NNE_oidn2-3-0_rt_hdr_alb_nrm__dyn__fp16_opset11_ForwardAlpha.uasset" 1335
"../../../Engine/Plugins/NNE/NNEDenoiser/Content/NNE_oidn2-3-0_rt_hdr_alb_nrm__dyn__fp16_opset11_ForwardAlpha.uexp" 1336
"../../../Engine/Plugins/NNE/NNEDenoiser/Content/NNE_oidn2-3-0_rt_hdr_calb_cnrm_large__dyn__fp16_opset11_DenoiseAlpha.uasset" 1337
"../../../Engine/Plugins/NNE/NNEDenoiser/Content/NNE_oidn2-3-0_rt_hdr_calb_cnrm_large__dyn__fp16_opset11_DenoiseAlpha.uexp" 1338
"../../../Engine/Plugins/NNE/NNEDenoiser/Content/NNE_oidn2-3-0_rt_hdr_calb_cnrm_large__dyn__fp16_opset11_ForwardAlpha.uasset" 1339
"../../../Engine/Plugins/NNE/NNEDenoiser/Content/NNE_oidn2-3-0_rt_hdr_calb_cnrm_large__dyn__fp16_opset11_ForwardAlpha.uexp" 1340
"../../../Engine/Plugins/2D/Paper2D/Content/DefaultSpriteMaterial.uasset" 1341
"../../../Engine/Plugins/2D/Paper2D/Content/DefaultSpriteMaterial.uexp" 1342
"../../../Engine/Plugins/2D/Paper2D/Content/MaskedUnlitSpriteMaterial.uasset" 1343
"../../../Engine/Plugins/2D/Paper2D/Content/MaskedUnlitSpriteMaterial.uexp" 1344
"../../../Engine/Plugins/2D/Paper2D/Content/OpaqueUnlitSpriteMaterial.uasset" 1345
"../../../Engine/Plugins/2D/Paper2D/Content/OpaqueUnlitSpriteMaterial.uexp" 1346
"../../../Engine/Content/VREditor/Sounds/UI/Drop_Item_From_ContentBrowser.ubulk" 1347
"../../../Engine/Content/VREditor/Sounds/UI/Drop_Item_From_ContentBrowser.uasset" 1348
"../../../Engine/Content/VREditor/Sounds/UI/Drop_Item_From_ContentBrowser.uexp" 1349
"../../../Engine/Content/VREditor/TransformGizmo/TransformGizmoMaterial_Inst.uasset" 1350
"../../../Engine/Content/VREditor/TransformGizmo/TransformGizmoMaterial_Inst.uexp" 1351
"../../../Engine/Content/VREditor/TransformGizmo/TranslucentTransformGizmoMaterial_Inst.uasset" 1352
"../../../Engine/Content/VREditor/TransformGizmo/TranslucentTransformGizmoMaterial_Inst.uexp" 1353
"../../../Engine/Content/Functions/Engine_MaterialFunctions02/SplitComponents.uasset" 1354
"../../../Engine/Content/Functions/Engine_MaterialFunctions02/SplitComponents.uexp" 1355
"../../../Engine/Content/VREditor/SnapGrid/SnapGridMaterial.uasset" 1356
"../../../Engine/Content/VREditor/SnapGrid/SnapGridMaterial.uexp" 1357
"../../../Engine/Content/VREditor/SnapGrid/SnapGridPlaneMesh.ubulk" 1358
"../../../Engine/Content/VREditor/SnapGrid/SnapGridPlaneMesh.uasset" 1359
"../../../Engine/Content/VREditor/SnapGrid/SnapGridPlaneMesh.uexp" 1360
"../../../Engine/Content/VREditor/Sounds/UI/Gizmo_Handle_Clicked.ubulk" 1361
"../../../Engine/Content/VREditor/Sounds/UI/Gizmo_Handle_Clicked.uasset" 1362
"../../../Engine/Content/VREditor/Sounds/UI/Gizmo_Handle_Clicked.uexp" 1363
"../../../Engine/Content/VREditor/Sounds/UI/Object_PickUp.ubulk" 1364
"../../../Engine/Content/VREditor/Sounds/UI/Object_PickUp.uasset" 1365
"../../../Engine/Content/VREditor/Sounds/UI/Object_PickUp.uexp" 1366
"../../../Engine/Content/VREditor/Sounds/UI/Object_Snaps_To_Another_Actor.ubulk" 1367
"../../../Engine/Content/VREditor/Sounds/UI/Object_Snaps_To_Another_Actor.uasset" 1368
"../../../Engine/Content/VREditor/Sounds/UI/Object_Snaps_To_Another_Actor.uexp" 1369
"../../../Engine/Content/VREditor/Sounds/UI/Object_Snaps_To_Grid.ubulk" 1370
"../../../Engine/Content/VREditor/Sounds/UI/Object_Snaps_To_Grid.uasset" 1371
"../../../Engine/Content/VREditor/Sounds/UI/Object_Snaps_To_Grid.uexp" 1372
"../../../Engine/Content/VREditor/Sounds/UI/Scaling_Down.ubulk" 1373
"../../../Engine/Content/VREditor/Sounds/UI/Scaling_Down.uasset" 1374
"../../../Engine/Content/VREditor/Sounds/UI/Scaling_Down.uexp" 1375
"../../../Engine/Content/VREditor/Sounds/UI/Scaling_Up.ubulk" 1376
"../../../Engine/Content/VREditor/Sounds/UI/Scaling_Up.uasset" 1377
"../../../Engine/Content/VREditor/Sounds/UI/Scaling_Up.uexp" 1378
"../../../Engine/Content/VREditor/Sounds/UI/Selection_Changes.ubulk" 1379
"../../../Engine/Content/VREditor/Sounds/UI/Selection_Changes.uasset" 1380
"../../../Engine/Content/VREditor/Sounds/UI/Selection_Changes.uexp" 1381
"../../../Engine/Content/VREditor/TransformGizmo/PlaneTranslationHandle.ubulk" 1382
"../../../Engine/Content/VREditor/TransformGizmo/PlaneTranslationHandle.uasset" 1383
"../../../Engine/Content/VREditor/TransformGizmo/PlaneTranslationHandle.uexp" 1384
"../../../Engine/Content/VREditor/TransformGizmo/RotationHandleFull.ubulk" 1385
"../../../Engine/Content/VREditor/TransformGizmo/RotationHandleFull.uasset" 1386
"../../../Engine/Content/VREditor/TransformGizmo/RotationHandleFull.uexp" 1387
"../../../Engine/Content/VREditor/TransformGizmo/RotationHandleIndicator.ubulk" 1388
"../../../Engine/Content/VREditor/TransformGizmo/RotationHandleIndicator.uasset" 1389
"../../../Engine/Content/VREditor/TransformGizmo/RotationHandleIndicator.uexp" 1390
"../../../Engine/Content/VREditor/TransformGizmo/RotationHandleQuarter.ubulk" 1391
"../../../Engine/Content/VREditor/TransformGizmo/RotationHandleQuarter.uasset" 1392
"../../../Engine/Content/VREditor/TransformGizmo/RotationHandleQuarter.uexp" 1393
"../../../Engine/Content/VREditor/TransformGizmo/StartRotationHandleIndicator.ubulk" 1394
"../../../Engine/Content/VREditor/TransformGizmo/StartRotationHandleIndicator.uasset" 1395
"../../../Engine/Content/VREditor/TransformGizmo/StartRotationHandleIndicator.uexp" 1396
"../../../Engine/Content/VREditor/TransformGizmo/TransformGizmoFreeRotation.ubulk" 1397
"../../../Engine/Content/VREditor/TransformGizmo/TransformGizmoFreeRotation.uasset" 1398
"../../../Engine/Content/VREditor/TransformGizmo/TransformGizmoFreeRotation.uexp" 1399
"../../../Engine/Content/VREditor/TransformGizmo/TranslateArrowHandle.ubulk" 1400
"../../../Engine/Content/VREditor/TransformGizmo/TranslateArrowHandle.uasset" 1401
"../../../Engine/Content/VREditor/TransformGizmo/TranslateArrowHandle.uexp" 1402
"../../../Engine/Content/VREditor/TransformGizmo/UniformScaleHandle.ubulk" 1403
"../../../Engine/Content/VREditor/TransformGizmo/UniformScaleHandle.uasset" 1404
"../../../Engine/Content/VREditor/TransformGizmo/UniformScaleHandle.uexp" 1405
"../../../Engine/Plugins/NNE/NNEDenoiser/Content/NNED_Oidn2-3_HighQuality_Alpha.uasset" 1406
"../../../Engine/Plugins/NNE/NNEDenoiser/Content/NNED_Oidn2-3_HighQuality_Alpha.uexp" 1407
"../../../Engine/Plugins/NNE/NNEDenoiser/Content/NNED_Oidn2-3_HighQuality.uasset" 1408
"../../../Engine/Plugins/NNE/NNEDenoiser/Content/NNED_Oidn2-3_HighQuality.uexp" 1409
"../../../Engine/Plugins/NNE/NNEDenoiser/Content/NNED_Oidn2-3_Fast_Alpha.uasset" 1410
"../../../Engine/Plugins/NNE/NNEDenoiser/Content/NNED_Oidn2-3_Fast_Alpha.uexp" 1411
"../../../Engine/Plugins/NNE/NNEDenoiser/Content/NNED_Oidn2-3_Fast.uasset" 1412
"../../../Engine/Plugins/NNE/NNEDenoiser/Content/NNED_Oidn2-3_Fast.uexp" 1413
"../../../Engine/Plugins/NNE/NNEDenoiser/Content/NNED_Oidn2-3_Balanced_Alpha.uasset" 1414
"../../../Engine/Plugins/NNE/NNEDenoiser/Content/NNED_Oidn2-3_Balanced_Alpha.uexp" 1415
"../../../Engine/Plugins/NNE/NNEDenoiser/Content/NNED_Oidn2-3_Balanced.uasset" 1416
"../../../Engine/Plugins/NNE/NNEDenoiser/Content/NNED_Oidn2-3_Balanced.uexp" 1417
"../../../Engine/Plugins/NNE/NNEDenoiser/Content/NNEDT_Oidn2-3_Balanced_Alpha.uasset" 1418
"../../../Engine/Plugins/NNE/NNEDenoiser/Content/NNEDT_Oidn2-3_Balanced_Alpha.uexp" 1419
"../../../Engine/Plugins/NNE/NNEDenoiser/Content/NNEDT_Oidn2-3_Balanced.uasset" 1420
"../../../Engine/Plugins/NNE/NNEDenoiser/Content/NNEDT_Oidn2-3_Balanced.uexp" 1421
"../../../Engine/Plugins/Animation/DeformerGraph/Content/DeformerFunctions/DG_Function_LinearBlendSkin_Morph_Cloth_PositionOnly.uasset" 1422
"../../../Engine/Plugins/Animation/DeformerGraph/Content/DeformerFunctions/DG_Function_LinearBlendSkin_Morph_Cloth_PositionOnly.uexp" 1423
"../../../Engine/Plugins/Animation/DeformerGraph/Content/DeformerFunctions/DG_Function_ComputeNormalsTangents.uasset" 1424
"../../../Engine/Plugins/Animation/DeformerGraph/Content/DeformerFunctions/DG_Function_ComputeNormalsTangents.uexp" 1425
"../../../Engine/Plugins/Animation/DeformerGraph/Content/Deformers/DG_LinearBlendSkin_Morph_Cloth_RecomputeNormals.uasset" 1426
"../../../Engine/Plugins/Animation/DeformerGraph/Content/Deformers/DG_LinearBlendSkin_Morph_Cloth_RecomputeNormals.uexp" 1427
"../../../Engine/Plugins/Animation/DeformerGraph/Content/DeformerFunctions/DG_Function_LinearBlendSkin_Morph_Cloth.uasset" 1428
"../../../Engine/Plugins/Animation/DeformerGraph/Content/DeformerFunctions/DG_Function_LinearBlendSkin_Morph_Cloth.uexp" 1429
"../../../Engine/Plugins/Animation/DeformerGraph/Content/Deformers/DG_LinearBlendSkin_Morph_Cloth.uasset" 1430
"../../../Engine/Plugins/Animation/DeformerGraph/Content/Deformers/DG_LinearBlendSkin_Morph_Cloth.uexp" 1431
"../../../Engine/Content/Maps/Entry_BuiltData.uasset" 1432
"../../../Engine/Content/Maps/Entry_BuiltData.uexp" 1433
"../../../Engine/Content/Maps/Entry.uexp" 1434
"../../../Engine/Content/Maps/Entry.umap" 1435
"../../../Engine/Content/BasicShapes/Plane.ubulk" 1436
"../../../Engine/Content/BasicShapes/Plane.uasset" 1437
"../../../Engine/Content/BasicShapes/Plane.uexp" 1438
"../../../Engine/Content/EngineSky/T_Sky_Stars.ubulk" 1439
"../../../Engine/Content/EngineSky/T_Sky_Stars.uasset" 1440
"../../../Engine/Content/EngineSky/T_Sky_Stars.uexp" 1441
"../../../Engine/Content/EngineSky/T_Sky_Clouds_M.ubulk" 1442
"../../../Engine/Content/EngineSky/T_Sky_Clouds_M.uasset" 1443
"../../../Engine/Content/EngineSky/T_Sky_Clouds_M.uexp" 1444
"../../../Engine/Content/EngineSky/T_Sky_Blue.ubulk" 1445
"../../../Engine/Content/EngineSky/T_Sky_Blue.uasset" 1446
"../../../Engine/Content/EngineSky/T_Sky_Blue.uexp" 1447
"../../../Engine/Content/EngineSky/M_Sky_Panning_Clouds2.uasset" 1448
"../../../Engine/Content/EngineSky/M_Sky_Panning_Clouds2.uexp" 1449
"../../../Engine/Content/EngineSky/SM_SkySphere.ubulk" 1450
"../../../Engine/Content/EngineSky/SM_SkySphere.uasset" 1451
"../../../Engine/Content/EngineSky/SM_SkySphere.uexp" 1452
"../../../Engine/Content/EngineSky/C_Sky_Zenith_Color.uasset" 1453
"../../../Engine/Content/EngineSky/C_Sky_Zenith_Color.uexp" 1454
"../../../Engine/Content/EngineSky/C_Sky_Horizon_Color.uasset" 1455
"../../../Engine/Content/EngineSky/C_Sky_Horizon_Color.uexp" 1456
"../../../Engine/Content/EngineSky/C_Sky_Cloud_Color.uasset" 1457
"../../../Engine/Content/EngineSky/C_Sky_Cloud_Color.uexp" 1458
"../../../Engine/Content/EngineSky/BP_Sky_Sphere.uasset" 1459
"../../../Engine/Content/EngineSky/BP_Sky_Sphere.uexp" 1460
"C:/Users/rgowell/Documents/Unreal Projects/FelineFour/CatNap/Content/Fab/Cat_Cartoon/cat_cartoon/SkeletalMeshes/cat_cartoon_Skeleton.uasset" 1461
"C:/Users/rgowell/Documents/Unreal Projects/FelineFour/CatNap/Content/Fab/Cat_Cartoon/cat_cartoon/SkeletalMeshes/cat_cartoon_Skeleton.uexp" 1462
"C:/Users/rgowell/Documents/Unreal Projects/FelineFour/CatNap/Content/Fab/Cat_Cartoon/cat_cartoon/SkeletalMeshes/Idle_Breath.uasset" 1463
"C:/Users/rgowell/Documents/Unreal Projects/FelineFour/CatNap/Content/Fab/Cat_Cartoon/cat_cartoon/SkeletalMeshes/Idle_Breath.uexp" 1464
"C:/Users/rgowell/Documents/Unreal Projects/FelineFour/CatNap/Content/Fab/Cat_Cartoon/cat_cartoon/SkeletalMeshes/Walk.uasset" 1465
"C:/Users/rgowell/Documents/Unreal Projects/FelineFour/CatNap/Content/Fab/Cat_Cartoon/cat_cartoon/SkeletalMeshes/Walk.uexp" 1466
"C:/Users/rgowell/Documents/Unreal Projects/FelineFour/CatNap/Content/ABP_CatTest.uasset" 1467
"C:/Users/rgowell/Documents/Unreal Projects/FelineFour/CatNap/Content/ABP_CatTest.uexp" 1468
"C:/Users/rgowell/Documents/Unreal Projects/FelineFour/CatNap/Plugins/EMUQuests/EMUQuests/Content/Input/IA_ToggleQuestLog.uasset" 1469
"C:/Users/rgowell/Documents/Unreal Projects/FelineFour/CatNap/Plugins/EMUQuests/EMUQuests/Content/Input/IA_ToggleQuestLog.uexp" 1470
"C:/Users/rgowell/Documents/Unreal Projects/FelineFour/CatNap/Plugins/EMUQuests/EMUQuests/Content/Input/IA_Interact.uasset" 1471
"C:/Users/rgowell/Documents/Unreal Projects/FelineFour/CatNap/Plugins/EMUQuests/EMUQuests/Content/Input/IA_Interact.uexp" 1472
"C:/Users/rgowell/Documents/Unreal Projects/FelineFour/CatNap/Plugins/EMUQuests/EMUQuests/Content/Input/IMC_Quest.uasset" 1473
"C:/Users/rgowell/Documents/Unreal Projects/FelineFour/CatNap/Plugins/EMUQuests/EMUQuests/Content/Input/IMC_Quest.uexp" 1474
"C:/Users/rgowell/Documents/Unreal Projects/FelineFour/CatNap/Content/Input/Actions/IA_PauseGame.uasset" 1475
"C:/Users/rgowell/Documents/Unreal Projects/FelineFour/CatNap/Content/Input/Actions/IA_PauseGame.uexp" 1476
"C:/Users/rgowell/Documents/Unreal Projects/FelineFour/CatNap/Plugins/EMUQuests/EMUQuests/Content/UI/Widgets/WB_QuestInfo.uasset" 1477
"C:/Users/rgowell/Documents/Unreal Projects/FelineFour/CatNap/Plugins/EMUQuests/EMUQuests/Content/UI/Widgets/WB_QuestInfo.uexp" 1478
"C:/Users/rgowell/Documents/Unreal Projects/FelineFour/CatNap/Plugins/EMUQuests/EMUQuests/Content/UI/UIDesign/T_EMUDarkBorder.uasset" 1479
"C:/Users/rgowell/Documents/Unreal Projects/FelineFour/CatNap/Plugins/EMUQuests/EMUQuests/Content/UI/UIDesign/T_EMUDarkBorder.uexp" 1480
"C:/Users/rgowell/Documents/Unreal Projects/FelineFour/CatNap/Plugins/EMUQuests/EMUQuests/Content/UI/Widgets/WB_SingleQuest.uasset" 1481
"C:/Users/rgowell/Documents/Unreal Projects/FelineFour/CatNap/Plugins/EMUQuests/EMUQuests/Content/UI/Widgets/WB_SingleQuest.uexp" 1482
"C:/Users/rgowell/Documents/Unreal Projects/FelineFour/CatNap/Plugins/EMUQuests/EMUQuests/Content/UI/UIDesign/Buttons/T_BlueButton.uasset" 1483
"C:/Users/rgowell/Documents/Unreal Projects/FelineFour/CatNap/Plugins/EMUQuests/EMUQuests/Content/UI/UIDesign/Buttons/T_BlueButton.uexp" 1484
"C:/Users/rgowell/Documents/Unreal Projects/FelineFour/CatNap/Plugins/EMUQuests/EMUQuests/Content/UI/UIDesign/Buttons/T_BlueButtonClicked.uasset" 1485
"C:/Users/rgowell/Documents/Unreal Projects/FelineFour/CatNap/Plugins/EMUQuests/EMUQuests/Content/UI/UIDesign/Buttons/T_BlueButtonClicked.uexp" 1486
"C:/Users/rgowell/Documents/Unreal Projects/FelineFour/CatNap/Plugins/EMUQuests/EMUQuests/Content/UI/UIDesign/Buttons/T_BlueButtonHover.uasset" 1487
"C:/Users/rgowell/Documents/Unreal Projects/FelineFour/CatNap/Plugins/EMUQuests/EMUQuests/Content/UI/UIDesign/Buttons/T_BlueButtonHover.uexp" 1488
"C:/Users/rgowell/Documents/Unreal Projects/FelineFour/CatNap/Plugins/EMUQuests/EMUQuests/Content/UI/Widgets/WB_QuestLog.uasset" 1489
"C:/Users/rgowell/Documents/Unreal Projects/FelineFour/CatNap/Plugins/EMUQuests/EMUQuests/Content/UI/Widgets/WB_QuestLog.uexp" 1490
"C:/Users/rgowell/Documents/Unreal Projects/FelineFour/CatNap/Plugins/EMUQuests/EMUQuests/Content/ThirdPerson/Input/Actions/IA_Jump.uasset" 1491
"C:/Users/rgowell/Documents/Unreal Projects/FelineFour/CatNap/Plugins/EMUQuests/EMUQuests/Content/ThirdPerson/Input/Actions/IA_Jump.uexp" 1492
"C:/Users/rgowell/Documents/Unreal Projects/FelineFour/CatNap/Plugins/EMUQuests/EMUQuests/Content/ThirdPerson/Input/Actions/IA_Look.uasset" 1493
"C:/Users/rgowell/Documents/Unreal Projects/FelineFour/CatNap/Plugins/EMUQuests/EMUQuests/Content/ThirdPerson/Input/Actions/IA_Look.uexp" 1494
"C:/Users/rgowell/Documents/Unreal Projects/FelineFour/CatNap/Plugins/EMUQuests/EMUQuests/Content/ThirdPerson/Input/Actions/IA_Move.uasset" 1495
"C:/Users/rgowell/Documents/Unreal Projects/FelineFour/CatNap/Plugins/EMUQuests/EMUQuests/Content/ThirdPerson/Input/Actions/IA_Move.uexp" 1496
"C:/Users/rgowell/Documents/Unreal Projects/FelineFour/CatNap/Plugins/EMUQuests/EMUQuests/Content/ThirdPerson/Input/IMC_Default.uasset" 1497
"C:/Users/rgowell/Documents/Unreal Projects/FelineFour/CatNap/Plugins/EMUQuests/EMUQuests/Content/ThirdPerson/Input/IMC_Default.uexp" 1498
"C:/Users/rgowell/Documents/Unreal Projects/FelineFour/CatNap/Content/Input/Actions/IA_MouseLook.uasset" 1499
"C:/Users/rgowell/Documents/Unreal Projects/FelineFour/CatNap/Content/Input/Actions/IA_MouseLook.uexp" 1500
"C:/Users/rgowell/Documents/Unreal Projects/FelineFour/CatNap/Content/Input/Actions/IA_Jump.uasset" 1501
"C:/Users/rgowell/Documents/Unreal Projects/FelineFour/CatNap/Content/Input/Actions/IA_Jump.uexp" 1502
"C:/Users/rgowell/Documents/Unreal Projects/FelineFour/CatNap/Content/Input/Actions/IA_Look.uasset" 1503
"C:/Users/rgowell/Documents/Unreal Projects/FelineFour/CatNap/Content/Input/Actions/IA_Look.uexp" 1504
"C:/Users/rgowell/Documents/Unreal Projects/FelineFour/CatNap/Content/Input/Actions/IA_Move.uasset" 1505
"C:/Users/rgowell/Documents/Unreal Projects/FelineFour/CatNap/Content/Input/Actions/IA_Move.uexp" 1506
"C:/Users/rgowell/Documents/Unreal Projects/FelineFour/CatNap/Content/Animations/Cartoon_Cat__LOD1__PhysicsAsset.uasset" 1507
"C:/Users/rgowell/Documents/Unreal Projects/FelineFour/CatNap/Content/Animations/Cartoon_Cat__LOD1__PhysicsAsset.uexp" 1508
"C:/Users/rgowell/Documents/Unreal Projects/FelineFour/CatNap/Content/Animations/Cat_clean_Animation_Skeleton.uasset" 1509
"C:/Users/rgowell/Documents/Unreal Projects/FelineFour/CatNap/Content/Animations/Cat_clean_Animation_Skeleton.uexp" 1510
"C:/Users/rgowell/Documents/Unreal Projects/FelineFour/CatNap/Content/Animations/SKM_CCat.uasset" 1511
"C:/Users/rgowell/Documents/Unreal Projects/FelineFour/CatNap/Content/Animations/SKM_CCat.uexp" 1512
"C:/Users/rgowell/Documents/Unreal Projects/FelineFour/CatNap/Content/Input/Touch/BPI_TouchInterface.uasset" 1513
"C:/Users/rgowell/Documents/Unreal Projects/FelineFour/CatNap/Content/Input/Touch/BPI_TouchInterface.uexp" 1514
"C:/Users/rgowell/Documents/Unreal Projects/FelineFour/CatNap/Content/Characters/Mannequins/Meshes/SK_Mannequin.uasset" 1515
"C:/Users/rgowell/Documents/Unreal Projects/FelineFour/CatNap/Content/Characters/Mannequins/Meshes/SK_Mannequin.uexp" 1516
"../../../Engine/Plugins/Animation/ControlRig/Content/Controls/DefaultGizmoLibraryNormalized.uasset" 1517
"../../../Engine/Plugins/Animation/ControlRig/Content/Controls/DefaultGizmoLibraryNormalized.uexp" 1518
"C:/Users/rgowell/Documents/Unreal Projects/FelineFour/CatNap/Content/Characters/Mannequins/Rigs/CR_Mannequin_FootIK.uasset" 1519
"C:/Users/rgowell/Documents/Unreal Projects/FelineFour/CatNap/Content/Characters/Mannequins/Rigs/CR_Mannequin_FootIK.uexp" 1520
"C:/Users/rgowell/Documents/Unreal Projects/FelineFour/CatNap/Content/Characters/Mannequins/Anims/Unarmed/MM_Idle.uasset" 1521
"C:/Users/rgowell/Documents/Unreal Projects/FelineFour/CatNap/Content/Characters/Mannequins/Anims/Unarmed/MM_Idle.uexp" 1522
"C:/Users/rgowell/Documents/Unreal Projects/FelineFour/CatNap/Content/Characters/Mannequins/Anims/Unarmed/Walk/MF_Unarmed_Walk_Right.uasset" 1523
"C:/Users/rgowell/Documents/Unreal Projects/FelineFour/CatNap/Content/Characters/Mannequins/Anims/Unarmed/Walk/MF_Unarmed_Walk_Right.uexp" 1524
"C:/Users/rgowell/Documents/Unreal Projects/FelineFour/CatNap/Content/Characters/Mannequins/Anims/Unarmed/Walk/MF_Unarmed_Walk_Left.uasset" 1525
"C:/Users/rgowell/Documents/Unreal Projects/FelineFour/CatNap/Content/Characters/Mannequins/Anims/Unarmed/Walk/MF_Unarmed_Walk_Left.uexp" 1526
"C:/Users/rgowell/Documents/Unreal Projects/FelineFour/CatNap/Content/Characters/Mannequins/Anims/Unarmed/Walk/MF_Unarmed_Walk_Fwd_Right.uasset" 1527
"C:/Users/rgowell/Documents/Unreal Projects/FelineFour/CatNap/Content/Characters/Mannequins/Anims/Unarmed/Walk/MF_Unarmed_Walk_Fwd_Right.uexp" 1528
"C:/Users/rgowell/Documents/Unreal Projects/FelineFour/CatNap/Content/Characters/Mannequins/Anims/Unarmed/Walk/MF_Unarmed_Walk_Fwd_Left.uasset" 1529
"C:/Users/rgowell/Documents/Unreal Projects/FelineFour/CatNap/Content/Characters/Mannequins/Anims/Unarmed/Walk/MF_Unarmed_Walk_Fwd_Left.uexp" 1530
"C:/Users/rgowell/Documents/Unreal Projects/FelineFour/CatNap/Content/Characters/Mannequins/Anims/Unarmed/Walk/MF_Unarmed_Walk_Fwd.uasset" 1531
"C:/Users/rgowell/Documents/Unreal Projects/FelineFour/CatNap/Content/Characters/Mannequins/Anims/Unarmed/Walk/MF_Unarmed_Walk_Fwd.uexp" 1532
"C:/Users/rgowell/Documents/Unreal Projects/FelineFour/CatNap/Content/Characters/Mannequins/Anims/Unarmed/Walk/MF_Unarmed_Walk_Bwd_Right.uasset" 1533
"C:/Users/rgowell/Documents/Unreal Projects/FelineFour/CatNap/Content/Characters/Mannequins/Anims/Unarmed/Walk/MF_Unarmed_Walk_Bwd_Right.uexp" 1534
"C:/Users/rgowell/Documents/Unreal Projects/FelineFour/CatNap/Content/Characters/Mannequins/Anims/Unarmed/Walk/MF_Unarmed_Walk_Bwd_Left.uasset" 1535
"C:/Users/rgowell/Documents/Unreal Projects/FelineFour/CatNap/Content/Characters/Mannequins/Anims/Unarmed/Walk/MF_Unarmed_Walk_Bwd_Left.uexp" 1536
"C:/Users/rgowell/Documents/Unreal Projects/FelineFour/CatNap/Content/Characters/Mannequins/Anims/Unarmed/Walk/MF_Unarmed_Walk_Bwd.uasset" 1537
"C:/Users/rgowell/Documents/Unreal Projects/FelineFour/CatNap/Content/Characters/Mannequins/Anims/Unarmed/Walk/MF_Unarmed_Walk_Bwd.uexp" 1538
"C:/Users/rgowell/Documents/Unreal Projects/FelineFour/CatNap/Content/Characters/Mannequins/Anims/Unarmed/Jog/MF_Unarmed_Jog_Right.uasset" 1539
"C:/Users/rgowell/Documents/Unreal Projects/FelineFour/CatNap/Content/Characters/Mannequins/Anims/Unarmed/Jog/MF_Unarmed_Jog_Right.uexp" 1540
"C:/Users/rgowell/Documents/Unreal Projects/FelineFour/CatNap/Content/Characters/Mannequins/Anims/Unarmed/Jog/MF_Unarmed_Jog_Left.uasset" 1541
"C:/Users/rgowell/Documents/Unreal Projects/FelineFour/CatNap/Content/Characters/Mannequins/Anims/Unarmed/Jog/MF_Unarmed_Jog_Left.uexp" 1542
"C:/Users/rgowell/Documents/Unreal Projects/FelineFour/CatNap/Content/Characters/Mannequins/Anims/Unarmed/Jog/MF_Unarmed_Jog_Fwd_Right.uasset" 1543
"C:/Users/rgowell/Documents/Unreal Projects/FelineFour/CatNap/Content/Characters/Mannequins/Anims/Unarmed/Jog/MF_Unarmed_Jog_Fwd_Right.uexp" 1544
"C:/Users/rgowell/Documents/Unreal Projects/FelineFour/CatNap/Content/Characters/Mannequins/Anims/Unarmed/Jog/MF_Unarmed_Jog_Fwd_Left.uasset" 1545
"C:/Users/rgowell/Documents/Unreal Projects/FelineFour/CatNap/Content/Characters/Mannequins/Anims/Unarmed/Jog/MF_Unarmed_Jog_Fwd_Left.uexp" 1546
"C:/Users/rgowell/Documents/Unreal Projects/FelineFour/CatNap/Content/Characters/Mannequins/Anims/Unarmed/Jog/MF_Unarmed_Jog_Fwd.uasset" 1547
"C:/Users/rgowell/Documents/Unreal Projects/FelineFour/CatNap/Content/Characters/Mannequins/Anims/Unarmed/Jog/MF_Unarmed_Jog_Fwd.uexp" 1548
"C:/Users/rgowell/Documents/Unreal Projects/FelineFour/CatNap/Content/Characters/Mannequins/Anims/Unarmed/Jog/MF_Unarmed_Jog_Bwd_Right.uasset" 1549
"C:/Users/rgowell/Documents/Unreal Projects/FelineFour/CatNap/Content/Characters/Mannequins/Anims/Unarmed/Jog/MF_Unarmed_Jog_Bwd_Right.uexp" 1550
"C:/Users/rgowell/Documents/Unreal Projects/FelineFour/CatNap/Content/Characters/Mannequins/Anims/Unarmed/Jog/MF_Unarmed_Jog_Bwd_Left.uasset" 1551
"C:/Users/rgowell/Documents/Unreal Projects/FelineFour/CatNap/Content/Characters/Mannequins/Anims/Unarmed/Jog/MF_Unarmed_Jog_Bwd_Left.uexp" 1552
"C:/Users/rgowell/Documents/Unreal Projects/FelineFour/CatNap/Content/Characters/Mannequins/Anims/Unarmed/Jog/MF_Unarmed_Jog_Bwd.uasset" 1553
"C:/Users/rgowell/Documents/Unreal Projects/FelineFour/CatNap/Content/Characters/Mannequins/Anims/Unarmed/Jog/MF_Unarmed_Jog_Bwd.uexp" 1554
"C:/Users/rgowell/Documents/Unreal Projects/FelineFour/CatNap/Content/Characters/Mannequins/Anims/Unarmed/BS_Idle_Walk_Run.uasset" 1555
"C:/Users/rgowell/Documents/Unreal Projects/FelineFour/CatNap/Content/Characters/Mannequins/Anims/Unarmed/BS_Idle_Walk_Run.uexp" 1556
"C:/Users/rgowell/Documents/Unreal Projects/FelineFour/CatNap/Content/Characters/Mannequins/Anims/Unarmed/Jump/MM_Land.uasset" 1557
"C:/Users/rgowell/Documents/Unreal Projects/FelineFour/CatNap/Content/Characters/Mannequins/Anims/Unarmed/Jump/MM_Land.uexp" 1558
"C:/Users/rgowell/Documents/Unreal Projects/FelineFour/CatNap/Content/Characters/Mannequins/Anims/Unarmed/Jump/MM_Jump.uasset" 1559
"C:/Users/rgowell/Documents/Unreal Projects/FelineFour/CatNap/Content/Characters/Mannequins/Anims/Unarmed/Jump/MM_Jump.uexp" 1560
"C:/Users/rgowell/Documents/Unreal Projects/FelineFour/CatNap/Content/Characters/Mannequins/Anims/Unarmed/Jump/MM_Fall_Loop.uasset" 1561
"C:/Users/rgowell/Documents/Unreal Projects/FelineFour/CatNap/Content/Characters/Mannequins/Anims/Unarmed/Jump/MM_Fall_Loop.uexp" 1562
"C:/Users/rgowell/Documents/Unreal Projects/FelineFour/CatNap/Content/Characters/Mannequins/Anims/Unarmed/ABP_Brokecat.uasset" 1563
"C:/Users/rgowell/Documents/Unreal Projects/FelineFour/CatNap/Content/Characters/Mannequins/Anims/Unarmed/ABP_Brokecat.uexp" 1564
"C:/Users/rgowell/Documents/Unreal Projects/FelineFour/CatNap/Content/ThirdPerson/Blueprints/BP_Cat_Character.uasset" 1565
"C:/Users/rgowell/Documents/Unreal Projects/FelineFour/CatNap/Content/ThirdPerson/Blueprints/BP_Cat_Character.uexp" 1566
"C:/Users/rgowell/Documents/Unreal Projects/FelineFour/CatNap/Content/Blueprints/WBP/WBP_PauseMenu.uasset" 1567
"C:/Users/rgowell/Documents/Unreal Projects/FelineFour/CatNap/Content/Blueprints/WBP/WBP_PauseMenu.uexp" 1568
"C:/Users/rgowell/Documents/Unreal Projects/FelineFour/CatNap/Content/Blueprints/WBP/WBP_Controls.uasset" 1569
"C:/Users/rgowell/Documents/Unreal Projects/FelineFour/CatNap/Content/Blueprints/WBP/WBP_Controls.uexp" 1570
"C:/Users/rgowell/Documents/Unreal Projects/FelineFour/CatNap/Content/Fab/Cat_Cartoon/cat_cartoon/SkeletalMeshes/cat_cartoon_PhysicsAsset.uasset" 1571
"C:/Users/rgowell/Documents/Unreal Projects/FelineFour/CatNap/Content/Fab/Cat_Cartoon/cat_cartoon/SkeletalMeshes/cat_cartoon_PhysicsAsset.uexp" 1572
"C:/Users/rgowell/Documents/Unreal Projects/FelineFour/CatNap/Content/Fab/Cat_Cartoon/cat_cartoon/Textures/M_Cat_Tex.ubulk" 1573
"C:/Users/rgowell/Documents/Unreal Projects/FelineFour/CatNap/Content/Fab/Cat_Cartoon/cat_cartoon/Textures/M_Cat_Tex.uasset" 1574
"C:/Users/rgowell/Documents/Unreal Projects/FelineFour/CatNap/Content/Fab/Cat_Cartoon/cat_cartoon/Textures/M_Cat_Tex.uexp" 1575
"C:/Users/rgowell/Documents/Unreal Projects/FelineFour/CatNap/Content/Fab/Cat_Cartoon/cat_cartoon/Textures/cat_cartoon_texture_1.ubulk" 1576
"C:/Users/rgowell/Documents/Unreal Projects/FelineFour/CatNap/Content/Fab/Cat_Cartoon/cat_cartoon/Textures/cat_cartoon_texture_1.uasset" 1577
"C:/Users/rgowell/Documents/Unreal Projects/FelineFour/CatNap/Content/Fab/Cat_Cartoon/cat_cartoon/Textures/cat_cartoon_texture_1.uexp" 1578
"C:/Users/rgowell/Documents/Unreal Projects/FelineFour/CatNap/Content/Fab/Cat_Cartoon/cat_cartoon/Materials/M_Cat_Instance.uasset" 1579
"C:/Users/rgowell/Documents/Unreal Projects/FelineFour/CatNap/Content/Fab/Cat_Cartoon/cat_cartoon/Materials/M_Cat_Instance.uexp" 1580
"C:/Users/rgowell/Documents/Unreal Projects/FelineFour/CatNap/Content/Fab/Cat_Cartoon/cat_cartoon/Materials/Cat_001.uasset" 1581
"C:/Users/rgowell/Documents/Unreal Projects/FelineFour/CatNap/Content/Fab/Cat_Cartoon/cat_cartoon/Materials/Cat_001.uexp" 1582
"C:/Users/rgowell/Documents/Unreal Projects/FelineFour/CatNap/Content/Fab/Cat_Cartoon/cat_cartoon/SkeletalMeshes/cat_cartoon.uasset" 1583
"C:/Users/rgowell/Documents/Unreal Projects/FelineFour/CatNap/Content/Fab/Cat_Cartoon/cat_cartoon/SkeletalMeshes/cat_cartoon.uexp" 1584
"C:/Users/rgowell/Documents/Unreal Projects/FelineFour/CatNap/Plugins/EMUQuests/EMUQuests/Content/Blueprints/BP_EMUQuestCharacter.uasset" 1585
"C:/Users/rgowell/Documents/Unreal Projects/FelineFour/CatNap/Plugins/EMUQuests/EMUQuests/Content/Blueprints/BP_EMUQuestCharacter.uexp" 1586
"C:/Users/rgowell/Documents/Unreal Projects/FelineFour/CatNap/Plugins/EMUQuests/EMUQuests/Content/Blueprints/GM_EMUQuest.uasset" 1587
"C:/Users/rgowell/Documents/Unreal Projects/FelineFour/CatNap/Plugins/EMUQuests/EMUQuests/Content/Blueprints/GM_EMUQuest.uexp" 1588
"C:/Users/rgowell/Documents/Unreal Projects/FelineFour/CatNap/Plugins/EMUQuests/EMUQuests/Content/UI/Widgets/WB_CollectableInteract.uasset" 1589
"C:/Users/rgowell/Documents/Unreal Projects/FelineFour/CatNap/Plugins/EMUQuests/EMUQuests/Content/UI/Widgets/WB_CollectableInteract.uexp" 1590
"C:/Users/rgowell/Documents/Unreal Projects/FelineFour/CatNap/Plugins/EMUQuests/EMUQuests/Content/Collectibles/BookStuff/T_BookPagesEmissive.ubulk" 1591
"C:/Users/rgowell/Documents/Unreal Projects/FelineFour/CatNap/Plugins/EMUQuests/EMUQuests/Content/Collectibles/BookStuff/T_BookPagesEmissive.uasset" 1592
"C:/Users/rgowell/Documents/Unreal Projects/FelineFour/CatNap/Plugins/EMUQuests/EMUQuests/Content/Collectibles/BookStuff/T_BookPagesEmissive.uexp" 1593
"C:/Users/rgowell/Documents/Unreal Projects/FelineFour/CatNap/Plugins/EMUQuests/EMUQuests/Content/Collectibles/BookStuff/T_BookPagesBase.ubulk" 1594
"C:/Users/rgowell/Documents/Unreal Projects/FelineFour/CatNap/Plugins/EMUQuests/EMUQuests/Content/Collectibles/BookStuff/T_BookPagesBase.uasset" 1595
"C:/Users/rgowell/Documents/Unreal Projects/FelineFour/CatNap/Plugins/EMUQuests/EMUQuests/Content/Collectibles/BookStuff/T_BookPagesBase.uexp" 1596
"../../../Engine/Plugins/Interchange/Assets/Content/gltf/MaterialInstances/MI_Default_Blend_DS.uasset" 1597
"../../../Engine/Plugins/Interchange/Assets/Content/gltf/MaterialInstances/MI_Default_Blend_DS.uexp" 1598
"C:/Users/rgowell/Documents/Unreal Projects/FelineFour/CatNap/Plugins/EMUQuests/EMUQuests/Content/Collectibles/BookStuff/MI_BookPages.uasset" 1599
"C:/Users/rgowell/Documents/Unreal Projects/FelineFour/CatNap/Plugins/EMUQuests/EMUQuests/Content/Collectibles/BookStuff/MI_BookPages.uexp" 1600
"C:/Users/rgowell/Documents/Unreal Projects/FelineFour/CatNap/Plugins/EMUQuests/EMUQuests/Content/Collectibles/BookStuff/T_BookRoughness.ubulk" 1601
"C:/Users/rgowell/Documents/Unreal Projects/FelineFour/CatNap/Plugins/EMUQuests/EMUQuests/Content/Collectibles/BookStuff/T_BookRoughness.uasset" 1602
"C:/Users/rgowell/Documents/Unreal Projects/FelineFour/CatNap/Plugins/EMUQuests/EMUQuests/Content/Collectibles/BookStuff/T_BookRoughness.uexp" 1603
"C:/Users/rgowell/Documents/Unreal Projects/FelineFour/CatNap/Plugins/EMUQuests/EMUQuests/Content/Collectibles/BookStuff/T_BookNormal.ubulk" 1604
"C:/Users/rgowell/Documents/Unreal Projects/FelineFour/CatNap/Plugins/EMUQuests/EMUQuests/Content/Collectibles/BookStuff/T_BookNormal.uasset" 1605
"C:/Users/rgowell/Documents/Unreal Projects/FelineFour/CatNap/Plugins/EMUQuests/EMUQuests/Content/Collectibles/BookStuff/T_BookNormal.uexp" 1606
"C:/Users/rgowell/Documents/Unreal Projects/FelineFour/CatNap/Plugins/EMUQuests/EMUQuests/Content/Collectibles/BookStuff/T_BookCoverEmissive.ubulk" 1607
"C:/Users/rgowell/Documents/Unreal Projects/FelineFour/CatNap/Plugins/EMUQuests/EMUQuests/Content/Collectibles/BookStuff/T_BookCoverEmissive.uasset" 1608
"C:/Users/rgowell/Documents/Unreal Projects/FelineFour/CatNap/Plugins/EMUQuests/EMUQuests/Content/Collectibles/BookStuff/T_BookCoverEmissive.uexp" 1609
"C:/Users/rgowell/Documents/Unreal Projects/FelineFour/CatNap/Plugins/EMUQuests/EMUQuests/Content/Collectibles/BookStuff/T_BookCoverBase.ubulk" 1610
"C:/Users/rgowell/Documents/Unreal Projects/FelineFour/CatNap/Plugins/EMUQuests/EMUQuests/Content/Collectibles/BookStuff/T_BookCoverBase.uasset" 1611
"C:/Users/rgowell/Documents/Unreal Projects/FelineFour/CatNap/Plugins/EMUQuests/EMUQuests/Content/Collectibles/BookStuff/T_BookCoverBase.uexp" 1612
"C:/Users/rgowell/Documents/Unreal Projects/FelineFour/CatNap/Plugins/EMUQuests/EMUQuests/Content/Collectibles/BookStuff/MI_BookCover.uasset" 1613
"C:/Users/rgowell/Documents/Unreal Projects/FelineFour/CatNap/Plugins/EMUQuests/EMUQuests/Content/Collectibles/BookStuff/MI_BookCover.uexp" 1614
"C:/Users/rgowell/Documents/Unreal Projects/FelineFour/CatNap/Plugins/EMUQuests/EMUQuests/Content/Collectibles/BookStuff/SM_UnrealTextbook.ubulk" 1615
"C:/Users/rgowell/Documents/Unreal Projects/FelineFour/CatNap/Plugins/EMUQuests/EMUQuests/Content/Collectibles/BookStuff/SM_UnrealTextbook.uasset" 1616
"C:/Users/rgowell/Documents/Unreal Projects/FelineFour/CatNap/Plugins/EMUQuests/EMUQuests/Content/Collectibles/BookStuff/SM_UnrealTextbook.uexp" 1617
"C:/Users/rgowell/Documents/Unreal Projects/FelineFour/CatNap/Plugins/EMUQuests/EMUQuests/Content/Blueprints/BP_Collectable.uasset" 1618
"C:/Users/rgowell/Documents/Unreal Projects/FelineFour/CatNap/Plugins/EMUQuests/EMUQuests/Content/Blueprints/BP_Collectable.uexp" 1619
"C:/Users/rgowell/Documents/Unreal Projects/FelineFour/CatNap/Plugins/EMUQuests/EMUQuests/Content/MapStuff/Textures/T_TreeNormal.ubulk" 1620
"C:/Users/rgowell/Documents/Unreal Projects/FelineFour/CatNap/Plugins/EMUQuests/EMUQuests/Content/MapStuff/Textures/T_TreeNormal.uasset" 1621
"C:/Users/rgowell/Documents/Unreal Projects/FelineFour/CatNap/Plugins/EMUQuests/EMUQuests/Content/MapStuff/Textures/T_TreeNormal.uexp" 1622
"C:/Users/rgowell/Documents/Unreal Projects/FelineFour/CatNap/Plugins/EMUQuests/EMUQuests/Content/MapStuff/Textures/T_TreeBase.ubulk" 1623
"C:/Users/rgowell/Documents/Unreal Projects/FelineFour/CatNap/Plugins/EMUQuests/EMUQuests/Content/MapStuff/Textures/T_TreeBase.uasset" 1624
"C:/Users/rgowell/Documents/Unreal Projects/FelineFour/CatNap/Plugins/EMUQuests/EMUQuests/Content/MapStuff/Textures/T_TreeBase.uexp" 1625
"C:/Users/rgowell/Documents/Unreal Projects/FelineFour/CatNap/Plugins/EMUQuests/EMUQuests/Content/MapStuff/Materials/M_TreeBark.uasset" 1626
"C:/Users/rgowell/Documents/Unreal Projects/FelineFour/CatNap/Plugins/EMUQuests/EMUQuests/Content/MapStuff/Materials/M_TreeBark.uexp" 1627
"../../../Engine/Content/Functions/Engine_MaterialFunctions02/Utility/DitherTemporalAA.uasset" 1628
"../../../Engine/Content/Functions/Engine_MaterialFunctions02/Utility/DitherTemporalAA.uexp" 1629
"C:/Users/rgowell/Documents/Unreal Projects/FelineFour/CatNap/Plugins/EMUQuests/EMUQuests/Content/MapStuff/Textures/T_TreeAlpha.ubulk" 1630
"C:/Users/rgowell/Documents/Unreal Projects/FelineFour/CatNap/Plugins/EMUQuests/EMUQuests/Content/MapStuff/Textures/T_TreeAlpha.uasset" 1631
"C:/Users/rgowell/Documents/Unreal Projects/FelineFour/CatNap/Plugins/EMUQuests/EMUQuests/Content/MapStuff/Textures/T_TreeAlpha.uexp" 1632
"C:/Users/rgowell/Documents/Unreal Projects/FelineFour/CatNap/Plugins/EMUQuests/EMUQuests/Content/MapStuff/Materials/M_TreeLeaves.uasset" 1633
"C:/Users/rgowell/Documents/Unreal Projects/FelineFour/CatNap/Plugins/EMUQuests/EMUQuests/Content/MapStuff/Materials/M_TreeLeaves.uexp" 1634
"C:/Users/rgowell/Documents/Unreal Projects/FelineFour/CatNap/Plugins/EMUQuests/EMUQuests/Content/MapStuff/Materials/MI_TreeLeaves.uasset" 1635
"C:/Users/rgowell/Documents/Unreal Projects/FelineFour/CatNap/Plugins/EMUQuests/EMUQuests/Content/MapStuff/Materials/MI_TreeLeaves.uexp" 1636
"C:/Users/rgowell/Documents/Unreal Projects/FelineFour/CatNap/Plugins/EMUQuests/EMUQuests/Content/MapStuff/Meshes/SM_Tree.ubulk" 1637
"C:/Users/rgowell/Documents/Unreal Projects/FelineFour/CatNap/Plugins/EMUQuests/EMUQuests/Content/MapStuff/Meshes/SM_Tree.uasset" 1638
"C:/Users/rgowell/Documents/Unreal Projects/FelineFour/CatNap/Plugins/EMUQuests/EMUQuests/Content/MapStuff/Meshes/SM_Tree.uexp" 1639
"C:/Users/rgowell/Documents/Unreal Projects/FelineFour/CatNap/Plugins/EMUQuests/EMUQuests/Content/MapStuff/Textures/T_AllMeshesNormal.ubulk" 1640
"C:/Users/rgowell/Documents/Unreal Projects/FelineFour/CatNap/Plugins/EMUQuests/EMUQuests/Content/MapStuff/Textures/T_AllMeshesNormal.uasset" 1641
"C:/Users/rgowell/Documents/Unreal Projects/FelineFour/CatNap/Plugins/EMUQuests/EMUQuests/Content/MapStuff/Textures/T_AllMeshesNormal.uexp" 1642
"C:/Users/rgowell/Documents/Unreal Projects/FelineFour/CatNap/Plugins/EMUQuests/EMUQuests/Content/MapStuff/Textures/T_AllMeshesBase.ubulk" 1643
"C:/Users/rgowell/Documents/Unreal Projects/FelineFour/CatNap/Plugins/EMUQuests/EMUQuests/Content/MapStuff/Textures/T_AllMeshesBase.uasset" 1644
"C:/Users/rgowell/Documents/Unreal Projects/FelineFour/CatNap/Plugins/EMUQuests/EMUQuests/Content/MapStuff/Textures/T_AllMeshesBase.uexp" 1645
"C:/Users/rgowell/Documents/Unreal Projects/FelineFour/CatNap/Plugins/EMUQuests/EMUQuests/Content/MapStuff/Materials/M_Rock.uasset" 1646
"C:/Users/rgowell/Documents/Unreal Projects/FelineFour/CatNap/Plugins/EMUQuests/EMUQuests/Content/MapStuff/Materials/M_Rock.uexp" 1647
"C:/Users/rgowell/Documents/Unreal Projects/FelineFour/CatNap/Plugins/EMUQuests/EMUQuests/Content/MapStuff/Meshes/SM_Rock.ubulk" 1648
"C:/Users/rgowell/Documents/Unreal Projects/FelineFour/CatNap/Plugins/EMUQuests/EMUQuests/Content/MapStuff/Meshes/SM_Rock.uasset" 1649
"C:/Users/rgowell/Documents/Unreal Projects/FelineFour/CatNap/Plugins/EMUQuests/EMUQuests/Content/MapStuff/Meshes/SM_Rock.uexp" 1650
"C:/Users/rgowell/Documents/Unreal Projects/FelineFour/CatNap/Plugins/EMUQuests/EMUQuests/Content/MapStuff/Materials/M_Plants.uasset" 1651
"C:/Users/rgowell/Documents/Unreal Projects/FelineFour/CatNap/Plugins/EMUQuests/EMUQuests/Content/MapStuff/Materials/M_Plants.uexp" 1652
"C:/Users/rgowell/Documents/Unreal Projects/FelineFour/CatNap/Plugins/EMUQuests/EMUQuests/Content/MapStuff/Materials/MI_Plants.uasset" 1653
"C:/Users/rgowell/Documents/Unreal Projects/FelineFour/CatNap/Plugins/EMUQuests/EMUQuests/Content/MapStuff/Materials/MI_Plants.uexp" 1654
"C:/Users/rgowell/Documents/Unreal Projects/FelineFour/CatNap/Plugins/EMUQuests/EMUQuests/Content/MapStuff/Meshes/SM_Plant2.ubulk" 1655
"C:/Users/rgowell/Documents/Unreal Projects/FelineFour/CatNap/Plugins/EMUQuests/EMUQuests/Content/MapStuff/Meshes/SM_Plant2.uasset" 1656
"C:/Users/rgowell/Documents/Unreal Projects/FelineFour/CatNap/Plugins/EMUQuests/EMUQuests/Content/MapStuff/Meshes/SM_Plant2.uexp" 1657
"C:/Users/rgowell/Documents/Unreal Projects/FelineFour/CatNap/Plugins/EMUQuests/EMUQuests/Content/MapStuff/Meshes/SM_Plant.ubulk" 1658
"C:/Users/rgowell/Documents/Unreal Projects/FelineFour/CatNap/Plugins/EMUQuests/EMUQuests/Content/MapStuff/Meshes/SM_Plant.uasset" 1659
"C:/Users/rgowell/Documents/Unreal Projects/FelineFour/CatNap/Plugins/EMUQuests/EMUQuests/Content/MapStuff/Meshes/SM_Plant.uexp" 1660
"C:/Users/rgowell/Documents/Unreal Projects/FelineFour/CatNap/Plugins/EMUQuests/EMUQuests/Content/MapStuff/Meshes/SM_Mushroom.ubulk" 1661
"C:/Users/rgowell/Documents/Unreal Projects/FelineFour/CatNap/Plugins/EMUQuests/EMUQuests/Content/MapStuff/Meshes/SM_Mushroom.uasset" 1662
"C:/Users/rgowell/Documents/Unreal Projects/FelineFour/CatNap/Plugins/EMUQuests/EMUQuests/Content/MapStuff/Meshes/SM_Mushroom.uexp" 1663
"C:/Users/rgowell/Documents/Unreal Projects/FelineFour/CatNap/Plugins/EMUQuests/EMUQuests/Content/MapStuff/Meshes/SM_Branch.ubulk" 1664
"C:/Users/rgowell/Documents/Unreal Projects/FelineFour/CatNap/Plugins/EMUQuests/EMUQuests/Content/MapStuff/Meshes/SM_Branch.uasset" 1665
"C:/Users/rgowell/Documents/Unreal Projects/FelineFour/CatNap/Plugins/EMUQuests/EMUQuests/Content/MapStuff/Meshes/SM_Branch.uexp" 1666
"C:/Users/rgowell/Documents/Unreal Projects/FelineFour/CatNap/Plugins/EMUQuests/EMUQuests/Content/MapStuff/Textures/T_TerrainGrassMask.ubulk" 1667
"C:/Users/rgowell/Documents/Unreal Projects/FelineFour/CatNap/Plugins/EMUQuests/EMUQuests/Content/MapStuff/Textures/T_TerrainGrassMask.uasset" 1668
"C:/Users/rgowell/Documents/Unreal Projects/FelineFour/CatNap/Plugins/EMUQuests/EMUQuests/Content/MapStuff/Textures/T_TerrainGrassMask.uexp" 1669
"C:/Users/rgowell/Documents/Unreal Projects/FelineFour/CatNap/Plugins/EMUQuests/EMUQuests/Content/MapStuff/Materials/M_Terrain.uasset" 1670
"C:/Users/rgowell/Documents/Unreal Projects/FelineFour/CatNap/Plugins/EMUQuests/EMUQuests/Content/MapStuff/Materials/M_Terrain.uexp" 1671
"C:/Users/rgowell/Documents/Unreal Projects/FelineFour/CatNap/Plugins/EMUQuests/EMUQuests/Content/MapStuff/Materials/MI_Terrain.uasset" 1672
"C:/Users/rgowell/Documents/Unreal Projects/FelineFour/CatNap/Plugins/EMUQuests/EMUQuests/Content/MapStuff/Materials/MI_Terrain.uexp" 1673
"../../../Engine/Plugins/Fab/Content/MaterialFunctions/QMF_RoughnessAdjustments.uasset" 1674
"../../../Engine/Plugins/Fab/Content/MaterialFunctions/QMF_RoughnessAdjustments.uexp" 1675
"../../../Engine/Plugins/Fab/Content/MaterialFunctions/QMF_NormalAdjustments.uasset" 1676
"../../../Engine/Plugins/Fab/Content/MaterialFunctions/QMF_NormalAdjustments.uexp" 1677
"../../../Engine/Plugins/Fab/Content/MaterialFunctions/QMF_BaseColorAdjustments.uasset" 1678
"../../../Engine/Plugins/Fab/Content/MaterialFunctions/QMF_BaseColorAdjustments.uexp" 1679
"../../../Engine/Plugins/Fab/Content/MaterialFunctions/QMF_AOAdjustments.uasset" 1680
"../../../Engine/Plugins/Fab/Content/MaterialFunctions/QMF_AOAdjustments.uexp" 1681
"../../../Engine/Plugins/Fab/Content/Textures/Standard/T_DefaultNormal.uasset" 1682
"../../../Engine/Plugins/Fab/Content/Textures/Standard/T_DefaultNormal.uexp" 1683
"../../../Engine/Plugins/Fab/Content/Textures/Standard/T_DefaultMasks.uasset" 1684
"../../../Engine/Plugins/Fab/Content/Textures/Standard/T_DefaultMasks.uexp" 1685
"../../../Engine/Plugins/Fab/Content/Textures/Standard/T_DefaultDisplacement.uasset" 1686
"../../../Engine/Plugins/Fab/Content/Textures/Standard/T_DefaultDisplacement.uexp" 1687
"../../../Engine/Plugins/Fab/Content/Textures/Standard/T_DefaultColor.uasset" 1688
"../../../Engine/Plugins/Fab/Content/Textures/Standard/T_DefaultColor.uexp" 1689
"../../../Engine/Plugins/Fab/Content/Materials/Standard/M_MS_Base.uasset" 1690
"../../../Engine/Plugins/Fab/Content/Materials/Standard/M_MS_Base.uexp" 1691
"C:/Users/rgowell/Documents/Unreal Projects/FelineFour/CatNap/Plugins/EMUQuests/EMUQuests/Content/Collectibles/BoxStuff/T_BoxORM.ubulk" 1692
"C:/Users/rgowell/Documents/Unreal Projects/FelineFour/CatNap/Plugins/EMUQuests/EMUQuests/Content/Collectibles/BoxStuff/T_BoxORM.uasset" 1693
"C:/Users/rgowell/Documents/Unreal Projects/FelineFour/CatNap/Plugins/EMUQuests/EMUQuests/Content/Collectibles/BoxStuff/T_BoxORM.uexp" 1694
"C:/Users/rgowell/Documents/Unreal Projects/FelineFour/CatNap/Plugins/EMUQuests/EMUQuests/Content/Collectibles/BoxStuff/T_BoxNormal.ubulk" 1695
"C:/Users/rgowell/Documents/Unreal Projects/FelineFour/CatNap/Plugins/EMUQuests/EMUQuests/Content/Collectibles/BoxStuff/T_BoxNormal.uasset" 1696
"C:/Users/rgowell/Documents/Unreal Projects/FelineFour/CatNap/Plugins/EMUQuests/EMUQuests/Content/Collectibles/BoxStuff/T_BoxNormal.uexp" 1697
"C:/Users/rgowell/Documents/Unreal Projects/FelineFour/CatNap/Plugins/EMUQuests/EMUQuests/Content/Collectibles/BoxStuff/T_Box.ubulk" 1698
"C:/Users/rgowell/Documents/Unreal Projects/FelineFour/CatNap/Plugins/EMUQuests/EMUQuests/Content/Collectibles/BoxStuff/T_Box.uasset" 1699
"C:/Users/rgowell/Documents/Unreal Projects/FelineFour/CatNap/Plugins/EMUQuests/EMUQuests/Content/Collectibles/BoxStuff/T_Box.uexp" 1700
"C:/Users/rgowell/Documents/Unreal Projects/FelineFour/CatNap/Plugins/EMUQuests/EMUQuests/Content/Collectibles/BoxStuff/MI_Box.uasset" 1701
"C:/Users/rgowell/Documents/Unreal Projects/FelineFour/CatNap/Plugins/EMUQuests/EMUQuests/Content/Collectibles/BoxStuff/MI_Box.uexp" 1702
"C:/Users/rgowell/Documents/Unreal Projects/FelineFour/CatNap/Plugins/EMUQuests/EMUQuests/Content/Collectibles/BoxStuff/SM_Box.ubulk" 1703
"C:/Users/rgowell/Documents/Unreal Projects/FelineFour/CatNap/Plugins/EMUQuests/EMUQuests/Content/Collectibles/BoxStuff/SM_Box.uasset" 1704
"C:/Users/rgowell/Documents/Unreal Projects/FelineFour/CatNap/Plugins/EMUQuests/EMUQuests/Content/Collectibles/BoxStuff/SM_Box.uexp" 1705
"C:/Users/rgowell/Documents/Unreal Projects/FelineFour/CatNap/Plugins/EMUQuests/EMUQuests/Content/Blueprints/BP_Destination.uasset" 1706
"C:/Users/rgowell/Documents/Unreal Projects/FelineFour/CatNap/Plugins/EMUQuests/EMUQuests/Content/Blueprints/BP_Destination.uexp" 1707
"C:/Users/rgowell/Documents/Unreal Projects/FelineFour/CatNap/Plugins/EMUQuests/EMUQuests/Content/CharacterStuff/SKM_NPC.uasset" 1708
"C:/Users/rgowell/Documents/Unreal Projects/FelineFour/CatNap/Plugins/EMUQuests/EMUQuests/Content/CharacterStuff/SKM_NPC.uexp" 1709
"C:/Users/rgowell/Documents/Unreal Projects/FelineFour/CatNap/Plugins/EMUQuests/EMUQuests/Content/Blueprints/BP_QuestGiver.uasset" 1710
"C:/Users/rgowell/Documents/Unreal Projects/FelineFour/CatNap/Plugins/EMUQuests/EMUQuests/Content/Blueprints/BP_QuestGiver.uexp" 1711
"C:/Users/rgowell/Documents/Unreal Projects/FelineFour/CatNap/Plugins/EMUQuests/EMUQuests/Content/MapStuff/L_EMUQuestMap.uexp" 1712
"C:/Users/rgowell/Documents/Unreal Projects/FelineFour/CatNap/Plugins/EMUQuests/EMUQuests/Content/MapStuff/L_EMUQuestMap.umap" 1713
"C:/Users/rgowell/Documents/Unreal Projects/FelineFour/CatNap/Content/Input/IMC_MouseLook.uasset" 1714
"C:/Users/rgowell/Documents/Unreal Projects/FelineFour/CatNap/Content/Input/IMC_MouseLook.uexp" 1715
"C:/Users/rgowell/Documents/Unreal Projects/FelineFour/CatNap/Content/Input/IMC_Default.uasset" 1716
"C:/Users/rgowell/Documents/Unreal Projects/FelineFour/CatNap/Content/Input/IMC_Default.uexp" 1717
"../../../Engine/Content/MobileResources/HUD/VirtualJoystick_Thumb.uasset" 1718
"../../../Engine/Content/MobileResources/HUD/VirtualJoystick_Thumb.uexp" 1719
"../../../Engine/Content/MobileResources/HUD/VirtualJoystick_Background.uasset" 1720
"../../../Engine/Content/MobileResources/HUD/VirtualJoystick_Background.uexp" 1721
"C:/Users/rgowell/Documents/Unreal Projects/FelineFour/CatNap/Content/Input/Touch/UI_Thumbstick.uasset" 1722
"C:/Users/rgowell/Documents/Unreal Projects/FelineFour/CatNap/Content/Input/Touch/UI_Thumbstick.uexp" 1723
"C:/Users/rgowell/Documents/Unreal Projects/FelineFour/CatNap/Content/Input/Touch/UI_TouchSimple.uasset" 1724
"C:/Users/rgowell/Documents/Unreal Projects/FelineFour/CatNap/Content/Input/Touch/UI_TouchSimple.uexp" 1725
"C:/Users/rgowell/Documents/Unreal Projects/FelineFour/CatNap/Content/ThirdPerson/Blueprints/BP_ThirdPersonPlayerController.uasset" 1726
"C:/Users/rgowell/Documents/Unreal Projects/FelineFour/CatNap/Content/ThirdPerson/Blueprints/BP_ThirdPersonPlayerController.uexp" 1727
"C:/Users/rgowell/Documents/Unreal Projects/FelineFour/CatNap/Content/ThirdPerson/Blueprints/BP_ThirdPersonGameMode.uasset" 1728
"C:/Users/rgowell/Documents/Unreal Projects/FelineFour/CatNap/Content/ThirdPerson/Blueprints/BP_ThirdPersonGameMode.uexp" 1729
"C:/Users/rgowell/Documents/Unreal Projects/FelineFour/CatNap/Content/ThirdPerson/Lvl_ThirdPerson.uexp" 1730
"C:/Users/rgowell/Documents/Unreal Projects/FelineFour/CatNap/Content/ThirdPerson/Lvl_ThirdPerson.umap" 1731
"C:/Users/rgowell/Documents/Unreal Projects/FelineFour/CatNap/Content/Fonts/LuckiestGuy-Regular.uexp" 1732
"C:/Users/rgowell/Documents/Unreal Projects/FelineFour/CatNap/Content/Fonts/LuckiestGuy-Regular.uasset" 1733
"C:/Users/rgowell/Documents/Unreal Projects/FelineFour/CatNap/Content/Fonts/LuckiestGuy-Regular.ufont" 1734
"C:/Users/rgowell/Documents/Unreal Projects/FelineFour/CatNap/Content/Fonts/LuckiestGuy-Regular_Font.uasset" 1735
"C:/Users/rgowell/Documents/Unreal Projects/FelineFour/CatNap/Content/Fonts/LuckiestGuy-Regular_Font.uexp" 1736
"C:/Users/rgowell/Documents/Unreal Projects/FelineFour/CatNap/Content/2dArtTextures/cover_2.uasset" 1737
"C:/Users/rgowell/Documents/Unreal Projects/FelineFour/CatNap/Content/2dArtTextures/cover_2.uexp" 1738
"C:/Users/rgowell/Documents/Unreal Projects/FelineFour/CatNap/Content/Blueprints/WBP/WBP_StartMenu.uasset" 1739
"C:/Users/rgowell/Documents/Unreal Projects/FelineFour/CatNap/Content/Blueprints/WBP/WBP_StartMenu.uexp" 1740
"C:/Users/rgowell/Documents/Unreal Projects/FelineFour/CatNap/Content/Levels/GameModes/GM_StartMenuLevel.uasset" 1741
"C:/Users/rgowell/Documents/Unreal Projects/FelineFour/CatNap/Content/Levels/GameModes/GM_StartMenuLevel.uexp" 1742
"C:/Users/rgowell/Documents/Unreal Projects/FelineFour/CatNap/Content/Levels/StartMenuLevel.uexp" 1743
"C:/Users/rgowell/Documents/Unreal Projects/FelineFour/CatNap/Content/Levels/StartMenuLevel.umap" 1744
"C:/Users/rgowell/Documents/Unreal Projects/FelineFour/CatNap/Content/Levels/L_LevelOne.uexp" 1745
"C:/Users/rgowell/Documents/Unreal Projects/FelineFour/CatNap/Content/Levels/L_LevelOne.umap" 1746
"C:/Users/rgowell/Documents/Unreal Projects/FelineFour/CatNap/Content/Levels/GameModes/GM_Controls_Screen.uasset" 1747
"C:/Users/rgowell/Documents/Unreal Projects/FelineFour/CatNap/Content/Levels/GameModes/GM_Controls_Screen.uexp" 1748
"C:/Users/rgowell/Documents/Unreal Projects/FelineFour/CatNap/Content/Levels/L_Controls.uexp" 1749
"C:/Users/rgowell/Documents/Unreal Projects/FelineFour/CatNap/Content/Levels/L_Controls.umap" 1750
"../../../Engine/Content/BasicShapes/Sphere.ubulk" 1751
"../../../Engine/Content/BasicShapes/Sphere.uasset" 1752
"../../../Engine/Content/BasicShapes/Sphere.uexp" 1753
"C:/Users/rgowell/Documents/Unreal Projects/FelineFour/CatNap/Content/VRS_LowPolyNatureEssentials/Meshes/Env/SM_DisplayPlane.ubulk" 1754
"C:/Users/rgowell/Documents/Unreal Projects/FelineFour/CatNap/Content/VRS_LowPolyNatureEssentials/Meshes/Env/SM_DisplayPlane.uasset" 1755
"C:/Users/rgowell/Documents/Unreal Projects/FelineFour/CatNap/Content/VRS_LowPolyNatureEssentials/Meshes/Env/SM_DisplayPlane.uexp" 1756
"C:/Users/rgowell/Documents/Unreal Projects/FelineFour/CatNap/Content/VRS_LowPolyNatureEssentials/Materials/MI_BaseMetal.uasset" 1757
"C:/Users/rgowell/Documents/Unreal Projects/FelineFour/CatNap/Content/VRS_LowPolyNatureEssentials/Materials/MI_BaseMetal.uexp" 1758
"C:/Users/rgowell/Documents/Unreal Projects/FelineFour/CatNap/Content/VRS_LowPolyNatureEssentials/Meshes/Arch/Fence/SM_SWFModA.ubulk" 1759
"C:/Users/rgowell/Documents/Unreal Projects/FelineFour/CatNap/Content/VRS_LowPolyNatureEssentials/Meshes/Arch/Fence/SM_SWFModA.uasset" 1760
"C:/Users/rgowell/Documents/Unreal Projects/FelineFour/CatNap/Content/VRS_LowPolyNatureEssentials/Meshes/Arch/Fence/SM_SWFModA.uexp" 1761
"C:/Users/rgowell/Documents/Unreal Projects/FelineFour/CatNap/Content/VRS_LowPolyNatureEssentials/Meshes/Arch/Fence/SM_SWFModShortA.ubulk" 1762
"C:/Users/rgowell/Documents/Unreal Projects/FelineFour/CatNap/Content/VRS_LowPolyNatureEssentials/Meshes/Arch/Fence/SM_SWFModShortA.uasset" 1763
"C:/Users/rgowell/Documents/Unreal Projects/FelineFour/CatNap/Content/VRS_LowPolyNatureEssentials/Meshes/Arch/Fence/SM_SWFModShortA.uexp" 1764
"C:/Users/rgowell/Documents/Unreal Projects/FelineFour/CatNap/Content/VRS_LowPolyNatureEssentials/Meshes/Arch/RuinedWalls/SM_RuinedWallA.ubulk" 1765
"C:/Users/rgowell/Documents/Unreal Projects/FelineFour/CatNap/Content/VRS_LowPolyNatureEssentials/Meshes/Arch/RuinedWalls/SM_RuinedWallA.uasset" 1766
"C:/Users/rgowell/Documents/Unreal Projects/FelineFour/CatNap/Content/VRS_LowPolyNatureEssentials/Meshes/Arch/RuinedWalls/SM_RuinedWallA.uexp" 1767
"C:/Users/rgowell/Documents/Unreal Projects/FelineFour/CatNap/Content/VRS_LowPolyNatureEssentials/Meshes/Arch/RuinedWalls/SM_RuinedWallRubbleA.ubulk" 1768
"C:/Users/rgowell/Documents/Unreal Projects/FelineFour/CatNap/Content/VRS_LowPolyNatureEssentials/Meshes/Arch/RuinedWalls/SM_RuinedWallRubbleA.uasset" 1769
"C:/Users/rgowell/Documents/Unreal Projects/FelineFour/CatNap/Content/VRS_LowPolyNatureEssentials/Meshes/Arch/RuinedWalls/SM_RuinedWallRubbleA.uexp" 1770
"C:/Users/rgowell/Documents/Unreal Projects/FelineFour/CatNap/Content/VRS_LowPolyNatureEssentials/Meshes/Env/Bushes/SM_Bush8.ubulk" 1771
"C:/Users/rgowell/Documents/Unreal Projects/FelineFour/CatNap/Content/VRS_LowPolyNatureEssentials/Meshes/Env/Bushes/SM_Bush8.uasset" 1772
"C:/Users/rgowell/Documents/Unreal Projects/FelineFour/CatNap/Content/VRS_LowPolyNatureEssentials/Meshes/Env/Bushes/SM_Bush8.uexp" 1773
"C:/Users/rgowell/Documents/Unreal Projects/FelineFour/CatNap/Content/VRS_LowPolyNatureEssentials/Meshes/Env/Bushes/SM_BushA.ubulk" 1774
"C:/Users/rgowell/Documents/Unreal Projects/FelineFour/CatNap/Content/VRS_LowPolyNatureEssentials/Meshes/Env/Bushes/SM_BushA.uasset" 1775
"C:/Users/rgowell/Documents/Unreal Projects/FelineFour/CatNap/Content/VRS_LowPolyNatureEssentials/Meshes/Env/Bushes/SM_BushA.uexp" 1776
"C:/Users/rgowell/Documents/Unreal Projects/FelineFour/CatNap/Content/VRS_LowPolyNatureEssentials/Meshes/Env/GrassLumps/SM_GrassLumpD.ubulk" 1777
"C:/Users/rgowell/Documents/Unreal Projects/FelineFour/CatNap/Content/VRS_LowPolyNatureEssentials/Meshes/Env/GrassLumps/SM_GrassLumpD.uasset" 1778
"C:/Users/rgowell/Documents/Unreal Projects/FelineFour/CatNap/Content/VRS_LowPolyNatureEssentials/Meshes/Env/GrassLumps/SM_GrassLumpD.uexp" 1779
"C:/Users/rgowell/Documents/Unreal Projects/FelineFour/CatNap/Content/VRS_LowPolyNatureEssentials/Meshes/Env/GrassLumps/SM_GrassLumpLargeFTall.ubulk" 1780
"C:/Users/rgowell/Documents/Unreal Projects/FelineFour/CatNap/Content/VRS_LowPolyNatureEssentials/Meshes/Env/GrassLumps/SM_GrassLumpLargeFTall.uasset" 1781
"C:/Users/rgowell/Documents/Unreal Projects/FelineFour/CatNap/Content/VRS_LowPolyNatureEssentials/Meshes/Env/GrassLumps/SM_GrassLumpLargeFTall.uexp" 1782
"C:/Users/rgowell/Documents/Unreal Projects/FelineFour/CatNap/Content/VRS_LowPolyNatureEssentials/Meshes/Env/GrassLumps/SM_MixedGrassLumpLargeB.ubulk" 1783
"C:/Users/rgowell/Documents/Unreal Projects/FelineFour/CatNap/Content/VRS_LowPolyNatureEssentials/Meshes/Env/GrassLumps/SM_MixedGrassLumpLargeB.uasset" 1784
"C:/Users/rgowell/Documents/Unreal Projects/FelineFour/CatNap/Content/VRS_LowPolyNatureEssentials/Meshes/Env/GrassLumps/SM_MixedGrassLumpLargeB.uexp" 1785
"C:/Users/rgowell/Documents/Unreal Projects/FelineFour/CatNap/Content/VRS_LowPolyNatureEssentials/Meshes/Env/Ground/FloatingIslands/SM_FloatingIslandA.ubulk" 1786
"C:/Users/rgowell/Documents/Unreal Projects/FelineFour/CatNap/Content/VRS_LowPolyNatureEssentials/Meshes/Env/Ground/FloatingIslands/SM_FloatingIslandA.uasset" 1787
"C:/Users/rgowell/Documents/Unreal Projects/FelineFour/CatNap/Content/VRS_LowPolyNatureEssentials/Meshes/Env/Ground/FloatingIslands/SM_FloatingIslandA.uexp" 1788
"C:/Users/rgowell/Documents/Unreal Projects/FelineFour/CatNap/Content/VRS_LowPolyNatureEssentials/Meshes/Env/Ground/SmallPiles/SM_DirtPileG.ubulk" 1789
"C:/Users/rgowell/Documents/Unreal Projects/FelineFour/CatNap/Content/VRS_LowPolyNatureEssentials/Meshes/Env/Ground/SmallPiles/SM_DirtPileG.uasset" 1790
"C:/Users/rgowell/Documents/Unreal Projects/FelineFour/CatNap/Content/VRS_LowPolyNatureEssentials/Meshes/Env/Ground/SmallPiles/SM_DirtPileG.uexp" 1791
"C:/Users/rgowell/Documents/Unreal Projects/FelineFour/CatNap/Content/VRS_LowPolyNatureEssentials/Meshes/Env/Ground/SmallPiles/SM_GrassPileG.ubulk" 1792
"C:/Users/rgowell/Documents/Unreal Projects/FelineFour/CatNap/Content/VRS_LowPolyNatureEssentials/Meshes/Env/Ground/SmallPiles/SM_GrassPileG.uasset" 1793
"C:/Users/rgowell/Documents/Unreal Projects/FelineFour/CatNap/Content/VRS_LowPolyNatureEssentials/Meshes/Env/Ground/SmallPiles/SM_GrassPileG.uexp" 1794
"C:/Users/rgowell/Documents/Unreal Projects/FelineFour/CatNap/Content/VRS_LowPolyNatureEssentials/Meshes/Env/Mushrooms/DeathCap/SM_DeathCapBAdultVariantC.ubulk" 1795
"C:/Users/rgowell/Documents/Unreal Projects/FelineFour/CatNap/Content/VRS_LowPolyNatureEssentials/Meshes/Env/Mushrooms/DeathCap/SM_DeathCapBAdultVariantC.uasset" 1796
"C:/Users/rgowell/Documents/Unreal Projects/FelineFour/CatNap/Content/VRS_LowPolyNatureEssentials/Meshes/Env/Mushrooms/DeathCap/SM_DeathCapBAdultVariantC.uexp" 1797
"C:/Users/rgowell/Documents/Unreal Projects/FelineFour/CatNap/Content/VRS_LowPolyNatureEssentials/Meshes/Env/Mushrooms/FlyAgaric/SM_FlyAgaricBAdultVariantB.ubulk" 1798
"C:/Users/rgowell/Documents/Unreal Projects/FelineFour/CatNap/Content/VRS_LowPolyNatureEssentials/Meshes/Env/Mushrooms/FlyAgaric/SM_FlyAgaricBAdultVariantB.uasset" 1799
"C:/Users/rgowell/Documents/Unreal Projects/FelineFour/CatNap/Content/VRS_LowPolyNatureEssentials/Meshes/Env/Mushrooms/FlyAgaric/SM_FlyAgaricBAdultVariantB.uexp" 1800
"C:/Users/rgowell/Documents/Unreal Projects/FelineFour/CatNap/Content/VRS_LowPolyNatureEssentials/Meshes/Env/Mushrooms/FlyAgaric/SM_FlyAgaricBYoungVariantB.ubulk" 1801
"C:/Users/rgowell/Documents/Unreal Projects/FelineFour/CatNap/Content/VRS_LowPolyNatureEssentials/Meshes/Env/Mushrooms/FlyAgaric/SM_FlyAgaricBYoungVariantB.uasset" 1802
"C:/Users/rgowell/Documents/Unreal Projects/FelineFour/CatNap/Content/VRS_LowPolyNatureEssentials/Meshes/Env/Mushrooms/FlyAgaric/SM_FlyAgaricBYoungVariantB.uexp" 1803
"C:/Users/rgowell/Documents/Unreal Projects/FelineFour/CatNap/Content/VRS_LowPolyNatureEssentials/Meshes/Env/Mushrooms/Girolle/SM_GirolleAVariantA.ubulk" 1804
"C:/Users/rgowell/Documents/Unreal Projects/FelineFour/CatNap/Content/VRS_LowPolyNatureEssentials/Meshes/Env/Mushrooms/Girolle/SM_GirolleAVariantA.uasset" 1805
"C:/Users/rgowell/Documents/Unreal Projects/FelineFour/CatNap/Content/VRS_LowPolyNatureEssentials/Meshes/Env/Mushrooms/Girolle/SM_GirolleAVariantA.uexp" 1806
"C:/Users/rgowell/Documents/Unreal Projects/FelineFour/CatNap/Content/VRS_LowPolyNatureEssentials/Meshes/Env/Mushrooms/ParasolMushroom/SM_ParasolMushroomMatureVariantB.ubulk" 1807
"C:/Users/rgowell/Documents/Unreal Projects/FelineFour/CatNap/Content/VRS_LowPolyNatureEssentials/Meshes/Env/Mushrooms/ParasolMushroom/SM_ParasolMushroomMatureVariantB.uasset" 1808
"C:/Users/rgowell/Documents/Unreal Projects/FelineFour/CatNap/Content/VRS_LowPolyNatureEssentials/Meshes/Env/Mushrooms/ParasolMushroom/SM_ParasolMushroomMatureVariantB.uexp" 1809
"C:/Users/rgowell/Documents/Unreal Projects/FelineFour/CatNap/Content/VRS_LowPolyNatureEssentials/Meshes/Env/Mushrooms/Porcini/SM_PorcinigBAdultVariantD.ubulk" 1810
"C:/Users/rgowell/Documents/Unreal Projects/FelineFour/CatNap/Content/VRS_LowPolyNatureEssentials/Meshes/Env/Mushrooms/Porcini/SM_PorcinigBAdultVariantD.uasset" 1811
"C:/Users/rgowell/Documents/Unreal Projects/FelineFour/CatNap/Content/VRS_LowPolyNatureEssentials/Meshes/Env/Mushrooms/Porcini/SM_PorcinigBAdultVariantD.uexp" 1812
"C:/Users/rgowell/Documents/Unreal Projects/FelineFour/CatNap/Content/VRS_LowPolyNatureEssentials/Meshes/Env/Mushrooms/ShaggyInkCap/SM_ShaggyInkCapCMatureVariantB.ubulk" 1813
"C:/Users/rgowell/Documents/Unreal Projects/FelineFour/CatNap/Content/VRS_LowPolyNatureEssentials/Meshes/Env/Mushrooms/ShaggyInkCap/SM_ShaggyInkCapCMatureVariantB.uasset" 1814
"C:/Users/rgowell/Documents/Unreal Projects/FelineFour/CatNap/Content/VRS_LowPolyNatureEssentials/Meshes/Env/Mushrooms/ShaggyInkCap/SM_ShaggyInkCapCMatureVariantB.uexp" 1815
"C:/Users/rgowell/Documents/Unreal Projects/FelineFour/CatNap/Content/VRS_LowPolyNatureEssentials/Materials/MI_BaseShinyNT.uasset" 1816
"C:/Users/rgowell/Documents/Unreal Projects/FelineFour/CatNap/Content/VRS_LowPolyNatureEssentials/Materials/MI_BaseShinyNT.uexp" 1817
"C:/Users/rgowell/Documents/Unreal Projects/FelineFour/CatNap/Content/VRS_LowPolyNatureEssentials/Meshes/Env/Mushrooms/ShaggyInkCap/SM_ShaggyInkCapDMeltingVariantB.ubulk" 1818
"C:/Users/rgowell/Documents/Unreal Projects/FelineFour/CatNap/Content/VRS_LowPolyNatureEssentials/Meshes/Env/Mushrooms/ShaggyInkCap/SM_ShaggyInkCapDMeltingVariantB.uasset" 1819
"C:/Users/rgowell/Documents/Unreal Projects/FelineFour/CatNap/Content/VRS_LowPolyNatureEssentials/Meshes/Env/Mushrooms/ShaggyInkCap/SM_ShaggyInkCapDMeltingVariantB.uexp" 1820
"C:/Users/rgowell/Documents/Unreal Projects/FelineFour/CatNap/Content/VRS_LowPolyNatureEssentials/Meshes/Env/Plants/Bluebells/SM_BluebellBLeaves.ubulk" 1821
"C:/Users/rgowell/Documents/Unreal Projects/FelineFour/CatNap/Content/VRS_LowPolyNatureEssentials/Meshes/Env/Plants/Bluebells/SM_BluebellBLeaves.uasset" 1822
"C:/Users/rgowell/Documents/Unreal Projects/FelineFour/CatNap/Content/VRS_LowPolyNatureEssentials/Meshes/Env/Plants/Bluebells/SM_BluebellBLeaves.uexp" 1823
"C:/Users/rgowell/Documents/Unreal Projects/FelineFour/CatNap/Content/VRS_LowPolyNatureEssentials/Meshes/Env/Plants/Daisies/SM_DaisyB.ubulk" 1824
"C:/Users/rgowell/Documents/Unreal Projects/FelineFour/CatNap/Content/VRS_LowPolyNatureEssentials/Meshes/Env/Plants/Daisies/SM_DaisyB.uasset" 1825
"C:/Users/rgowell/Documents/Unreal Projects/FelineFour/CatNap/Content/VRS_LowPolyNatureEssentials/Meshes/Env/Plants/Daisies/SM_DaisyB.uexp" 1826
"C:/Users/rgowell/Documents/Unreal Projects/FelineFour/CatNap/Content/VRS_LowPolyNatureEssentials/Meshes/Env/Plants/Dandelions/SM_DandelionBLeaves.ubulk" 1827
"C:/Users/rgowell/Documents/Unreal Projects/FelineFour/CatNap/Content/VRS_LowPolyNatureEssentials/Meshes/Env/Plants/Dandelions/SM_DandelionBLeaves.uasset" 1828
"C:/Users/rgowell/Documents/Unreal Projects/FelineFour/CatNap/Content/VRS_LowPolyNatureEssentials/Meshes/Env/Plants/Dandelions/SM_DandelionBLeaves.uexp" 1829
"C:/Users/rgowell/Documents/Unreal Projects/FelineFour/CatNap/Content/VRS_LowPolyNatureEssentials/Meshes/Env/Plants/Dandelions/SM_DandelionsClusterB.ubulk" 1830
"C:/Users/rgowell/Documents/Unreal Projects/FelineFour/CatNap/Content/VRS_LowPolyNatureEssentials/Meshes/Env/Plants/Dandelions/SM_DandelionsClusterB.uasset" 1831
"C:/Users/rgowell/Documents/Unreal Projects/FelineFour/CatNap/Content/VRS_LowPolyNatureEssentials/Meshes/Env/Plants/Dandelions/SM_DandelionsClusterB.uexp" 1832
"C:/Users/rgowell/Documents/Unreal Projects/FelineFour/CatNap/Content/VRS_LowPolyNatureEssentials/Meshes/Env/Plants/Ferns/SM_FernBClusterVariantA.ubulk" 1833
"C:/Users/rgowell/Documents/Unreal Projects/FelineFour/CatNap/Content/VRS_LowPolyNatureEssentials/Meshes/Env/Plants/Ferns/SM_FernBClusterVariantA.uasset" 1834
"C:/Users/rgowell/Documents/Unreal Projects/FelineFour/CatNap/Content/VRS_LowPolyNatureEssentials/Meshes/Env/Plants/Ferns/SM_FernBClusterVariantA.uexp" 1835
"C:/Users/rgowell/Documents/Unreal Projects/FelineFour/CatNap/Content/VRS_LowPolyNatureEssentials/Meshes/Env/Plants/Ferns/SM_FernDClusterVariantB.ubulk" 1836
"C:/Users/rgowell/Documents/Unreal Projects/FelineFour/CatNap/Content/VRS_LowPolyNatureEssentials/Meshes/Env/Plants/Ferns/SM_FernDClusterVariantB.uasset" 1837
"C:/Users/rgowell/Documents/Unreal Projects/FelineFour/CatNap/Content/VRS_LowPolyNatureEssentials/Meshes/Env/Plants/Ferns/SM_FernDClusterVariantB.uexp" 1838
"C:/Users/rgowell/Documents/Unreal Projects/FelineFour/CatNap/Content/VRS_LowPolyNatureEssentials/Meshes/Env/Plants/Foxgloves/SM_FoxgloveBVariantB.ubulk" 1839
"C:/Users/rgowell/Documents/Unreal Projects/FelineFour/CatNap/Content/VRS_LowPolyNatureEssentials/Meshes/Env/Plants/Foxgloves/SM_FoxgloveBVariantB.uasset" 1840
"C:/Users/rgowell/Documents/Unreal Projects/FelineFour/CatNap/Content/VRS_LowPolyNatureEssentials/Meshes/Env/Plants/Foxgloves/SM_FoxgloveBVariantB.uexp" 1841
"C:/Users/rgowell/Documents/Unreal Projects/FelineFour/CatNap/Content/VRS_LowPolyNatureEssentials/Meshes/Env/Plants/Ivy/SM_IvybranchCDense.ubulk" 1842
"C:/Users/rgowell/Documents/Unreal Projects/FelineFour/CatNap/Content/VRS_LowPolyNatureEssentials/Meshes/Env/Plants/Ivy/SM_IvybranchCDense.uasset" 1843
"C:/Users/rgowell/Documents/Unreal Projects/FelineFour/CatNap/Content/VRS_LowPolyNatureEssentials/Meshes/Env/Plants/Ivy/SM_IvybranchCDense.uexp" 1844
"C:/Users/rgowell/Documents/Unreal Projects/FelineFour/CatNap/Content/VRS_LowPolyNatureEssentials/Meshes/Env/Plants/Ivy/SM_IvybranchCSparse.ubulk" 1845
"C:/Users/rgowell/Documents/Unreal Projects/FelineFour/CatNap/Content/VRS_LowPolyNatureEssentials/Meshes/Env/Plants/Ivy/SM_IvybranchCSparse.uasset" 1846
"C:/Users/rgowell/Documents/Unreal Projects/FelineFour/CatNap/Content/VRS_LowPolyNatureEssentials/Meshes/Env/Plants/Ivy/SM_IvybranchCSparse.uexp" 1847
"C:/Users/rgowell/Documents/Unreal Projects/FelineFour/CatNap/Content/VRS_LowPolyNatureEssentials/Meshes/Env/Plants/Nettles/SM_NettleDMixedVariantB.ubulk" 1848
"C:/Users/rgowell/Documents/Unreal Projects/FelineFour/CatNap/Content/VRS_LowPolyNatureEssentials/Meshes/Env/Plants/Nettles/SM_NettleDMixedVariantB.uasset" 1849
"C:/Users/rgowell/Documents/Unreal Projects/FelineFour/CatNap/Content/VRS_LowPolyNatureEssentials/Meshes/Env/Plants/Nettles/SM_NettleDMixedVariantB.uexp" 1850
"C:/Users/rgowell/Documents/Unreal Projects/FelineFour/CatNap/Content/VRS_LowPolyNatureEssentials/Meshes/Env/Plants/SM_PlantSaplingG.ubulk" 1851
"C:/Users/rgowell/Documents/Unreal Projects/FelineFour/CatNap/Content/VRS_LowPolyNatureEssentials/Meshes/Env/Plants/SM_PlantSaplingG.uasset" 1852
"C:/Users/rgowell/Documents/Unreal Projects/FelineFour/CatNap/Content/VRS_LowPolyNatureEssentials/Meshes/Env/Plants/SM_PlantSaplingG.uexp" 1853
"C:/Users/rgowell/Documents/Unreal Projects/FelineFour/CatNap/Content/VRS_LowPolyNatureEssentials/Meshes/Env/Plants/WildGarlic/SM_WildGarlicBLeaves.ubulk" 1854
"C:/Users/rgowell/Documents/Unreal Projects/FelineFour/CatNap/Content/VRS_LowPolyNatureEssentials/Meshes/Env/Plants/WildGarlic/SM_WildGarlicBLeaves.uasset" 1855
"C:/Users/rgowell/Documents/Unreal Projects/FelineFour/CatNap/Content/VRS_LowPolyNatureEssentials/Meshes/Env/Plants/WildGarlic/SM_WildGarlicBLeaves.uexp" 1856
"C:/Users/rgowell/Documents/Unreal Projects/FelineFour/CatNap/Content/VRS_LowPolyNatureEssentials/Meshes/Env/Rocks/SM_RockBigC.ubulk" 1857
"C:/Users/rgowell/Documents/Unreal Projects/FelineFour/CatNap/Content/VRS_LowPolyNatureEssentials/Meshes/Env/Rocks/SM_RockBigC.uasset" 1858
"C:/Users/rgowell/Documents/Unreal Projects/FelineFour/CatNap/Content/VRS_LowPolyNatureEssentials/Meshes/Env/Rocks/SM_RockBigC.uexp" 1859
"C:/Users/rgowell/Documents/Unreal Projects/FelineFour/CatNap/Content/VRS_LowPolyNatureEssentials/Meshes/Env/Rocks/SM_RockBlueD.ubulk" 1860
"C:/Users/rgowell/Documents/Unreal Projects/FelineFour/CatNap/Content/VRS_LowPolyNatureEssentials/Meshes/Env/Rocks/SM_RockBlueD.uasset" 1861
"C:/Users/rgowell/Documents/Unreal Projects/FelineFour/CatNap/Content/VRS_LowPolyNatureEssentials/Meshes/Env/Rocks/SM_RockBlueD.uexp" 1862
"C:/Users/rgowell/Documents/Unreal Projects/FelineFour/CatNap/Content/VRS_LowPolyNatureEssentials/Meshes/Env/Rocks/SM_RockNormD.ubulk" 1863
"C:/Users/rgowell/Documents/Unreal Projects/FelineFour/CatNap/Content/VRS_LowPolyNatureEssentials/Meshes/Env/Rocks/SM_RockNormD.uasset" 1864
"C:/Users/rgowell/Documents/Unreal Projects/FelineFour/CatNap/Content/VRS_LowPolyNatureEssentials/Meshes/Env/Rocks/SM_RockNormD.uexp" 1865
"C:/Users/rgowell/Documents/Unreal Projects/FelineFour/CatNap/Content/VRS_LowPolyNatureEssentials/Meshes/Env/Rocks/SM_RockSmallA.ubulk" 1866
"C:/Users/rgowell/Documents/Unreal Projects/FelineFour/CatNap/Content/VRS_LowPolyNatureEssentials/Meshes/Env/Rocks/SM_RockSmallA.uasset" 1867
"C:/Users/rgowell/Documents/Unreal Projects/FelineFour/CatNap/Content/VRS_LowPolyNatureEssentials/Meshes/Env/Rocks/SM_RockSmallA.uexp" 1868
"C:/Users/rgowell/Documents/Unreal Projects/FelineFour/CatNap/Content/VRS_LowPolyNatureEssentials/Meshes/Env/Rocks/SM_RockSmallE.ubulk" 1869
"C:/Users/rgowell/Documents/Unreal Projects/FelineFour/CatNap/Content/VRS_LowPolyNatureEssentials/Meshes/Env/Rocks/SM_RockSmallE.uasset" 1870
"C:/Users/rgowell/Documents/Unreal Projects/FelineFour/CatNap/Content/VRS_LowPolyNatureEssentials/Meshes/Env/Rocks/SM_RockSmallE.uexp" 1871
"C:/Users/rgowell/Documents/Unreal Projects/FelineFour/CatNap/Content/VRS_LowPolyNatureEssentials/Meshes/Env/Trees/Birch/SM_BirchTreeAdultA.ubulk" 1872
"C:/Users/rgowell/Documents/Unreal Projects/FelineFour/CatNap/Content/VRS_LowPolyNatureEssentials/Meshes/Env/Trees/Birch/SM_BirchTreeAdultA.uasset" 1873
"C:/Users/rgowell/Documents/Unreal Projects/FelineFour/CatNap/Content/VRS_LowPolyNatureEssentials/Meshes/Env/Trees/Birch/SM_BirchTreeAdultA.uexp" 1874
"C:/Users/rgowell/Documents/Unreal Projects/FelineFour/CatNap/Content/VRS_LowPolyNatureEssentials/Meshes/Env/Trees/Birch/SM_BirchTreeYoungCSimple.ubulk" 1875
"C:/Users/rgowell/Documents/Unreal Projects/FelineFour/CatNap/Content/VRS_LowPolyNatureEssentials/Meshes/Env/Trees/Birch/SM_BirchTreeYoungCSimple.uasset" 1876
"C:/Users/rgowell/Documents/Unreal Projects/FelineFour/CatNap/Content/VRS_LowPolyNatureEssentials/Meshes/Env/Trees/Birch/SM_BirchTreeYoungCSimple.uexp" 1877
"C:/Users/rgowell/Documents/Unreal Projects/FelineFour/CatNap/Content/VRS_LowPolyNatureEssentials/Meshes/Env/Trees/GenericTrees/SM_GenericTreeB.ubulk" 1878
"C:/Users/rgowell/Documents/Unreal Projects/FelineFour/CatNap/Content/VRS_LowPolyNatureEssentials/Meshes/Env/Trees/GenericTrees/SM_GenericTreeB.uasset" 1879
"C:/Users/rgowell/Documents/Unreal Projects/FelineFour/CatNap/Content/VRS_LowPolyNatureEssentials/Meshes/Env/Trees/GenericTrees/SM_GenericTreeB.uexp" 1880
"C:/Users/rgowell/Documents/Unreal Projects/FelineFour/CatNap/Content/VRS_LowPolyNatureEssentials/Meshes/Env/Trees/GenericTrees/SM_GenericTreeD.ubulk" 1881
"C:/Users/rgowell/Documents/Unreal Projects/FelineFour/CatNap/Content/VRS_LowPolyNatureEssentials/Meshes/Env/Trees/GenericTrees/SM_GenericTreeD.uasset" 1882
"C:/Users/rgowell/Documents/Unreal Projects/FelineFour/CatNap/Content/VRS_LowPolyNatureEssentials/Meshes/Env/Trees/GenericTrees/SM_GenericTreeD.uexp" 1883
"C:/Users/rgowell/Documents/Unreal Projects/FelineFour/CatNap/Content/VRS_LowPolyNatureEssentials/Meshes/Env/Trees/Oak/SM_OakAdultD.ubulk" 1884
"C:/Users/rgowell/Documents/Unreal Projects/FelineFour/CatNap/Content/VRS_LowPolyNatureEssentials/Meshes/Env/Trees/Oak/SM_OakAdultD.uasset" 1885
"C:/Users/rgowell/Documents/Unreal Projects/FelineFour/CatNap/Content/VRS_LowPolyNatureEssentials/Meshes/Env/Trees/Oak/SM_OakAdultD.uexp" 1886
"C:/Users/rgowell/Documents/Unreal Projects/FelineFour/CatNap/Content/VRS_LowPolyNatureEssentials/Meshes/Env/Trees/Pines/SM_PineVariantAGrowingB.ubulk" 1887
"C:/Users/rgowell/Documents/Unreal Projects/FelineFour/CatNap/Content/VRS_LowPolyNatureEssentials/Meshes/Env/Trees/Pines/SM_PineVariantAGrowingB.uasset" 1888
"C:/Users/rgowell/Documents/Unreal Projects/FelineFour/CatNap/Content/VRS_LowPolyNatureEssentials/Meshes/Env/Trees/Pines/SM_PineVariantAGrowingB.uexp" 1889
"C:/Users/rgowell/Documents/Unreal Projects/FelineFour/CatNap/Content/VRS_LowPolyNatureEssentials/Meshes/Env/Trees/Pines/SM_PineVariantAMatureB.ubulk" 1890
"C:/Users/rgowell/Documents/Unreal Projects/FelineFour/CatNap/Content/VRS_LowPolyNatureEssentials/Meshes/Env/Trees/Pines/SM_PineVariantAMatureB.uasset" 1891
"C:/Users/rgowell/Documents/Unreal Projects/FelineFour/CatNap/Content/VRS_LowPolyNatureEssentials/Meshes/Env/Trees/Pines/SM_PineVariantAMatureB.uexp" 1892
"C:/Users/rgowell/Documents/Unreal Projects/FelineFour/CatNap/Content/VRS_LowPolyNatureEssentials/Meshes/Env/Trees/Pines/SM_PineVariantAYoungC.ubulk" 1893
"C:/Users/rgowell/Documents/Unreal Projects/FelineFour/CatNap/Content/VRS_LowPolyNatureEssentials/Meshes/Env/Trees/Pines/SM_PineVariantAYoungC.uasset" 1894
"C:/Users/rgowell/Documents/Unreal Projects/FelineFour/CatNap/Content/VRS_LowPolyNatureEssentials/Meshes/Env/Trees/Pines/SM_PineVariantAYoungC.uexp" 1895
"C:/Users/rgowell/Documents/Unreal Projects/FelineFour/CatNap/Content/VRS_LowPolyNatureEssentials/Meshes/Env/Trees/TreeLogs/SM_TreeLogOakB.ubulk" 1896
"C:/Users/rgowell/Documents/Unreal Projects/FelineFour/CatNap/Content/VRS_LowPolyNatureEssentials/Meshes/Env/Trees/TreeLogs/SM_TreeLogOakB.uasset" 1897
"C:/Users/rgowell/Documents/Unreal Projects/FelineFour/CatNap/Content/VRS_LowPolyNatureEssentials/Meshes/Env/Trees/TreeLogs/SM_TreeLogOakB.uexp" 1898
"C:/Users/rgowell/Documents/Unreal Projects/FelineFour/CatNap/Content/VRS_LowPolyNatureEssentials/Meshes/Env/Trees/TreeLogs/SM_TreeLogPileNormalB.ubulk" 1899
"C:/Users/rgowell/Documents/Unreal Projects/FelineFour/CatNap/Content/VRS_LowPolyNatureEssentials/Meshes/Env/Trees/TreeLogs/SM_TreeLogPileNormalB.uasset" 1900
"C:/Users/rgowell/Documents/Unreal Projects/FelineFour/CatNap/Content/VRS_LowPolyNatureEssentials/Meshes/Env/Trees/TreeLogs/SM_TreeLogPileNormalB.uexp" 1901
"C:/Users/rgowell/Documents/Unreal Projects/FelineFour/CatNap/Content/VRS_LowPolyNatureEssentials/Meshes/Env/Trees/TreeRoots/SM_TreeRootB.ubulk" 1902
"C:/Users/rgowell/Documents/Unreal Projects/FelineFour/CatNap/Content/VRS_LowPolyNatureEssentials/Meshes/Env/Trees/TreeRoots/SM_TreeRootB.uasset" 1903
"C:/Users/rgowell/Documents/Unreal Projects/FelineFour/CatNap/Content/VRS_LowPolyNatureEssentials/Meshes/Env/Trees/TreeRoots/SM_TreeRootB.uexp" 1904
"C:/Users/rgowell/Documents/Unreal Projects/FelineFour/CatNap/Content/VRS_LowPolyNatureEssentials/Meshes/Env/Trees/TreeStumps/SM_TreeStumpNormalC.ubulk" 1905
"C:/Users/rgowell/Documents/Unreal Projects/FelineFour/CatNap/Content/VRS_LowPolyNatureEssentials/Meshes/Env/Trees/TreeStumps/SM_TreeStumpNormalC.uasset" 1906
"C:/Users/rgowell/Documents/Unreal Projects/FelineFour/CatNap/Content/VRS_LowPolyNatureEssentials/Meshes/Env/Trees/TreeStumps/SM_TreeStumpNormalC.uexp" 1907
"C:/Users/rgowell/Documents/Unreal Projects/FelineFour/CatNap/Content/VRS_LowPolyNatureEssentials/Meshes/Env/Trees/TreeStumps/SM_TreeStumpShortD.ubulk" 1908
"C:/Users/rgowell/Documents/Unreal Projects/FelineFour/CatNap/Content/VRS_LowPolyNatureEssentials/Meshes/Env/Trees/TreeStumps/SM_TreeStumpShortD.uasset" 1909
"C:/Users/rgowell/Documents/Unreal Projects/FelineFour/CatNap/Content/VRS_LowPolyNatureEssentials/Meshes/Env/Trees/TreeStumps/SM_TreeStumpShortD.uexp" 1910
"C:/Users/rgowell/Documents/Unreal Projects/FelineFour/CatNap/Content/VRS_LowPolyNatureEssentials/Meshes/Env/Trees/WeepingWillow/SM_WillowTreeAdultA.ubulk" 1911
"C:/Users/rgowell/Documents/Unreal Projects/FelineFour/CatNap/Content/VRS_LowPolyNatureEssentials/Meshes/Env/Trees/WeepingWillow/SM_WillowTreeAdultA.uasset" 1912
"C:/Users/rgowell/Documents/Unreal Projects/FelineFour/CatNap/Content/VRS_LowPolyNatureEssentials/Meshes/Env/Trees/WeepingWillow/SM_WillowTreeAdultA.uexp" 1913
"C:/Users/rgowell/Documents/Unreal Projects/FelineFour/CatNap/Content/VRS_LowPolyNatureEssentials/Meshes/Env/Trees/WitheredTrees/SM_SmallWitheredTreeB.ubulk" 1914
"C:/Users/rgowell/Documents/Unreal Projects/FelineFour/CatNap/Content/VRS_LowPolyNatureEssentials/Meshes/Env/Trees/WitheredTrees/SM_SmallWitheredTreeB.uasset" 1915
"C:/Users/rgowell/Documents/Unreal Projects/FelineFour/CatNap/Content/VRS_LowPolyNatureEssentials/Meshes/Env/Trees/WitheredTrees/SM_SmallWitheredTreeB.uexp" 1916
"C:/Users/rgowell/Documents/Unreal Projects/FelineFour/CatNap/Content/VRS_LowPolyNatureEssentials/Meshes/Env/Trees/WitheredTrees/SM_WitheredTreeB.ubulk" 1917
"C:/Users/rgowell/Documents/Unreal Projects/FelineFour/CatNap/Content/VRS_LowPolyNatureEssentials/Meshes/Env/Trees/WitheredTrees/SM_WitheredTreeB.uasset" 1918
"C:/Users/rgowell/Documents/Unreal Projects/FelineFour/CatNap/Content/VRS_LowPolyNatureEssentials/Meshes/Env/Trees/WitheredTrees/SM_WitheredTreeB.uexp" 1919
"C:/Users/rgowell/Documents/Unreal Projects/FelineFour/CatNap/Content/VRS_LowPolyNatureEssentials/Meshes/Props/Campfire/SM_CampfireASmall.ubulk" 1920
"C:/Users/rgowell/Documents/Unreal Projects/FelineFour/CatNap/Content/VRS_LowPolyNatureEssentials/Meshes/Props/Campfire/SM_CampfireASmall.uasset" 1921
"C:/Users/rgowell/Documents/Unreal Projects/FelineFour/CatNap/Content/VRS_LowPolyNatureEssentials/Meshes/Props/Campfire/SM_CampfireASmall.uexp" 1922
"C:/Users/rgowell/Documents/Unreal Projects/FelineFour/CatNap/Content/VRS_LowPolyNatureEssentials/Meshes/Props/Planks/SM_PlankMed.ubulk" 1923
"C:/Users/rgowell/Documents/Unreal Projects/FelineFour/CatNap/Content/VRS_LowPolyNatureEssentials/Meshes/Props/Planks/SM_PlankMed.uasset" 1924
"C:/Users/rgowell/Documents/Unreal Projects/FelineFour/CatNap/Content/VRS_LowPolyNatureEssentials/Meshes/Props/Planks/SM_PlankMed.uexp" 1925
"C:/Users/rgowell/Documents/Unreal Projects/FelineFour/CatNap/Content/VRS_LowPolyNatureEssentials/Meshes/Props/Planks/SM_PlankStackB.ubulk" 1926
"C:/Users/rgowell/Documents/Unreal Projects/FelineFour/CatNap/Content/VRS_LowPolyNatureEssentials/Meshes/Props/Planks/SM_PlankStackB.uasset" 1927
"C:/Users/rgowell/Documents/Unreal Projects/FelineFour/CatNap/Content/VRS_LowPolyNatureEssentials/Meshes/Props/Planks/SM_PlankStackB.uexp" 1928
"C:/Users/rgowell/Documents/Unreal Projects/FelineFour/CatNap/Content/VRS_LowPolyNatureEssentials/Meshes/Env/Ground/BackgroundMountains/SM_BackgroundMountainA.ubulk" 1929
"C:/Users/rgowell/Documents/Unreal Projects/FelineFour/CatNap/Content/VRS_LowPolyNatureEssentials/Meshes/Env/Ground/BackgroundMountains/SM_BackgroundMountainA.uasset" 1930
"C:/Users/rgowell/Documents/Unreal Projects/FelineFour/CatNap/Content/VRS_LowPolyNatureEssentials/Meshes/Env/Ground/BackgroundMountains/SM_BackgroundMountainA.uexp" 1931
"C:/Users/rgowell/Documents/Unreal Projects/FelineFour/CatNap/Content/VRS_LowPolyNatureEssentials/Meshes/Env/Ground/Mounds/SM_DirtMoundD.ubulk" 1932
"C:/Users/rgowell/Documents/Unreal Projects/FelineFour/CatNap/Content/VRS_LowPolyNatureEssentials/Meshes/Env/Ground/Mounds/SM_DirtMoundD.uasset" 1933
"C:/Users/rgowell/Documents/Unreal Projects/FelineFour/CatNap/Content/VRS_LowPolyNatureEssentials/Meshes/Env/Ground/Mounds/SM_DirtMoundD.uexp" 1934
"C:/Users/rgowell/Documents/Unreal Projects/FelineFour/CatNap/Content/VRS_LowPolyNatureEssentials/Meshes/Env/Ground/Mounds/SM_GrassMoundA.ubulk" 1935
"C:/Users/rgowell/Documents/Unreal Projects/FelineFour/CatNap/Content/VRS_LowPolyNatureEssentials/Meshes/Env/Ground/Mounds/SM_GrassMoundA.uasset" 1936
"C:/Users/rgowell/Documents/Unreal Projects/FelineFour/CatNap/Content/VRS_LowPolyNatureEssentials/Meshes/Env/Ground/Mounds/SM_GrassMoundA.uexp" 1937
"C:/Users/rgowell/Documents/Unreal Projects/FelineFour/CatNap/Content/VRS_LowPolyNatureEssentials/Meshes/Env/Ground/Mounds/SM_GrassMoundD.ubulk" 1938
"C:/Users/rgowell/Documents/Unreal Projects/FelineFour/CatNap/Content/VRS_LowPolyNatureEssentials/Meshes/Env/Ground/Mounds/SM_GrassMoundD.uasset" 1939
"C:/Users/rgowell/Documents/Unreal Projects/FelineFour/CatNap/Content/VRS_LowPolyNatureEssentials/Meshes/Env/Ground/Mounds/SM_GrassMoundD.uexp" 1940
"C:/Users/rgowell/Documents/Unreal Projects/FelineFour/CatNap/Content/VRS_LowPolyNatureEssentials/Meshes/Env/Trees/TreeBranches/SM_TreeBranchBLeafless.ubulk" 1941
"C:/Users/rgowell/Documents/Unreal Projects/FelineFour/CatNap/Content/VRS_LowPolyNatureEssentials/Meshes/Env/Trees/TreeBranches/SM_TreeBranchBLeafless.uasset" 1942
"C:/Users/rgowell/Documents/Unreal Projects/FelineFour/CatNap/Content/VRS_LowPolyNatureEssentials/Meshes/Env/Trees/TreeBranches/SM_TreeBranchBLeafless.uexp" 1943
"C:/Users/rgowell/Documents/Unreal Projects/FelineFour/CatNap/Content/VRS_LowPolyNatureEssentials/Meshes/Props/Campfire/SM_FirewoodPileA.ubulk" 1944
"C:/Users/rgowell/Documents/Unreal Projects/FelineFour/CatNap/Content/VRS_LowPolyNatureEssentials/Meshes/Props/Campfire/SM_FirewoodPileA.uasset" 1945
"C:/Users/rgowell/Documents/Unreal Projects/FelineFour/CatNap/Content/VRS_LowPolyNatureEssentials/Meshes/Props/Campfire/SM_FirewoodPileA.uexp" 1946
"C:/Users/rgowell/Documents/Unreal Projects/FelineFour/CatNap/Content/VRS_LowPolyNatureEssentials/Maps/Overview_nice.uexp" 1947
"C:/Users/rgowell/Documents/Unreal Projects/FelineFour/CatNap/Content/VRS_LowPolyNatureEssentials/Maps/Overview_nice.umap" 1948
"C:/Users/rgowell/Documents/Unreal Projects/FelineFour/CatNap/Content/VRS_LowPolyNatureEssentials/Maps/Overview.uexp" 1949
"C:/Users/rgowell/Documents/Unreal Projects/FelineFour/CatNap/Content/VRS_LowPolyNatureEssentials/Maps/Overview.umap" 1950
"../../../Engine/Content/EngineMaterials/DefaultBloomKernel.uasset" 1951
"../../../Engine/Content/EngineMaterials/DefaultBloomKernel.uexp" 1952
"../../../Engine/Content/MapTemplates/T_ScreenDirt02_w.uasset" 1953
"../../../Engine/Content/MapTemplates/T_ScreenDirt02_w.uexp" 1954
"C:/Users/rgowell/Documents/Unreal Projects/FelineFour/CatNap/Content/VRS_LowPolyNatureEssentials/Maps/Demo.uexp" 1955
"C:/Users/rgowell/Documents/Unreal Projects/FelineFour/CatNap/Content/VRS_LowPolyNatureEssentials/Maps/Demo.umap" 1956
"../../../Engine/Content/BasicShapes/BasicShapeMaterial.uasset" 1957
"../../../Engine/Content/BasicShapes/BasicShapeMaterial.uexp" 1958
"C:/Users/rgowell/Documents/Unreal Projects/FelineFour/CatNap/Content/Stylized_Tree_Pack/Textures/T_Snow_Normal.ubulk" 1959
"C:/Users/rgowell/Documents/Unreal Projects/FelineFour/CatNap/Content/Stylized_Tree_Pack/Textures/T_Snow_Normal.uasset" 1960
"C:/Users/rgowell/Documents/Unreal Projects/FelineFour/CatNap/Content/Stylized_Tree_Pack/Textures/T_Snow_Normal.uexp" 1961
"C:/Users/rgowell/Documents/Unreal Projects/FelineFour/CatNap/Content/Stylized_Tree_Pack/Textures/T_Moss_Normal.ubulk" 1962
"C:/Users/rgowell/Documents/Unreal Projects/FelineFour/CatNap/Content/Stylized_Tree_Pack/Textures/T_Moss_Normal.uasset" 1963
"C:/Users/rgowell/Documents/Unreal Projects/FelineFour/CatNap/Content/Stylized_Tree_Pack/Textures/T_Moss_Normal.uexp" 1964
"C:/Users/rgowell/Documents/Unreal Projects/FelineFour/CatNap/Content/Stylized_Tree_Pack/Textures/Stylized_Bark_Texture/T_Stylized_Bark_1_NORM.ubulk" 1965
"C:/Users/rgowell/Documents/Unreal Projects/FelineFour/CatNap/Content/Stylized_Tree_Pack/Textures/Stylized_Bark_Texture/T_Stylized_Bark_1_NORM.uasset" 1966
"C:/Users/rgowell/Documents/Unreal Projects/FelineFour/CatNap/Content/Stylized_Tree_Pack/Textures/Stylized_Bark_Texture/T_Stylized_Bark_1_NORM.uexp" 1967
"C:/Users/rgowell/Documents/Unreal Projects/FelineFour/CatNap/Content/Stylized_Tree_Pack/Textures/Stylized_Bark_Texture/T_Stylized_Bark_1_COLOR.ubulk" 1968
"C:/Users/rgowell/Documents/Unreal Projects/FelineFour/CatNap/Content/Stylized_Tree_Pack/Textures/Stylized_Bark_Texture/T_Stylized_Bark_1_COLOR.uasset" 1969
"C:/Users/rgowell/Documents/Unreal Projects/FelineFour/CatNap/Content/Stylized_Tree_Pack/Textures/Stylized_Bark_Texture/T_Stylized_Bark_1_COLOR.uexp" 1970
"../../../Engine/Content/Functions/Engine_MaterialFunctions01/AlphaBlend/WorldAlignedBlend.uasset" 1971
"../../../Engine/Content/Functions/Engine_MaterialFunctions01/AlphaBlend/WorldAlignedBlend.uexp" 1972
"C:/Users/rgowell/Documents/Unreal Projects/FelineFour/CatNap/Content/Stylized_Tree_Pack/Materials/Master_Materials/M_Bark.uasset" 1973
"C:/Users/rgowell/Documents/Unreal Projects/FelineFour/CatNap/Content/Stylized_Tree_Pack/Materials/Master_Materials/M_Bark.uexp" 1974
"C:/Users/rgowell/Documents/Unreal Projects/FelineFour/CatNap/Content/Stylized_Tree_Pack/Materials/Material_Instances/Bark/MI_Bark_03.uasset" 1975
"C:/Users/rgowell/Documents/Unreal Projects/FelineFour/CatNap/Content/Stylized_Tree_Pack/Materials/Material_Instances/Bark/MI_Bark_03.uexp" 1976
"C:/Users/rgowell/Documents/Unreal Projects/FelineFour/CatNap/Content/Stylized_Tree_Pack/Materials/Material_Instances/Willow/MI_Leaf_Willow_02.uasset" 1977
"C:/Users/rgowell/Documents/Unreal Projects/FelineFour/CatNap/Content/Stylized_Tree_Pack/Materials/Material_Instances/Willow/MI_Leaf_Willow_02.uexp" 1978
"C:/Users/rgowell/Documents/Unreal Projects/FelineFour/CatNap/Content/Stylized_Tree_Pack/Meshes/Willow/SM_Stylized_Tree_Willow_10.ubulk" 1979
"C:/Users/rgowell/Documents/Unreal Projects/FelineFour/CatNap/Content/Stylized_Tree_Pack/Meshes/Willow/SM_Stylized_Tree_Willow_10.uasset" 1980
"C:/Users/rgowell/Documents/Unreal Projects/FelineFour/CatNap/Content/Stylized_Tree_Pack/Meshes/Willow/SM_Stylized_Tree_Willow_10.uexp" 1981
"C:/Users/rgowell/Documents/Unreal Projects/FelineFour/CatNap/Content/Stylized_Tree_Pack/Materials/Material_Instances/Willow/MI_Leaf_Willow_03.uasset" 1982
"C:/Users/rgowell/Documents/Unreal Projects/FelineFour/CatNap/Content/Stylized_Tree_Pack/Materials/Material_Instances/Willow/MI_Leaf_Willow_03.uexp" 1983
"C:/Users/rgowell/Documents/Unreal Projects/FelineFour/CatNap/Content/Stylized_Tree_Pack/Meshes/Willow/SM_Stylized_Tree_Willow_09.ubulk" 1984
"C:/Users/rgowell/Documents/Unreal Projects/FelineFour/CatNap/Content/Stylized_Tree_Pack/Meshes/Willow/SM_Stylized_Tree_Willow_09.uasset" 1985
"C:/Users/rgowell/Documents/Unreal Projects/FelineFour/CatNap/Content/Stylized_Tree_Pack/Meshes/Willow/SM_Stylized_Tree_Willow_09.uexp" 1986
"C:/Users/rgowell/Documents/Unreal Projects/FelineFour/CatNap/Content/Stylized_Tree_Pack/Materials/Material_Instances/Bark/MI_Bark_04.uasset" 1987
"C:/Users/rgowell/Documents/Unreal Projects/FelineFour/CatNap/Content/Stylized_Tree_Pack/Materials/Material_Instances/Bark/MI_Bark_04.uexp" 1988
"C:/Users/rgowell/Documents/Unreal Projects/FelineFour/CatNap/Content/Stylized_Tree_Pack/Meshes/Willow/SM_Stylized_Tree_Willow_08.ubulk" 1989
"C:/Users/rgowell/Documents/Unreal Projects/FelineFour/CatNap/Content/Stylized_Tree_Pack/Meshes/Willow/SM_Stylized_Tree_Willow_08.uasset" 1990
"C:/Users/rgowell/Documents/Unreal Projects/FelineFour/CatNap/Content/Stylized_Tree_Pack/Meshes/Willow/SM_Stylized_Tree_Willow_08.uexp" 1991
"C:/Users/rgowell/Documents/Unreal Projects/FelineFour/CatNap/Content/Stylized_Tree_Pack/Materials/Material_Instances/Bark/MI_Bark_01.uasset" 1992
"C:/Users/rgowell/Documents/Unreal Projects/FelineFour/CatNap/Content/Stylized_Tree_Pack/Materials/Material_Instances/Bark/MI_Bark_01.uexp" 1993
"C:/Users/rgowell/Documents/Unreal Projects/FelineFour/CatNap/Content/Stylized_Tree_Pack/Materials/Material_Instances/Willow/MI_Leaf_Willow_01.uasset" 1994
"C:/Users/rgowell/Documents/Unreal Projects/FelineFour/CatNap/Content/Stylized_Tree_Pack/Materials/Material_Instances/Willow/MI_Leaf_Willow_01.uexp" 1995
"C:/Users/rgowell/Documents/Unreal Projects/FelineFour/CatNap/Content/Stylized_Tree_Pack/Meshes/Willow/SM_Stylized_Tree_Willow_07.ubulk" 1996
"C:/Users/rgowell/Documents/Unreal Projects/FelineFour/CatNap/Content/Stylized_Tree_Pack/Meshes/Willow/SM_Stylized_Tree_Willow_07.uasset" 1997
"C:/Users/rgowell/Documents/Unreal Projects/FelineFour/CatNap/Content/Stylized_Tree_Pack/Meshes/Willow/SM_Stylized_Tree_Willow_07.uexp" 1998
"C:/Users/rgowell/Documents/Unreal Projects/FelineFour/CatNap/Content/Stylized_Tree_Pack/Meshes/Willow/SM_Stylized_Tree_Willow_06.ubulk" 1999
"C:/Users/rgowell/Documents/Unreal Projects/FelineFour/CatNap/Content/Stylized_Tree_Pack/Meshes/Willow/SM_Stylized_Tree_Willow_06.uasset" 2000
"C:/Users/rgowell/Documents/Unreal Projects/FelineFour/CatNap/Content/Stylized_Tree_Pack/Meshes/Willow/SM_Stylized_Tree_Willow_06.uexp" 2001
"C:/Users/rgowell/Documents/Unreal Projects/FelineFour/CatNap/Content/Stylized_Tree_Pack/Materials/Material_Instances/Willow/MI_Leaf_Willow_04.uasset" 2002
"C:/Users/rgowell/Documents/Unreal Projects/FelineFour/CatNap/Content/Stylized_Tree_Pack/Materials/Material_Instances/Willow/MI_Leaf_Willow_04.uexp" 2003
"C:/Users/rgowell/Documents/Unreal Projects/FelineFour/CatNap/Content/Stylized_Tree_Pack/Meshes/Willow/SM_Stylized_Tree_Willow_05.ubulk" 2004
"C:/Users/rgowell/Documents/Unreal Projects/FelineFour/CatNap/Content/Stylized_Tree_Pack/Meshes/Willow/SM_Stylized_Tree_Willow_05.uasset" 2005
"C:/Users/rgowell/Documents/Unreal Projects/FelineFour/CatNap/Content/Stylized_Tree_Pack/Meshes/Willow/SM_Stylized_Tree_Willow_05.uexp" 2006
"C:/Users/rgowell/Documents/Unreal Projects/FelineFour/CatNap/Content/Stylized_Tree_Pack/Meshes/Willow/SM_Stylized_Tree_Willow_04.ubulk" 2007
"C:/Users/rgowell/Documents/Unreal Projects/FelineFour/CatNap/Content/Stylized_Tree_Pack/Meshes/Willow/SM_Stylized_Tree_Willow_04.uasset" 2008
"C:/Users/rgowell/Documents/Unreal Projects/FelineFour/CatNap/Content/Stylized_Tree_Pack/Meshes/Willow/SM_Stylized_Tree_Willow_04.uexp" 2009
"C:/Users/rgowell/Documents/Unreal Projects/FelineFour/CatNap/Content/Stylized_Tree_Pack/Meshes/Willow/SM_Stylized_Tree_Willow_03.ubulk" 2010
"C:/Users/rgowell/Documents/Unreal Projects/FelineFour/CatNap/Content/Stylized_Tree_Pack/Meshes/Willow/SM_Stylized_Tree_Willow_03.uasset" 2011
"C:/Users/rgowell/Documents/Unreal Projects/FelineFour/CatNap/Content/Stylized_Tree_Pack/Meshes/Willow/SM_Stylized_Tree_Willow_03.uexp" 2012
"C:/Users/rgowell/Documents/Unreal Projects/FelineFour/CatNap/Content/Stylized_Tree_Pack/Materials/Material_Instances/Bark/MI_Bark_02.uasset" 2013
"C:/Users/rgowell/Documents/Unreal Projects/FelineFour/CatNap/Content/Stylized_Tree_Pack/Materials/Material_Instances/Bark/MI_Bark_02.uexp" 2014
"C:/Users/rgowell/Documents/Unreal Projects/FelineFour/CatNap/Content/Stylized_Tree_Pack/Meshes/Willow/SM_Stylized_Tree_Willow_02.ubulk" 2015
"C:/Users/rgowell/Documents/Unreal Projects/FelineFour/CatNap/Content/Stylized_Tree_Pack/Meshes/Willow/SM_Stylized_Tree_Willow_02.uasset" 2016
"C:/Users/rgowell/Documents/Unreal Projects/FelineFour/CatNap/Content/Stylized_Tree_Pack/Meshes/Willow/SM_Stylized_Tree_Willow_02.uexp" 2017
"C:/Users/rgowell/Documents/Unreal Projects/FelineFour/CatNap/Content/Stylized_Tree_Pack/Meshes/Willow/SM_Stylized_Tree_Willow_01.ubulk" 2018
"C:/Users/rgowell/Documents/Unreal Projects/FelineFour/CatNap/Content/Stylized_Tree_Pack/Meshes/Willow/SM_Stylized_Tree_Willow_01.uasset" 2019
"C:/Users/rgowell/Documents/Unreal Projects/FelineFour/CatNap/Content/Stylized_Tree_Pack/Meshes/Willow/SM_Stylized_Tree_Willow_01.uexp" 2020
"C:/Users/rgowell/Documents/Unreal Projects/FelineFour/CatNap/Content/Stylized_Tree_Pack/Textures/Leaf_Textures/T_Leaf_Texture_Spruce_Branch.ubulk" 2021
"C:/Users/rgowell/Documents/Unreal Projects/FelineFour/CatNap/Content/Stylized_Tree_Pack/Textures/Leaf_Textures/T_Leaf_Texture_Spruce_Branch.uasset" 2022
"C:/Users/rgowell/Documents/Unreal Projects/FelineFour/CatNap/Content/Stylized_Tree_Pack/Textures/Leaf_Textures/T_Leaf_Texture_Spruce_Branch.uexp" 2023
"C:/Users/rgowell/Documents/Unreal Projects/FelineFour/CatNap/Content/Stylized_Tree_Pack/Materials/Material_Instances/Spruce/Branch/MI_Leaf_Spruce_Branch_04.uasset" 2024
"C:/Users/rgowell/Documents/Unreal Projects/FelineFour/CatNap/Content/Stylized_Tree_Pack/Materials/Material_Instances/Spruce/Branch/MI_Leaf_Spruce_Branch_04.uexp" 2025
"C:/Users/rgowell/Documents/Unreal Projects/FelineFour/CatNap/Content/Stylized_Tree_Pack/Textures/Leaf_Textures/T_Leaf_Texture_Spruce.ubulk" 2026
"C:/Users/rgowell/Documents/Unreal Projects/FelineFour/CatNap/Content/Stylized_Tree_Pack/Textures/Leaf_Textures/T_Leaf_Texture_Spruce.uasset" 2027
"C:/Users/rgowell/Documents/Unreal Projects/FelineFour/CatNap/Content/Stylized_Tree_Pack/Textures/Leaf_Textures/T_Leaf_Texture_Spruce.uexp" 2028
"C:/Users/rgowell/Documents/Unreal Projects/FelineFour/CatNap/Content/Stylized_Tree_Pack/Materials/Material_Instances/Spruce/Leaf/MI_Leaf_Spruce_04.uasset" 2029
"C:/Users/rgowell/Documents/Unreal Projects/FelineFour/CatNap/Content/Stylized_Tree_Pack/Materials/Material_Instances/Spruce/Leaf/MI_Leaf_Spruce_04.uexp" 2030
"C:/Users/rgowell/Documents/Unreal Projects/FelineFour/CatNap/Content/Stylized_Tree_Pack/Meshes/Spruce/SM_Stylized_Tree_Spruce_10.ubulk" 2031
"C:/Users/rgowell/Documents/Unreal Projects/FelineFour/CatNap/Content/Stylized_Tree_Pack/Meshes/Spruce/SM_Stylized_Tree_Spruce_10.uasset" 2032
"C:/Users/rgowell/Documents/Unreal Projects/FelineFour/CatNap/Content/Stylized_Tree_Pack/Meshes/Spruce/SM_Stylized_Tree_Spruce_10.uexp" 2033
"C:/Users/rgowell/Documents/Unreal Projects/FelineFour/CatNap/Content/Stylized_Tree_Pack/Materials/Material_Instances/Spruce/Branch/MI_Leaf_Spruce_Branch_05.uasset" 2034
"C:/Users/rgowell/Documents/Unreal Projects/FelineFour/CatNap/Content/Stylized_Tree_Pack/Materials/Material_Instances/Spruce/Branch/MI_Leaf_Spruce_Branch_05.uexp" 2035
"C:/Users/rgowell/Documents/Unreal Projects/FelineFour/CatNap/Content/Stylized_Tree_Pack/Materials/Material_Instances/Spruce/Leaf/MI_Leaf_Spruce_05.uasset" 2036
"C:/Users/rgowell/Documents/Unreal Projects/FelineFour/CatNap/Content/Stylized_Tree_Pack/Materials/Material_Instances/Spruce/Leaf/MI_Leaf_Spruce_05.uexp" 2037
"C:/Users/rgowell/Documents/Unreal Projects/FelineFour/CatNap/Content/Stylized_Tree_Pack/Meshes/Spruce/SM_Stylized_Tree_Spruce_09.ubulk" 2038
"C:/Users/rgowell/Documents/Unreal Projects/FelineFour/CatNap/Content/Stylized_Tree_Pack/Meshes/Spruce/SM_Stylized_Tree_Spruce_09.uasset" 2039
"C:/Users/rgowell/Documents/Unreal Projects/FelineFour/CatNap/Content/Stylized_Tree_Pack/Meshes/Spruce/SM_Stylized_Tree_Spruce_09.uexp" 2040
"C:/Users/rgowell/Documents/Unreal Projects/FelineFour/CatNap/Content/Stylized_Tree_Pack/Meshes/Spruce/SM_Stylized_Tree_Spruce_08.ubulk" 2041
"C:/Users/rgowell/Documents/Unreal Projects/FelineFour/CatNap/Content/Stylized_Tree_Pack/Meshes/Spruce/SM_Stylized_Tree_Spruce_08.uasset" 2042
"C:/Users/rgowell/Documents/Unreal Projects/FelineFour/CatNap/Content/Stylized_Tree_Pack/Meshes/Spruce/SM_Stylized_Tree_Spruce_08.uexp" 2043
"C:/Users/rgowell/Documents/Unreal Projects/FelineFour/CatNap/Content/Stylized_Tree_Pack/Materials/Material_Instances/Spruce/Branch/MI_Leaf_Spruce_Branch_01.uasset" 2044
"C:/Users/rgowell/Documents/Unreal Projects/FelineFour/CatNap/Content/Stylized_Tree_Pack/Materials/Material_Instances/Spruce/Branch/MI_Leaf_Spruce_Branch_01.uexp" 2045
"C:/Users/rgowell/Documents/Unreal Projects/FelineFour/CatNap/Content/Stylized_Tree_Pack/Materials/Material_Instances/Spruce/Leaf/MI_Leaf_Spruce_01.uasset" 2046
"C:/Users/rgowell/Documents/Unreal Projects/FelineFour/CatNap/Content/Stylized_Tree_Pack/Materials/Material_Instances/Spruce/Leaf/MI_Leaf_Spruce_01.uexp" 2047
"C:/Users/rgowell/Documents/Unreal Projects/FelineFour/CatNap/Content/Stylized_Tree_Pack/Meshes/Spruce/SM_Stylized_Tree_Spruce_07.ubulk" 2048
"C:/Users/rgowell/Documents/Unreal Projects/FelineFour/CatNap/Content/Stylized_Tree_Pack/Meshes/Spruce/SM_Stylized_Tree_Spruce_07.uasset" 2049
"C:/Users/rgowell/Documents/Unreal Projects/FelineFour/CatNap/Content/Stylized_Tree_Pack/Meshes/Spruce/SM_Stylized_Tree_Spruce_07.uexp" 2050
"C:/Users/rgowell/Documents/Unreal Projects/FelineFour/CatNap/Content/Stylized_Tree_Pack/Materials/Material_Instances/Spruce/Branch/MI_Leaf_Spruce_Branch_02.uasset" 2051
"C:/Users/rgowell/Documents/Unreal Projects/FelineFour/CatNap/Content/Stylized_Tree_Pack/Materials/Material_Instances/Spruce/Branch/MI_Leaf_Spruce_Branch_02.uexp" 2052
"C:/Users/rgowell/Documents/Unreal Projects/FelineFour/CatNap/Content/Stylized_Tree_Pack/Materials/Material_Instances/Spruce/Leaf/MI_Leaf_Spruce_02.uasset" 2053
"C:/Users/rgowell/Documents/Unreal Projects/FelineFour/CatNap/Content/Stylized_Tree_Pack/Materials/Material_Instances/Spruce/Leaf/MI_Leaf_Spruce_02.uexp" 2054
"C:/Users/rgowell/Documents/Unreal Projects/FelineFour/CatNap/Content/Stylized_Tree_Pack/Meshes/Spruce/SM_Stylized_Tree_Spruce_06.ubulk" 2055
"C:/Users/rgowell/Documents/Unreal Projects/FelineFour/CatNap/Content/Stylized_Tree_Pack/Meshes/Spruce/SM_Stylized_Tree_Spruce_06.uasset" 2056
"C:/Users/rgowell/Documents/Unreal Projects/FelineFour/CatNap/Content/Stylized_Tree_Pack/Meshes/Spruce/SM_Stylized_Tree_Spruce_06.uexp" 2057
"C:/Users/rgowell/Documents/Unreal Projects/FelineFour/CatNap/Content/Stylized_Tree_Pack/Meshes/Spruce/SM_Stylized_Tree_Spruce_05.ubulk" 2058
"C:/Users/rgowell/Documents/Unreal Projects/FelineFour/CatNap/Content/Stylized_Tree_Pack/Meshes/Spruce/SM_Stylized_Tree_Spruce_05.uasset" 2059
"C:/Users/rgowell/Documents/Unreal Projects/FelineFour/CatNap/Content/Stylized_Tree_Pack/Meshes/Spruce/SM_Stylized_Tree_Spruce_05.uexp" 2060
"C:/Users/rgowell/Documents/Unreal Projects/FelineFour/CatNap/Content/Stylized_Tree_Pack/Materials/Material_Instances/Spruce/Branch/MI_Leaf_Spruce_Branch_03.uasset" 2061
"C:/Users/rgowell/Documents/Unreal Projects/FelineFour/CatNap/Content/Stylized_Tree_Pack/Materials/Material_Instances/Spruce/Branch/MI_Leaf_Spruce_Branch_03.uexp" 2062
"C:/Users/rgowell/Documents/Unreal Projects/FelineFour/CatNap/Content/Stylized_Tree_Pack/Materials/Material_Instances/Spruce/Leaf/MI_Leaf_Spruce_03.uasset" 2063
"C:/Users/rgowell/Documents/Unreal Projects/FelineFour/CatNap/Content/Stylized_Tree_Pack/Materials/Material_Instances/Spruce/Leaf/MI_Leaf_Spruce_03.uexp" 2064
"C:/Users/rgowell/Documents/Unreal Projects/FelineFour/CatNap/Content/Stylized_Tree_Pack/Meshes/Spruce/SM_Stylized_Tree_Spruce_04.ubulk" 2065
"C:/Users/rgowell/Documents/Unreal Projects/FelineFour/CatNap/Content/Stylized_Tree_Pack/Meshes/Spruce/SM_Stylized_Tree_Spruce_04.uasset" 2066
"C:/Users/rgowell/Documents/Unreal Projects/FelineFour/CatNap/Content/Stylized_Tree_Pack/Meshes/Spruce/SM_Stylized_Tree_Spruce_04.uexp" 2067
"C:/Users/rgowell/Documents/Unreal Projects/FelineFour/CatNap/Content/Stylized_Tree_Pack/Meshes/Spruce/SM_Stylized_Tree_Spruce_03.ubulk" 2068
"C:/Users/rgowell/Documents/Unreal Projects/FelineFour/CatNap/Content/Stylized_Tree_Pack/Meshes/Spruce/SM_Stylized_Tree_Spruce_03.uasset" 2069
"C:/Users/rgowell/Documents/Unreal Projects/FelineFour/CatNap/Content/Stylized_Tree_Pack/Meshes/Spruce/SM_Stylized_Tree_Spruce_03.uexp" 2070
"C:/Users/rgowell/Documents/Unreal Projects/FelineFour/CatNap/Content/Stylized_Tree_Pack/Meshes/Spruce/SM_Stylized_Tree_Spruce_02.ubulk" 2071
"C:/Users/rgowell/Documents/Unreal Projects/FelineFour/CatNap/Content/Stylized_Tree_Pack/Meshes/Spruce/SM_Stylized_Tree_Spruce_02.uasset" 2072
"C:/Users/rgowell/Documents/Unreal Projects/FelineFour/CatNap/Content/Stylized_Tree_Pack/Meshes/Spruce/SM_Stylized_Tree_Spruce_02.uexp" 2073
"C:/Users/rgowell/Documents/Unreal Projects/FelineFour/CatNap/Content/Stylized_Tree_Pack/Meshes/Spruce/SM_Stylized_Tree_Spruce_01.ubulk" 2074
"C:/Users/rgowell/Documents/Unreal Projects/FelineFour/CatNap/Content/Stylized_Tree_Pack/Meshes/Spruce/SM_Stylized_Tree_Spruce_01.uasset" 2075
"C:/Users/rgowell/Documents/Unreal Projects/FelineFour/CatNap/Content/Stylized_Tree_Pack/Meshes/Spruce/SM_Stylized_Tree_Spruce_01.uexp" 2076
"C:/Users/rgowell/Documents/Unreal Projects/FelineFour/CatNap/Content/Stylized_Tree_Pack/Textures/Leaf_Textures/T_Leaf_Texture_Pine.ubulk" 2077
"C:/Users/rgowell/Documents/Unreal Projects/FelineFour/CatNap/Content/Stylized_Tree_Pack/Textures/Leaf_Textures/T_Leaf_Texture_Pine.uasset" 2078
"C:/Users/rgowell/Documents/Unreal Projects/FelineFour/CatNap/Content/Stylized_Tree_Pack/Textures/Leaf_Textures/T_Leaf_Texture_Pine.uexp" 2079
"C:/Users/rgowell/Documents/Unreal Projects/FelineFour/CatNap/Content/Stylized_Tree_Pack/Materials/Material_Instances/Pine/MI_Leaf_Pine_02.uasset" 2080
"C:/Users/rgowell/Documents/Unreal Projects/FelineFour/CatNap/Content/Stylized_Tree_Pack/Materials/Material_Instances/Pine/MI_Leaf_Pine_02.uexp" 2081
"C:/Users/rgowell/Documents/Unreal Projects/FelineFour/CatNap/Content/Stylized_Tree_Pack/Meshes/Pine/SM_Stylized_Tree_Pine_10.ubulk" 2082
"C:/Users/rgowell/Documents/Unreal Projects/FelineFour/CatNap/Content/Stylized_Tree_Pack/Meshes/Pine/SM_Stylized_Tree_Pine_10.uasset" 2083
"C:/Users/rgowell/Documents/Unreal Projects/FelineFour/CatNap/Content/Stylized_Tree_Pack/Meshes/Pine/SM_Stylized_Tree_Pine_10.uexp" 2084
"C:/Users/rgowell/Documents/Unreal Projects/FelineFour/CatNap/Content/Stylized_Tree_Pack/Materials/Material_Instances/Pine/MI_Leaf_Pine_03.uasset" 2085
"C:/Users/rgowell/Documents/Unreal Projects/FelineFour/CatNap/Content/Stylized_Tree_Pack/Materials/Material_Instances/Pine/MI_Leaf_Pine_03.uexp" 2086
"C:/Users/rgowell/Documents/Unreal Projects/FelineFour/CatNap/Content/Stylized_Tree_Pack/Meshes/Pine/SM_Stylized_Tree_Pine_09.ubulk" 2087
"C:/Users/rgowell/Documents/Unreal Projects/FelineFour/CatNap/Content/Stylized_Tree_Pack/Meshes/Pine/SM_Stylized_Tree_Pine_09.uasset" 2088
"C:/Users/rgowell/Documents/Unreal Projects/FelineFour/CatNap/Content/Stylized_Tree_Pack/Meshes/Pine/SM_Stylized_Tree_Pine_09.uexp" 2089
"C:/Users/rgowell/Documents/Unreal Projects/FelineFour/CatNap/Content/Stylized_Tree_Pack/Materials/Material_Instances/Pine/MI_Leaf_Pine_04.uasset" 2090
"C:/Users/rgowell/Documents/Unreal Projects/FelineFour/CatNap/Content/Stylized_Tree_Pack/Materials/Material_Instances/Pine/MI_Leaf_Pine_04.uexp" 2091
"C:/Users/rgowell/Documents/Unreal Projects/FelineFour/CatNap/Content/Stylized_Tree_Pack/Meshes/Pine/SM_Stylized_Tree_Pine_08.ubulk" 2092
"C:/Users/rgowell/Documents/Unreal Projects/FelineFour/CatNap/Content/Stylized_Tree_Pack/Meshes/Pine/SM_Stylized_Tree_Pine_08.uasset" 2093
"C:/Users/rgowell/Documents/Unreal Projects/FelineFour/CatNap/Content/Stylized_Tree_Pack/Meshes/Pine/SM_Stylized_Tree_Pine_08.uexp" 2094
"C:/Users/rgowell/Documents/Unreal Projects/FelineFour/CatNap/Content/Stylized_Tree_Pack/Materials/Material_Instances/Pine/MI_Leaf_Pine_05.uasset" 2095
"C:/Users/rgowell/Documents/Unreal Projects/FelineFour/CatNap/Content/Stylized_Tree_Pack/Materials/Material_Instances/Pine/MI_Leaf_Pine_05.uexp" 2096
"C:/Users/rgowell/Documents/Unreal Projects/FelineFour/CatNap/Content/Stylized_Tree_Pack/Meshes/Pine/SM_Stylized_Tree_Pine_07.ubulk" 2097
"C:/Users/rgowell/Documents/Unreal Projects/FelineFour/CatNap/Content/Stylized_Tree_Pack/Meshes/Pine/SM_Stylized_Tree_Pine_07.uasset" 2098
"C:/Users/rgowell/Documents/Unreal Projects/FelineFour/CatNap/Content/Stylized_Tree_Pack/Meshes/Pine/SM_Stylized_Tree_Pine_07.uexp" 2099
"C:/Users/rgowell/Documents/Unreal Projects/FelineFour/CatNap/Content/Stylized_Tree_Pack/Meshes/Pine/SM_Stylized_Tree_Pine_06.ubulk" 2100
"C:/Users/rgowell/Documents/Unreal Projects/FelineFour/CatNap/Content/Stylized_Tree_Pack/Meshes/Pine/SM_Stylized_Tree_Pine_06.uasset" 2101
"C:/Users/rgowell/Documents/Unreal Projects/FelineFour/CatNap/Content/Stylized_Tree_Pack/Meshes/Pine/SM_Stylized_Tree_Pine_06.uexp" 2102
"C:/Users/rgowell/Documents/Unreal Projects/FelineFour/CatNap/Content/Stylized_Tree_Pack/Meshes/Pine/SM_Stylized_Tree_Pine_05.ubulk" 2103
"C:/Users/rgowell/Documents/Unreal Projects/FelineFour/CatNap/Content/Stylized_Tree_Pack/Meshes/Pine/SM_Stylized_Tree_Pine_05.uasset" 2104
"C:/Users/rgowell/Documents/Unreal Projects/FelineFour/CatNap/Content/Stylized_Tree_Pack/Meshes/Pine/SM_Stylized_Tree_Pine_05.uexp" 2105
"C:/Users/rgowell/Documents/Unreal Projects/FelineFour/CatNap/Content/Stylized_Tree_Pack/Materials/Material_Instances/Pine/MI_Leaf_Pine_01.uasset" 2106
"C:/Users/rgowell/Documents/Unreal Projects/FelineFour/CatNap/Content/Stylized_Tree_Pack/Materials/Material_Instances/Pine/MI_Leaf_Pine_01.uexp" 2107
"C:/Users/rgowell/Documents/Unreal Projects/FelineFour/CatNap/Content/Stylized_Tree_Pack/Meshes/Pine/SM_Stylized_Tree_Pine_04.ubulk" 2108
"C:/Users/rgowell/Documents/Unreal Projects/FelineFour/CatNap/Content/Stylized_Tree_Pack/Meshes/Pine/SM_Stylized_Tree_Pine_04.uasset" 2109
"C:/Users/rgowell/Documents/Unreal Projects/FelineFour/CatNap/Content/Stylized_Tree_Pack/Meshes/Pine/SM_Stylized_Tree_Pine_04.uexp" 2110
"C:/Users/rgowell/Documents/Unreal Projects/FelineFour/CatNap/Content/Stylized_Tree_Pack/Meshes/Pine/SM_Stylized_Tree_Pine_03.ubulk" 2111
"C:/Users/rgowell/Documents/Unreal Projects/FelineFour/CatNap/Content/Stylized_Tree_Pack/Meshes/Pine/SM_Stylized_Tree_Pine_03.uasset" 2112
"C:/Users/rgowell/Documents/Unreal Projects/FelineFour/CatNap/Content/Stylized_Tree_Pack/Meshes/Pine/SM_Stylized_Tree_Pine_03.uexp" 2113
"C:/Users/rgowell/Documents/Unreal Projects/FelineFour/CatNap/Content/Stylized_Tree_Pack/Meshes/Pine/SM_Stylized_Tree_Pine_02.ubulk" 2114
"C:/Users/rgowell/Documents/Unreal Projects/FelineFour/CatNap/Content/Stylized_Tree_Pack/Meshes/Pine/SM_Stylized_Tree_Pine_02.uasset" 2115
"C:/Users/rgowell/Documents/Unreal Projects/FelineFour/CatNap/Content/Stylized_Tree_Pack/Meshes/Pine/SM_Stylized_Tree_Pine_02.uexp" 2116
"C:/Users/rgowell/Documents/Unreal Projects/FelineFour/CatNap/Content/Stylized_Tree_Pack/Meshes/Pine/SM_Stylized_Tree_Pine_01.ubulk" 2117
"C:/Users/rgowell/Documents/Unreal Projects/FelineFour/CatNap/Content/Stylized_Tree_Pack/Meshes/Pine/SM_Stylized_Tree_Pine_01.uasset" 2118
"C:/Users/rgowell/Documents/Unreal Projects/FelineFour/CatNap/Content/Stylized_Tree_Pack/Meshes/Pine/SM_Stylized_Tree_Pine_01.uexp" 2119
"C:/Users/rgowell/Documents/Unreal Projects/FelineFour/CatNap/Content/Stylized_Tree_Pack/Textures/Leaf_Textures/T_Leaf_Texture_Acacia_Branch.ubulk" 2120
"C:/Users/rgowell/Documents/Unreal Projects/FelineFour/CatNap/Content/Stylized_Tree_Pack/Textures/Leaf_Textures/T_Leaf_Texture_Acacia_Branch.uasset" 2121
"C:/Users/rgowell/Documents/Unreal Projects/FelineFour/CatNap/Content/Stylized_Tree_Pack/Textures/Leaf_Textures/T_Leaf_Texture_Acacia_Branch.uexp" 2122
"C:/Users/rgowell/Documents/Unreal Projects/FelineFour/CatNap/Content/Stylized_Tree_Pack/Materials/Material_Instances/Acacia/Branch/MI_Leaf_Acacia_Branch_05.uasset" 2123
"C:/Users/rgowell/Documents/Unreal Projects/FelineFour/CatNap/Content/Stylized_Tree_Pack/Materials/Material_Instances/Acacia/Branch/MI_Leaf_Acacia_Branch_05.uexp" 2124
"C:/Users/rgowell/Documents/Unreal Projects/FelineFour/CatNap/Content/Stylized_Tree_Pack/Textures/Leaf_Textures/T_Leaf_Texture_Acacia.ubulk" 2125
"C:/Users/rgowell/Documents/Unreal Projects/FelineFour/CatNap/Content/Stylized_Tree_Pack/Textures/Leaf_Textures/T_Leaf_Texture_Acacia.uasset" 2126
"C:/Users/rgowell/Documents/Unreal Projects/FelineFour/CatNap/Content/Stylized_Tree_Pack/Textures/Leaf_Textures/T_Leaf_Texture_Acacia.uexp" 2127
"C:/Users/rgowell/Documents/Unreal Projects/FelineFour/CatNap/Content/Stylized_Tree_Pack/Materials/Material_Instances/Acacia/Leaf/MI_Leaf_Acacia_05.uasset" 2128
"C:/Users/rgowell/Documents/Unreal Projects/FelineFour/CatNap/Content/Stylized_Tree_Pack/Materials/Material_Instances/Acacia/Leaf/MI_Leaf_Acacia_05.uexp" 2129
"C:/Users/rgowell/Documents/Unreal Projects/FelineFour/CatNap/Content/Stylized_Tree_Pack/Meshes/Old/SM_Stylized_Tree_Old_05.ubulk" 2130
"C:/Users/rgowell/Documents/Unreal Projects/FelineFour/CatNap/Content/Stylized_Tree_Pack/Meshes/Old/SM_Stylized_Tree_Old_05.uasset" 2131
"C:/Users/rgowell/Documents/Unreal Projects/FelineFour/CatNap/Content/Stylized_Tree_Pack/Meshes/Old/SM_Stylized_Tree_Old_05.uexp" 2132
"C:/Users/rgowell/Documents/Unreal Projects/FelineFour/CatNap/Content/Stylized_Tree_Pack/Meshes/Old/SM_Stylized_Tree_Old_04.ubulk" 2133
"C:/Users/rgowell/Documents/Unreal Projects/FelineFour/CatNap/Content/Stylized_Tree_Pack/Meshes/Old/SM_Stylized_Tree_Old_04.uasset" 2134
"C:/Users/rgowell/Documents/Unreal Projects/FelineFour/CatNap/Content/Stylized_Tree_Pack/Meshes/Old/SM_Stylized_Tree_Old_04.uexp" 2135
"C:/Users/rgowell/Documents/Unreal Projects/FelineFour/CatNap/Content/Stylized_Tree_Pack/Meshes/Old/SM_Stylized_Tree_Old_03.ubulk" 2136
"C:/Users/rgowell/Documents/Unreal Projects/FelineFour/CatNap/Content/Stylized_Tree_Pack/Meshes/Old/SM_Stylized_Tree_Old_03.uasset" 2137
"C:/Users/rgowell/Documents/Unreal Projects/FelineFour/CatNap/Content/Stylized_Tree_Pack/Meshes/Old/SM_Stylized_Tree_Old_03.uexp" 2138
"C:/Users/rgowell/Documents/Unreal Projects/FelineFour/CatNap/Content/Stylized_Tree_Pack/Meshes/Old/SM_Stylized_Tree_Old_02.ubulk" 2139
"C:/Users/rgowell/Documents/Unreal Projects/FelineFour/CatNap/Content/Stylized_Tree_Pack/Meshes/Old/SM_Stylized_Tree_Old_02.uasset" 2140
"C:/Users/rgowell/Documents/Unreal Projects/FelineFour/CatNap/Content/Stylized_Tree_Pack/Meshes/Old/SM_Stylized_Tree_Old_02.uexp" 2141
"C:/Users/rgowell/Documents/Unreal Projects/FelineFour/CatNap/Content/Stylized_Tree_Pack/Meshes/Old/SM_Stylized_Tree_Old_01.ubulk" 2142
"C:/Users/rgowell/Documents/Unreal Projects/FelineFour/CatNap/Content/Stylized_Tree_Pack/Meshes/Old/SM_Stylized_Tree_Old_01.uasset" 2143
"C:/Users/rgowell/Documents/Unreal Projects/FelineFour/CatNap/Content/Stylized_Tree_Pack/Meshes/Old/SM_Stylized_Tree_Old_01.uexp" 2144
"C:/Users/rgowell/Documents/Unreal Projects/FelineFour/CatNap/Content/Stylized_Tree_Pack/Textures/Leaf_Textures/T_Leaf_Texture_Oak.ubulk" 2145
"C:/Users/rgowell/Documents/Unreal Projects/FelineFour/CatNap/Content/Stylized_Tree_Pack/Textures/Leaf_Textures/T_Leaf_Texture_Oak.uasset" 2146
"C:/Users/rgowell/Documents/Unreal Projects/FelineFour/CatNap/Content/Stylized_Tree_Pack/Textures/Leaf_Textures/T_Leaf_Texture_Oak.uexp" 2147
"C:/Users/rgowell/Documents/Unreal Projects/FelineFour/CatNap/Content/Stylized_Tree_Pack/Materials/Material_Instances/Oak/MI_Leaf_Oak_01.uasset" 2148
"C:/Users/rgowell/Documents/Unreal Projects/FelineFour/CatNap/Content/Stylized_Tree_Pack/Materials/Material_Instances/Oak/MI_Leaf_Oak_01.uexp" 2149
"C:/Users/rgowell/Documents/Unreal Projects/FelineFour/CatNap/Content/Stylized_Tree_Pack/Meshes/Oak/SM_Stylized_Tree_Oak_10.ubulk" 2150
"C:/Users/rgowell/Documents/Unreal Projects/FelineFour/CatNap/Content/Stylized_Tree_Pack/Meshes/Oak/SM_Stylized_Tree_Oak_10.uasset" 2151
"C:/Users/rgowell/Documents/Unreal Projects/FelineFour/CatNap/Content/Stylized_Tree_Pack/Meshes/Oak/SM_Stylized_Tree_Oak_10.uexp" 2152
"C:/Users/rgowell/Documents/Unreal Projects/FelineFour/CatNap/Content/Stylized_Tree_Pack/Materials/Material_Instances/Oak/MI_Leaf_Oak_02.uasset" 2153
"C:/Users/rgowell/Documents/Unreal Projects/FelineFour/CatNap/Content/Stylized_Tree_Pack/Materials/Material_Instances/Oak/MI_Leaf_Oak_02.uexp" 2154
"C:/Users/rgowell/Documents/Unreal Projects/FelineFour/CatNap/Content/Stylized_Tree_Pack/Meshes/Oak/SM_Stylized_Tree_Oak_09.ubulk" 2155
"C:/Users/rgowell/Documents/Unreal Projects/FelineFour/CatNap/Content/Stylized_Tree_Pack/Meshes/Oak/SM_Stylized_Tree_Oak_09.uasset" 2156
"C:/Users/rgowell/Documents/Unreal Projects/FelineFour/CatNap/Content/Stylized_Tree_Pack/Meshes/Oak/SM_Stylized_Tree_Oak_09.uexp" 2157
"C:/Users/rgowell/Documents/Unreal Projects/FelineFour/CatNap/Content/Stylized_Tree_Pack/Materials/Material_Instances/Oak/MI_Leaf_Oak_03.uasset" 2158
"C:/Users/rgowell/Documents/Unreal Projects/FelineFour/CatNap/Content/Stylized_Tree_Pack/Materials/Material_Instances/Oak/MI_Leaf_Oak_03.uexp" 2159
"C:/Users/rgowell/Documents/Unreal Projects/FelineFour/CatNap/Content/Stylized_Tree_Pack/Meshes/Oak/SM_Stylized_Tree_Oak_08.ubulk" 2160
"C:/Users/rgowell/Documents/Unreal Projects/FelineFour/CatNap/Content/Stylized_Tree_Pack/Meshes/Oak/SM_Stylized_Tree_Oak_08.uasset" 2161
"C:/Users/rgowell/Documents/Unreal Projects/FelineFour/CatNap/Content/Stylized_Tree_Pack/Meshes/Oak/SM_Stylized_Tree_Oak_08.uexp" 2162
"C:/Users/rgowell/Documents/Unreal Projects/FelineFour/CatNap/Content/Stylized_Tree_Pack/Materials/Material_Instances/Oak/MI_Leaf_Oak_04.uasset" 2163
"C:/Users/rgowell/Documents/Unreal Projects/FelineFour/CatNap/Content/Stylized_Tree_Pack/Materials/Material_Instances/Oak/MI_Leaf_Oak_04.uexp" 2164
"C:/Users/rgowell/Documents/Unreal Projects/FelineFour/CatNap/Content/Stylized_Tree_Pack/Meshes/Oak/SM_Stylized_Tree_Oak_07.ubulk" 2165
"C:/Users/rgowell/Documents/Unreal Projects/FelineFour/CatNap/Content/Stylized_Tree_Pack/Meshes/Oak/SM_Stylized_Tree_Oak_07.uasset" 2166
"C:/Users/rgowell/Documents/Unreal Projects/FelineFour/CatNap/Content/Stylized_Tree_Pack/Meshes/Oak/SM_Stylized_Tree_Oak_07.uexp" 2167
"C:/Users/rgowell/Documents/Unreal Projects/FelineFour/CatNap/Content/Stylized_Tree_Pack/Meshes/Oak/SM_Stylized_Tree_Oak_06.ubulk" 2168
"C:/Users/rgowell/Documents/Unreal Projects/FelineFour/CatNap/Content/Stylized_Tree_Pack/Meshes/Oak/SM_Stylized_Tree_Oak_06.uasset" 2169
"C:/Users/rgowell/Documents/Unreal Projects/FelineFour/CatNap/Content/Stylized_Tree_Pack/Meshes/Oak/SM_Stylized_Tree_Oak_06.uexp" 2170
"C:/Users/rgowell/Documents/Unreal Projects/FelineFour/CatNap/Content/Stylized_Tree_Pack/Meshes/Oak/SM_Stylized_Tree_Oak_05.ubulk" 2171
"C:/Users/rgowell/Documents/Unreal Projects/FelineFour/CatNap/Content/Stylized_Tree_Pack/Meshes/Oak/SM_Stylized_Tree_Oak_05.uasset" 2172
"C:/Users/rgowell/Documents/Unreal Projects/FelineFour/CatNap/Content/Stylized_Tree_Pack/Meshes/Oak/SM_Stylized_Tree_Oak_05.uexp" 2173
"C:/Users/rgowell/Documents/Unreal Projects/FelineFour/CatNap/Content/Stylized_Tree_Pack/Materials/Material_Instances/Oak/MI_Leaf_Oak_05.uasset" 2174
"C:/Users/rgowell/Documents/Unreal Projects/FelineFour/CatNap/Content/Stylized_Tree_Pack/Materials/Material_Instances/Oak/MI_Leaf_Oak_05.uexp" 2175
"C:/Users/rgowell/Documents/Unreal Projects/FelineFour/CatNap/Content/Stylized_Tree_Pack/Meshes/Oak/SM_Stylized_Tree_Oak_04.ubulk" 2176
"C:/Users/rgowell/Documents/Unreal Projects/FelineFour/CatNap/Content/Stylized_Tree_Pack/Meshes/Oak/SM_Stylized_Tree_Oak_04.uasset" 2177
"C:/Users/rgowell/Documents/Unreal Projects/FelineFour/CatNap/Content/Stylized_Tree_Pack/Meshes/Oak/SM_Stylized_Tree_Oak_04.uexp" 2178
"C:/Users/rgowell/Documents/Unreal Projects/FelineFour/CatNap/Content/Stylized_Tree_Pack/Meshes/Oak/SM_Stylized_Tree_Oak_03.ubulk" 2179
"C:/Users/rgowell/Documents/Unreal Projects/FelineFour/CatNap/Content/Stylized_Tree_Pack/Meshes/Oak/SM_Stylized_Tree_Oak_03.uasset" 2180
"C:/Users/rgowell/Documents/Unreal Projects/FelineFour/CatNap/Content/Stylized_Tree_Pack/Meshes/Oak/SM_Stylized_Tree_Oak_03.uexp" 2181
"C:/Users/rgowell/Documents/Unreal Projects/FelineFour/CatNap/Content/Stylized_Tree_Pack/Meshes/Oak/SM_Stylized_Tree_Oak_02.ubulk" 2182
"C:/Users/rgowell/Documents/Unreal Projects/FelineFour/CatNap/Content/Stylized_Tree_Pack/Meshes/Oak/SM_Stylized_Tree_Oak_02.uasset" 2183
"C:/Users/rgowell/Documents/Unreal Projects/FelineFour/CatNap/Content/Stylized_Tree_Pack/Meshes/Oak/SM_Stylized_Tree_Oak_02.uexp" 2184
"C:/Users/rgowell/Documents/Unreal Projects/FelineFour/CatNap/Content/Stylized_Tree_Pack/Meshes/Oak/SM_Stylized_Tree_Oak_01.ubulk" 2185
"C:/Users/rgowell/Documents/Unreal Projects/FelineFour/CatNap/Content/Stylized_Tree_Pack/Meshes/Oak/SM_Stylized_Tree_Oak_01.uasset" 2186
"C:/Users/rgowell/Documents/Unreal Projects/FelineFour/CatNap/Content/Stylized_Tree_Pack/Meshes/Oak/SM_Stylized_Tree_Oak_01.uexp" 2187
"C:/Users/rgowell/Documents/Unreal Projects/FelineFour/CatNap/Content/Stylized_Tree_Pack/Textures/Leaf_Textures/T_Leaf_Texture_Maple.ubulk" 2188
"C:/Users/rgowell/Documents/Unreal Projects/FelineFour/CatNap/Content/Stylized_Tree_Pack/Textures/Leaf_Textures/T_Leaf_Texture_Maple.uasset" 2189
"C:/Users/rgowell/Documents/Unreal Projects/FelineFour/CatNap/Content/Stylized_Tree_Pack/Textures/Leaf_Textures/T_Leaf_Texture_Maple.uexp" 2190
"C:/Users/rgowell/Documents/Unreal Projects/FelineFour/CatNap/Content/Stylized_Tree_Pack/Materials/Material_Instances/Maple/MI_Leaf_Maple_05.uasset" 2191
"C:/Users/rgowell/Documents/Unreal Projects/FelineFour/CatNap/Content/Stylized_Tree_Pack/Materials/Material_Instances/Maple/MI_Leaf_Maple_05.uexp" 2192
"C:/Users/rgowell/Documents/Unreal Projects/FelineFour/CatNap/Content/Stylized_Tree_Pack/Meshes/Maple/SM_Stylized_Tree_Maple_10.ubulk" 2193
"C:/Users/rgowell/Documents/Unreal Projects/FelineFour/CatNap/Content/Stylized_Tree_Pack/Meshes/Maple/SM_Stylized_Tree_Maple_10.uasset" 2194
"C:/Users/rgowell/Documents/Unreal Projects/FelineFour/CatNap/Content/Stylized_Tree_Pack/Meshes/Maple/SM_Stylized_Tree_Maple_10.uexp" 2195
"C:/Users/rgowell/Documents/Unreal Projects/FelineFour/CatNap/Content/Stylized_Tree_Pack/Materials/Material_Instances/Maple/MI_Leaf_Maple_02.uasset" 2196
"C:/Users/rgowell/Documents/Unreal Projects/FelineFour/CatNap/Content/Stylized_Tree_Pack/Materials/Material_Instances/Maple/MI_Leaf_Maple_02.uexp" 2197
"C:/Users/rgowell/Documents/Unreal Projects/FelineFour/CatNap/Content/Stylized_Tree_Pack/Meshes/Maple/SM_Stylized_Tree_Maple_09.ubulk" 2198
"C:/Users/rgowell/Documents/Unreal Projects/FelineFour/CatNap/Content/Stylized_Tree_Pack/Meshes/Maple/SM_Stylized_Tree_Maple_09.uasset" 2199
"C:/Users/rgowell/Documents/Unreal Projects/FelineFour/CatNap/Content/Stylized_Tree_Pack/Meshes/Maple/SM_Stylized_Tree_Maple_09.uexp" 2200
"C:/Users/rgowell/Documents/Unreal Projects/FelineFour/CatNap/Content/Stylized_Tree_Pack/Materials/Material_Instances/Maple/MI_Leaf_Maple_04.uasset" 2201
"C:/Users/rgowell/Documents/Unreal Projects/FelineFour/CatNap/Content/Stylized_Tree_Pack/Materials/Material_Instances/Maple/MI_Leaf_Maple_04.uexp" 2202
"C:/Users/rgowell/Documents/Unreal Projects/FelineFour/CatNap/Content/Stylized_Tree_Pack/Meshes/Maple/SM_Stylized_Tree_Maple_08.ubulk" 2203
"C:/Users/rgowell/Documents/Unreal Projects/FelineFour/CatNap/Content/Stylized_Tree_Pack/Meshes/Maple/SM_Stylized_Tree_Maple_08.uasset" 2204
"C:/Users/rgowell/Documents/Unreal Projects/FelineFour/CatNap/Content/Stylized_Tree_Pack/Meshes/Maple/SM_Stylized_Tree_Maple_08.uexp" 2205
"C:/Users/rgowell/Documents/Unreal Projects/FelineFour/CatNap/Content/Stylized_Tree_Pack/Meshes/Maple/SM_Stylized_Tree_Maple_07.ubulk" 2206
"C:/Users/rgowell/Documents/Unreal Projects/FelineFour/CatNap/Content/Stylized_Tree_Pack/Meshes/Maple/SM_Stylized_Tree_Maple_07.uasset" 2207
"C:/Users/rgowell/Documents/Unreal Projects/FelineFour/CatNap/Content/Stylized_Tree_Pack/Meshes/Maple/SM_Stylized_Tree_Maple_07.uexp" 2208
"C:/Users/rgowell/Documents/Unreal Projects/FelineFour/CatNap/Content/Stylized_Tree_Pack/Materials/Material_Instances/Maple/MI_Leaf_Maple_01.uasset" 2209
"C:/Users/rgowell/Documents/Unreal Projects/FelineFour/CatNap/Content/Stylized_Tree_Pack/Materials/Material_Instances/Maple/MI_Leaf_Maple_01.uexp" 2210
"C:/Users/rgowell/Documents/Unreal Projects/FelineFour/CatNap/Content/Stylized_Tree_Pack/Meshes/Maple/SM_Stylized_Tree_Maple_06.ubulk" 2211
"C:/Users/rgowell/Documents/Unreal Projects/FelineFour/CatNap/Content/Stylized_Tree_Pack/Meshes/Maple/SM_Stylized_Tree_Maple_06.uasset" 2212
"C:/Users/rgowell/Documents/Unreal Projects/FelineFour/CatNap/Content/Stylized_Tree_Pack/Meshes/Maple/SM_Stylized_Tree_Maple_06.uexp" 2213
"C:/Users/rgowell/Documents/Unreal Projects/FelineFour/CatNap/Content/Stylized_Tree_Pack/Meshes/Maple/SM_Stylized_Tree_Maple_05.ubulk" 2214
"C:/Users/rgowell/Documents/Unreal Projects/FelineFour/CatNap/Content/Stylized_Tree_Pack/Meshes/Maple/SM_Stylized_Tree_Maple_05.uasset" 2215
"C:/Users/rgowell/Documents/Unreal Projects/FelineFour/CatNap/Content/Stylized_Tree_Pack/Meshes/Maple/SM_Stylized_Tree_Maple_05.uexp" 2216
"C:/Users/rgowell/Documents/Unreal Projects/FelineFour/CatNap/Content/Stylized_Tree_Pack/Materials/Material_Instances/Maple/MI_Leaf_Maple_03.uasset" 2217
"C:/Users/rgowell/Documents/Unreal Projects/FelineFour/CatNap/Content/Stylized_Tree_Pack/Materials/Material_Instances/Maple/MI_Leaf_Maple_03.uexp" 2218
"C:/Users/rgowell/Documents/Unreal Projects/FelineFour/CatNap/Content/Stylized_Tree_Pack/Meshes/Maple/SM_Stylized_Tree_Maple_04.ubulk" 2219
"C:/Users/rgowell/Documents/Unreal Projects/FelineFour/CatNap/Content/Stylized_Tree_Pack/Meshes/Maple/SM_Stylized_Tree_Maple_04.uasset" 2220
"C:/Users/rgowell/Documents/Unreal Projects/FelineFour/CatNap/Content/Stylized_Tree_Pack/Meshes/Maple/SM_Stylized_Tree_Maple_04.uexp" 2221
"C:/Users/rgowell/Documents/Unreal Projects/FelineFour/CatNap/Content/Stylized_Tree_Pack/Meshes/Maple/SM_Stylized_Tree_Maple_03.ubulk" 2222
"C:/Users/rgowell/Documents/Unreal Projects/FelineFour/CatNap/Content/Stylized_Tree_Pack/Meshes/Maple/SM_Stylized_Tree_Maple_03.uasset" 2223
"C:/Users/rgowell/Documents/Unreal Projects/FelineFour/CatNap/Content/Stylized_Tree_Pack/Meshes/Maple/SM_Stylized_Tree_Maple_03.uexp" 2224
"C:/Users/rgowell/Documents/Unreal Projects/FelineFour/CatNap/Content/Stylized_Tree_Pack/Meshes/Maple/SM_Stylized_Tree_Maple_02.ubulk" 2225
"C:/Users/rgowell/Documents/Unreal Projects/FelineFour/CatNap/Content/Stylized_Tree_Pack/Meshes/Maple/SM_Stylized_Tree_Maple_02.uasset" 2226
"C:/Users/rgowell/Documents/Unreal Projects/FelineFour/CatNap/Content/Stylized_Tree_Pack/Meshes/Maple/SM_Stylized_Tree_Maple_02.uexp" 2227
"C:/Users/rgowell/Documents/Unreal Projects/FelineFour/CatNap/Content/Stylized_Tree_Pack/Meshes/Maple/SM_Stylized_Tree_Maple_01.ubulk" 2228
"C:/Users/rgowell/Documents/Unreal Projects/FelineFour/CatNap/Content/Stylized_Tree_Pack/Meshes/Maple/SM_Stylized_Tree_Maple_01.uasset" 2229
"C:/Users/rgowell/Documents/Unreal Projects/FelineFour/CatNap/Content/Stylized_Tree_Pack/Meshes/Maple/SM_Stylized_Tree_Maple_01.uexp" 2230
"C:/Users/rgowell/Documents/Unreal Projects/FelineFour/CatNap/Content/Stylized_Tree_Pack/Textures/Leaf_Textures/T_Leaf_Texture_Junifer.ubulk" 2231
"C:/Users/rgowell/Documents/Unreal Projects/FelineFour/CatNap/Content/Stylized_Tree_Pack/Textures/Leaf_Textures/T_Leaf_Texture_Junifer.uasset" 2232
"C:/Users/rgowell/Documents/Unreal Projects/FelineFour/CatNap/Content/Stylized_Tree_Pack/Textures/Leaf_Textures/T_Leaf_Texture_Junifer.uexp" 2233
"C:/Users/rgowell/Documents/Unreal Projects/FelineFour/CatNap/Content/Stylized_Tree_Pack/Materials/Material_Instances/Juniper/Leaf/MI_Leaf_Junifer_04.uasset" 2234
"C:/Users/rgowell/Documents/Unreal Projects/FelineFour/CatNap/Content/Stylized_Tree_Pack/Materials/Material_Instances/Juniper/Leaf/MI_Leaf_Junifer_04.uexp" 2235
"C:/Users/rgowell/Documents/Unreal Projects/FelineFour/CatNap/Content/Stylized_Tree_Pack/Meshes/Junifer/SM_Stylized_Tree_Junifer_10.ubulk" 2236
"C:/Users/rgowell/Documents/Unreal Projects/FelineFour/CatNap/Content/Stylized_Tree_Pack/Meshes/Junifer/SM_Stylized_Tree_Junifer_10.uasset" 2237
"C:/Users/rgowell/Documents/Unreal Projects/FelineFour/CatNap/Content/Stylized_Tree_Pack/Meshes/Junifer/SM_Stylized_Tree_Junifer_10.uexp" 2238
"C:/Users/rgowell/Documents/Unreal Projects/FelineFour/CatNap/Content/Stylized_Tree_Pack/Materials/Material_Instances/Juniper/Leaf/MI_Leaf_Junifer_01.uasset" 2239
"C:/Users/rgowell/Documents/Unreal Projects/FelineFour/CatNap/Content/Stylized_Tree_Pack/Materials/Material_Instances/Juniper/Leaf/MI_Leaf_Junifer_01.uexp" 2240
"C:/Users/rgowell/Documents/Unreal Projects/FelineFour/CatNap/Content/Stylized_Tree_Pack/Meshes/Junifer/SM_Stylized_Tree_Junifer_09.ubulk" 2241
"C:/Users/rgowell/Documents/Unreal Projects/FelineFour/CatNap/Content/Stylized_Tree_Pack/Meshes/Junifer/SM_Stylized_Tree_Junifer_09.uasset" 2242
"C:/Users/rgowell/Documents/Unreal Projects/FelineFour/CatNap/Content/Stylized_Tree_Pack/Meshes/Junifer/SM_Stylized_Tree_Junifer_09.uexp" 2243
"C:/Users/rgowell/Documents/Unreal Projects/FelineFour/CatNap/Content/Stylized_Tree_Pack/Materials/Material_Instances/Juniper/Leaf/MI_Leaf_Junifer_05.uasset" 2244
"C:/Users/rgowell/Documents/Unreal Projects/FelineFour/CatNap/Content/Stylized_Tree_Pack/Materials/Material_Instances/Juniper/Leaf/MI_Leaf_Junifer_05.uexp" 2245
"C:/Users/rgowell/Documents/Unreal Projects/FelineFour/CatNap/Content/Stylized_Tree_Pack/Meshes/Junifer/SM_Stylized_Tree_Junifer_08.ubulk" 2246
"C:/Users/rgowell/Documents/Unreal Projects/FelineFour/CatNap/Content/Stylized_Tree_Pack/Meshes/Junifer/SM_Stylized_Tree_Junifer_08.uasset" 2247
"C:/Users/rgowell/Documents/Unreal Projects/FelineFour/CatNap/Content/Stylized_Tree_Pack/Meshes/Junifer/SM_Stylized_Tree_Junifer_08.uexp" 2248
"C:/Users/rgowell/Documents/Unreal Projects/FelineFour/CatNap/Content/Stylized_Tree_Pack/Meshes/Junifer/SM_Stylized_Tree_Junifer_07.ubulk" 2249
"C:/Users/rgowell/Documents/Unreal Projects/FelineFour/CatNap/Content/Stylized_Tree_Pack/Meshes/Junifer/SM_Stylized_Tree_Junifer_07.uasset" 2250
"C:/Users/rgowell/Documents/Unreal Projects/FelineFour/CatNap/Content/Stylized_Tree_Pack/Meshes/Junifer/SM_Stylized_Tree_Junifer_07.uexp" 2251
"C:/Users/rgowell/Documents/Unreal Projects/FelineFour/CatNap/Content/Stylized_Tree_Pack/Materials/Material_Instances/Juniper/Leaf/MI_Leaf_Junifer_02.uasset" 2252
"C:/Users/rgowell/Documents/Unreal Projects/FelineFour/CatNap/Content/Stylized_Tree_Pack/Materials/Material_Instances/Juniper/Leaf/MI_Leaf_Junifer_02.uexp" 2253
"C:/Users/rgowell/Documents/Unreal Projects/FelineFour/CatNap/Content/Stylized_Tree_Pack/Meshes/Junifer/SM_Stylized_Tree_Junifer_06.ubulk" 2254
"C:/Users/rgowell/Documents/Unreal Projects/FelineFour/CatNap/Content/Stylized_Tree_Pack/Meshes/Junifer/SM_Stylized_Tree_Junifer_06.uasset" 2255
"C:/Users/rgowell/Documents/Unreal Projects/FelineFour/CatNap/Content/Stylized_Tree_Pack/Meshes/Junifer/SM_Stylized_Tree_Junifer_06.uexp" 2256
"C:/Users/rgowell/Documents/Unreal Projects/FelineFour/CatNap/Content/Stylized_Tree_Pack/Materials/Material_Instances/Juniper/Leaf/MI_Leaf_Junifer_03.uasset" 2257
"C:/Users/rgowell/Documents/Unreal Projects/FelineFour/CatNap/Content/Stylized_Tree_Pack/Materials/Material_Instances/Juniper/Leaf/MI_Leaf_Junifer_03.uexp" 2258
"C:/Users/rgowell/Documents/Unreal Projects/FelineFour/CatNap/Content/Stylized_Tree_Pack/Meshes/Junifer/SM_Stylized_Tree_Junifer_05.ubulk" 2259
"C:/Users/rgowell/Documents/Unreal Projects/FelineFour/CatNap/Content/Stylized_Tree_Pack/Meshes/Junifer/SM_Stylized_Tree_Junifer_05.uasset" 2260
"C:/Users/rgowell/Documents/Unreal Projects/FelineFour/CatNap/Content/Stylized_Tree_Pack/Meshes/Junifer/SM_Stylized_Tree_Junifer_05.uexp" 2261
"C:/Users/rgowell/Documents/Unreal Projects/FelineFour/CatNap/Content/Stylized_Tree_Pack/Meshes/Junifer/SM_Stylized_Tree_Junifer_04.ubulk" 2262
"C:/Users/rgowell/Documents/Unreal Projects/FelineFour/CatNap/Content/Stylized_Tree_Pack/Meshes/Junifer/SM_Stylized_Tree_Junifer_04.uasset" 2263
"C:/Users/rgowell/Documents/Unreal Projects/FelineFour/CatNap/Content/Stylized_Tree_Pack/Meshes/Junifer/SM_Stylized_Tree_Junifer_04.uexp" 2264
"C:/Users/rgowell/Documents/Unreal Projects/FelineFour/CatNap/Content/Stylized_Tree_Pack/Meshes/Junifer/SM_Stylized_Tree_Junifer_03.ubulk" 2265
"C:/Users/rgowell/Documents/Unreal Projects/FelineFour/CatNap/Content/Stylized_Tree_Pack/Meshes/Junifer/SM_Stylized_Tree_Junifer_03.uasset" 2266
"C:/Users/rgowell/Documents/Unreal Projects/FelineFour/CatNap/Content/Stylized_Tree_Pack/Meshes/Junifer/SM_Stylized_Tree_Junifer_03.uexp" 2267
"C:/Users/rgowell/Documents/Unreal Projects/FelineFour/CatNap/Content/Stylized_Tree_Pack/Meshes/Junifer/SM_Stylized_Tree_Junifer_02.ubulk" 2268
"C:/Users/rgowell/Documents/Unreal Projects/FelineFour/CatNap/Content/Stylized_Tree_Pack/Meshes/Junifer/SM_Stylized_Tree_Junifer_02.uasset" 2269
"C:/Users/rgowell/Documents/Unreal Projects/FelineFour/CatNap/Content/Stylized_Tree_Pack/Meshes/Junifer/SM_Stylized_Tree_Junifer_02.uexp" 2270
"C:/Users/rgowell/Documents/Unreal Projects/FelineFour/CatNap/Content/Stylized_Tree_Pack/Meshes/Junifer/SM_Stylized_Tree_Junifer_01.ubulk" 2271
"C:/Users/rgowell/Documents/Unreal Projects/FelineFour/CatNap/Content/Stylized_Tree_Pack/Meshes/Junifer/SM_Stylized_Tree_Junifer_01.uasset" 2272
"C:/Users/rgowell/Documents/Unreal Projects/FelineFour/CatNap/Content/Stylized_Tree_Pack/Meshes/Junifer/SM_Stylized_Tree_Junifer_01.uexp" 2273
"C:/Users/rgowell/Documents/Unreal Projects/FelineFour/CatNap/Content/Stylized_Tree_Pack/Textures/Leaf_Textures/T_Leaf_Texture_Joshua.ubulk" 2274
"C:/Users/rgowell/Documents/Unreal Projects/FelineFour/CatNap/Content/Stylized_Tree_Pack/Textures/Leaf_Textures/T_Leaf_Texture_Joshua.uasset" 2275
"C:/Users/rgowell/Documents/Unreal Projects/FelineFour/CatNap/Content/Stylized_Tree_Pack/Textures/Leaf_Textures/T_Leaf_Texture_Joshua.uexp" 2276
"C:/Users/rgowell/Documents/Unreal Projects/FelineFour/CatNap/Content/Stylized_Tree_Pack/Materials/Material_Instances/Joshua/MI_Leaf_Joshua_02.uasset" 2277
"C:/Users/rgowell/Documents/Unreal Projects/FelineFour/CatNap/Content/Stylized_Tree_Pack/Materials/Material_Instances/Joshua/MI_Leaf_Joshua_02.uexp" 2278
"C:/Users/rgowell/Documents/Unreal Projects/FelineFour/CatNap/Content/Stylized_Tree_Pack/Meshes/Joshua/SM_Stylized_Tree_Joshua_10.ubulk" 2279
"C:/Users/rgowell/Documents/Unreal Projects/FelineFour/CatNap/Content/Stylized_Tree_Pack/Meshes/Joshua/SM_Stylized_Tree_Joshua_10.uasset" 2280
"C:/Users/rgowell/Documents/Unreal Projects/FelineFour/CatNap/Content/Stylized_Tree_Pack/Meshes/Joshua/SM_Stylized_Tree_Joshua_10.uexp" 2281
"C:/Users/rgowell/Documents/Unreal Projects/FelineFour/CatNap/Content/Stylized_Tree_Pack/Materials/Material_Instances/Joshua/MI_Leaf_Joshua_03.uasset" 2282
"C:/Users/rgowell/Documents/Unreal Projects/FelineFour/CatNap/Content/Stylized_Tree_Pack/Materials/Material_Instances/Joshua/MI_Leaf_Joshua_03.uexp" 2283
"C:/Users/rgowell/Documents/Unreal Projects/FelineFour/CatNap/Content/Stylized_Tree_Pack/Meshes/Joshua/SM_Stylized_Tree_Joshua_09.ubulk" 2284
"C:/Users/rgowell/Documents/Unreal Projects/FelineFour/CatNap/Content/Stylized_Tree_Pack/Meshes/Joshua/SM_Stylized_Tree_Joshua_09.uasset" 2285
"C:/Users/rgowell/Documents/Unreal Projects/FelineFour/CatNap/Content/Stylized_Tree_Pack/Meshes/Joshua/SM_Stylized_Tree_Joshua_09.uexp" 2286
"C:/Users/rgowell/Documents/Unreal Projects/FelineFour/CatNap/Content/Stylized_Tree_Pack/Materials/Material_Instances/Joshua/MI_Leaf_Joshua_04.uasset" 2287
"C:/Users/rgowell/Documents/Unreal Projects/FelineFour/CatNap/Content/Stylized_Tree_Pack/Materials/Material_Instances/Joshua/MI_Leaf_Joshua_04.uexp" 2288
"C:/Users/rgowell/Documents/Unreal Projects/FelineFour/CatNap/Content/Stylized_Tree_Pack/Meshes/Joshua/SM_Stylized_Tree_Joshua_08.ubulk" 2289
"C:/Users/rgowell/Documents/Unreal Projects/FelineFour/CatNap/Content/Stylized_Tree_Pack/Meshes/Joshua/SM_Stylized_Tree_Joshua_08.uasset" 2290
"C:/Users/rgowell/Documents/Unreal Projects/FelineFour/CatNap/Content/Stylized_Tree_Pack/Meshes/Joshua/SM_Stylized_Tree_Joshua_08.uexp" 2291
"C:/Users/rgowell/Documents/Unreal Projects/FelineFour/CatNap/Content/Stylized_Tree_Pack/Meshes/Joshua/SM_Stylized_Tree_Joshua_07.ubulk" 2292
"C:/Users/rgowell/Documents/Unreal Projects/FelineFour/CatNap/Content/Stylized_Tree_Pack/Meshes/Joshua/SM_Stylized_Tree_Joshua_07.uasset" 2293
"C:/Users/rgowell/Documents/Unreal Projects/FelineFour/CatNap/Content/Stylized_Tree_Pack/Meshes/Joshua/SM_Stylized_Tree_Joshua_07.uexp" 2294
"C:/Users/rgowell/Documents/Unreal Projects/FelineFour/CatNap/Content/Stylized_Tree_Pack/Materials/Material_Instances/Joshua/MI_Leaf_Joshua_05.uasset" 2295
"C:/Users/rgowell/Documents/Unreal Projects/FelineFour/CatNap/Content/Stylized_Tree_Pack/Materials/Material_Instances/Joshua/MI_Leaf_Joshua_05.uexp" 2296
"C:/Users/rgowell/Documents/Unreal Projects/FelineFour/CatNap/Content/Stylized_Tree_Pack/Meshes/Joshua/SM_Stylized_Tree_Joshua_06.ubulk" 2297
"C:/Users/rgowell/Documents/Unreal Projects/FelineFour/CatNap/Content/Stylized_Tree_Pack/Meshes/Joshua/SM_Stylized_Tree_Joshua_06.uasset" 2298
"C:/Users/rgowell/Documents/Unreal Projects/FelineFour/CatNap/Content/Stylized_Tree_Pack/Meshes/Joshua/SM_Stylized_Tree_Joshua_06.uexp" 2299
"C:/Users/rgowell/Documents/Unreal Projects/FelineFour/CatNap/Content/Stylized_Tree_Pack/Meshes/Joshua/SM_Stylized_Tree_Joshua_05.ubulk" 2300
"C:/Users/rgowell/Documents/Unreal Projects/FelineFour/CatNap/Content/Stylized_Tree_Pack/Meshes/Joshua/SM_Stylized_Tree_Joshua_05.uasset" 2301
"C:/Users/rgowell/Documents/Unreal Projects/FelineFour/CatNap/Content/Stylized_Tree_Pack/Meshes/Joshua/SM_Stylized_Tree_Joshua_05.uexp" 2302
"C:/Users/rgowell/Documents/Unreal Projects/FelineFour/CatNap/Content/Stylized_Tree_Pack/Meshes/Joshua/SM_Stylized_Tree_Joshua_04.ubulk" 2303
"C:/Users/rgowell/Documents/Unreal Projects/FelineFour/CatNap/Content/Stylized_Tree_Pack/Meshes/Joshua/SM_Stylized_Tree_Joshua_04.uasset" 2304
"C:/Users/rgowell/Documents/Unreal Projects/FelineFour/CatNap/Content/Stylized_Tree_Pack/Meshes/Joshua/SM_Stylized_Tree_Joshua_04.uexp" 2305
"C:/Users/rgowell/Documents/Unreal Projects/FelineFour/CatNap/Content/Stylized_Tree_Pack/Meshes/Joshua/SM_Stylized_Tree_Joshua_03.ubulk" 2306
"C:/Users/rgowell/Documents/Unreal Projects/FelineFour/CatNap/Content/Stylized_Tree_Pack/Meshes/Joshua/SM_Stylized_Tree_Joshua_03.uasset" 2307
"C:/Users/rgowell/Documents/Unreal Projects/FelineFour/CatNap/Content/Stylized_Tree_Pack/Meshes/Joshua/SM_Stylized_Tree_Joshua_03.uexp" 2308
"C:/Users/rgowell/Documents/Unreal Projects/FelineFour/CatNap/Content/Stylized_Tree_Pack/Meshes/Joshua/SM_Stylized_Tree_Joshua_02.ubulk" 2309
"C:/Users/rgowell/Documents/Unreal Projects/FelineFour/CatNap/Content/Stylized_Tree_Pack/Meshes/Joshua/SM_Stylized_Tree_Joshua_02.uasset" 2310
"C:/Users/rgowell/Documents/Unreal Projects/FelineFour/CatNap/Content/Stylized_Tree_Pack/Meshes/Joshua/SM_Stylized_Tree_Joshua_02.uexp" 2311
"C:/Users/rgowell/Documents/Unreal Projects/FelineFour/CatNap/Content/Stylized_Tree_Pack/Materials/Material_Instances/Joshua/MI_Leaf_Joshua_01.uasset" 2312
"C:/Users/rgowell/Documents/Unreal Projects/FelineFour/CatNap/Content/Stylized_Tree_Pack/Materials/Material_Instances/Joshua/MI_Leaf_Joshua_01.uexp" 2313
"C:/Users/rgowell/Documents/Unreal Projects/FelineFour/CatNap/Content/Stylized_Tree_Pack/Meshes/Joshua/SM_Stylized_Tree_Joshua_01.ubulk" 2314
"C:/Users/rgowell/Documents/Unreal Projects/FelineFour/CatNap/Content/Stylized_Tree_Pack/Meshes/Joshua/SM_Stylized_Tree_Joshua_01.uasset" 2315
"C:/Users/rgowell/Documents/Unreal Projects/FelineFour/CatNap/Content/Stylized_Tree_Pack/Meshes/Joshua/SM_Stylized_Tree_Joshua_01.uexp" 2316
"C:/Users/rgowell/Documents/Unreal Projects/FelineFour/CatNap/Content/Stylized_Tree_Pack/Textures/Leaf_Textures/T_Leaf_Texture_Beech_Branch.ubulk" 2317
"C:/Users/rgowell/Documents/Unreal Projects/FelineFour/CatNap/Content/Stylized_Tree_Pack/Textures/Leaf_Textures/T_Leaf_Texture_Beech_Branch.uasset" 2318
"C:/Users/rgowell/Documents/Unreal Projects/FelineFour/CatNap/Content/Stylized_Tree_Pack/Textures/Leaf_Textures/T_Leaf_Texture_Beech_Branch.uexp" 2319
"C:/Users/rgowell/Documents/Unreal Projects/FelineFour/CatNap/Content/Stylized_Tree_Pack/Materials/Material_Instances/Beech/Branch/MI_Leaf_Beech_Branch_01.uasset" 2320
"C:/Users/rgowell/Documents/Unreal Projects/FelineFour/CatNap/Content/Stylized_Tree_Pack/Materials/Material_Instances/Beech/Branch/MI_Leaf_Beech_Branch_01.uexp" 2321
"C:/Users/rgowell/Documents/Unreal Projects/FelineFour/CatNap/Content/Stylized_Tree_Pack/Textures/Leaf_Textures/T_Leaf_Texture_Beech.ubulk" 2322
"C:/Users/rgowell/Documents/Unreal Projects/FelineFour/CatNap/Content/Stylized_Tree_Pack/Textures/Leaf_Textures/T_Leaf_Texture_Beech.uasset" 2323
"C:/Users/rgowell/Documents/Unreal Projects/FelineFour/CatNap/Content/Stylized_Tree_Pack/Textures/Leaf_Textures/T_Leaf_Texture_Beech.uexp" 2324
"C:/Users/rgowell/Documents/Unreal Projects/FelineFour/CatNap/Content/Stylized_Tree_Pack/Materials/Material_Instances/Beech/Leaf/MI_Leaf_Beech_01.uasset" 2325
"C:/Users/rgowell/Documents/Unreal Projects/FelineFour/CatNap/Content/Stylized_Tree_Pack/Materials/Material_Instances/Beech/Leaf/MI_Leaf_Beech_01.uexp" 2326
"C:/Users/rgowell/Documents/Unreal Projects/FelineFour/CatNap/Content/Stylized_Tree_Pack/Meshes/Beech/SM_Stylized_Tree_Beech_10.ubulk" 2327
"C:/Users/rgowell/Documents/Unreal Projects/FelineFour/CatNap/Content/Stylized_Tree_Pack/Meshes/Beech/SM_Stylized_Tree_Beech_10.uasset" 2328
"C:/Users/rgowell/Documents/Unreal Projects/FelineFour/CatNap/Content/Stylized_Tree_Pack/Meshes/Beech/SM_Stylized_Tree_Beech_10.uexp" 2329
"C:/Users/rgowell/Documents/Unreal Projects/FelineFour/CatNap/Content/Stylized_Tree_Pack/Materials/Material_Instances/Beech/Branch/MI_Leaf_Beech_Branch_02.uasset" 2330
"C:/Users/rgowell/Documents/Unreal Projects/FelineFour/CatNap/Content/Stylized_Tree_Pack/Materials/Material_Instances/Beech/Branch/MI_Leaf_Beech_Branch_02.uexp" 2331
"C:/Users/rgowell/Documents/Unreal Projects/FelineFour/CatNap/Content/Stylized_Tree_Pack/Materials/Material_Instances/Beech/Leaf/MI_Leaf_Beech_02.uasset" 2332
"C:/Users/rgowell/Documents/Unreal Projects/FelineFour/CatNap/Content/Stylized_Tree_Pack/Materials/Material_Instances/Beech/Leaf/MI_Leaf_Beech_02.uexp" 2333
"C:/Users/rgowell/Documents/Unreal Projects/FelineFour/CatNap/Content/Stylized_Tree_Pack/Meshes/Beech/SM_Stylized_Tree_Beech_09.ubulk" 2334
"C:/Users/rgowell/Documents/Unreal Projects/FelineFour/CatNap/Content/Stylized_Tree_Pack/Meshes/Beech/SM_Stylized_Tree_Beech_09.uasset" 2335
"C:/Users/rgowell/Documents/Unreal Projects/FelineFour/CatNap/Content/Stylized_Tree_Pack/Meshes/Beech/SM_Stylized_Tree_Beech_09.uexp" 2336
"C:/Users/rgowell/Documents/Unreal Projects/FelineFour/CatNap/Content/Stylized_Tree_Pack/Materials/Material_Instances/Beech/Branch/MI_Leaf_Beech_Branch_03.uasset" 2337
"C:/Users/rgowell/Documents/Unreal Projects/FelineFour/CatNap/Content/Stylized_Tree_Pack/Materials/Material_Instances/Beech/Branch/MI_Leaf_Beech_Branch_03.uexp" 2338
"C:/Users/rgowell/Documents/Unreal Projects/FelineFour/CatNap/Content/Stylized_Tree_Pack/Materials/Material_Instances/Beech/Leaf/MI_Leaf_Beech_03.uasset" 2339
"C:/Users/rgowell/Documents/Unreal Projects/FelineFour/CatNap/Content/Stylized_Tree_Pack/Materials/Material_Instances/Beech/Leaf/MI_Leaf_Beech_03.uexp" 2340
"C:/Users/rgowell/Documents/Unreal Projects/FelineFour/CatNap/Content/Stylized_Tree_Pack/Meshes/Beech/SM_Stylized_Tree_Beech_08.ubulk" 2341
"C:/Users/rgowell/Documents/Unreal Projects/FelineFour/CatNap/Content/Stylized_Tree_Pack/Meshes/Beech/SM_Stylized_Tree_Beech_08.uasset" 2342
"C:/Users/rgowell/Documents/Unreal Projects/FelineFour/CatNap/Content/Stylized_Tree_Pack/Meshes/Beech/SM_Stylized_Tree_Beech_08.uexp" 2343
"C:/Users/rgowell/Documents/Unreal Projects/FelineFour/CatNap/Content/Stylized_Tree_Pack/Materials/Material_Instances/Beech/Branch/MI_Leaf_Beech_Branch_04.uasset" 2344
"C:/Users/rgowell/Documents/Unreal Projects/FelineFour/CatNap/Content/Stylized_Tree_Pack/Materials/Material_Instances/Beech/Branch/MI_Leaf_Beech_Branch_04.uexp" 2345
"C:/Users/rgowell/Documents/Unreal Projects/FelineFour/CatNap/Content/Stylized_Tree_Pack/Materials/Material_Instances/Beech/Leaf/MI_Leaf_Beech_04.uasset" 2346
"C:/Users/rgowell/Documents/Unreal Projects/FelineFour/CatNap/Content/Stylized_Tree_Pack/Materials/Material_Instances/Beech/Leaf/MI_Leaf_Beech_04.uexp" 2347
"C:/Users/rgowell/Documents/Unreal Projects/FelineFour/CatNap/Content/Stylized_Tree_Pack/Meshes/Beech/SM_Stylized_Tree_Beech_07.ubulk" 2348
"C:/Users/rgowell/Documents/Unreal Projects/FelineFour/CatNap/Content/Stylized_Tree_Pack/Meshes/Beech/SM_Stylized_Tree_Beech_07.uasset" 2349
"C:/Users/rgowell/Documents/Unreal Projects/FelineFour/CatNap/Content/Stylized_Tree_Pack/Meshes/Beech/SM_Stylized_Tree_Beech_07.uexp" 2350
"C:/Users/rgowell/Documents/Unreal Projects/FelineFour/CatNap/Content/Stylized_Tree_Pack/Materials/Material_Instances/Beech/Branch/MI_Leaf_Beech_Branch_05.uasset" 2351
"C:/Users/rgowell/Documents/Unreal Projects/FelineFour/CatNap/Content/Stylized_Tree_Pack/Materials/Material_Instances/Beech/Branch/MI_Leaf_Beech_Branch_05.uexp" 2352
"C:/Users/rgowell/Documents/Unreal Projects/FelineFour/CatNap/Content/Stylized_Tree_Pack/Materials/Material_Instances/Beech/Leaf/MI_Leaf_Beech_05.uasset" 2353
"C:/Users/rgowell/Documents/Unreal Projects/FelineFour/CatNap/Content/Stylized_Tree_Pack/Materials/Material_Instances/Beech/Leaf/MI_Leaf_Beech_05.uexp" 2354
"C:/Users/rgowell/Documents/Unreal Projects/FelineFour/CatNap/Content/Stylized_Tree_Pack/Meshes/Beech/SM_Stylized_Tree_Beech_06.ubulk" 2355
"C:/Users/rgowell/Documents/Unreal Projects/FelineFour/CatNap/Content/Stylized_Tree_Pack/Meshes/Beech/SM_Stylized_Tree_Beech_06.uasset" 2356
"C:/Users/rgowell/Documents/Unreal Projects/FelineFour/CatNap/Content/Stylized_Tree_Pack/Meshes/Beech/SM_Stylized_Tree_Beech_06.uexp" 2357
"C:/Users/rgowell/Documents/Unreal Projects/FelineFour/CatNap/Content/Stylized_Tree_Pack/Meshes/Beech/SM_Stylized_Tree_Beech_05.ubulk" 2358
"C:/Users/rgowell/Documents/Unreal Projects/FelineFour/CatNap/Content/Stylized_Tree_Pack/Meshes/Beech/SM_Stylized_Tree_Beech_05.uasset" 2359
"C:/Users/rgowell/Documents/Unreal Projects/FelineFour/CatNap/Content/Stylized_Tree_Pack/Meshes/Beech/SM_Stylized_Tree_Beech_05.uexp" 2360
"C:/Users/rgowell/Documents/Unreal Projects/FelineFour/CatNap/Content/Stylized_Tree_Pack/Meshes/Beech/SM_Stylized_Tree_Beech_04.ubulk" 2361
"C:/Users/rgowell/Documents/Unreal Projects/FelineFour/CatNap/Content/Stylized_Tree_Pack/Meshes/Beech/SM_Stylized_Tree_Beech_04.uasset" 2362
"C:/Users/rgowell/Documents/Unreal Projects/FelineFour/CatNap/Content/Stylized_Tree_Pack/Meshes/Beech/SM_Stylized_Tree_Beech_04.uexp" 2363
"C:/Users/rgowell/Documents/Unreal Projects/FelineFour/CatNap/Content/Stylized_Tree_Pack/Meshes/Beech/SM_Stylized_Tree_Beech_03.ubulk" 2364
"C:/Users/rgowell/Documents/Unreal Projects/FelineFour/CatNap/Content/Stylized_Tree_Pack/Meshes/Beech/SM_Stylized_Tree_Beech_03.uasset" 2365
"C:/Users/rgowell/Documents/Unreal Projects/FelineFour/CatNap/Content/Stylized_Tree_Pack/Meshes/Beech/SM_Stylized_Tree_Beech_03.uexp" 2366
"C:/Users/rgowell/Documents/Unreal Projects/FelineFour/CatNap/Content/Stylized_Tree_Pack/Meshes/Beech/SM_Stylized_Tree_Beech_02.ubulk" 2367
"C:/Users/rgowell/Documents/Unreal Projects/FelineFour/CatNap/Content/Stylized_Tree_Pack/Meshes/Beech/SM_Stylized_Tree_Beech_02.uasset" 2368
"C:/Users/rgowell/Documents/Unreal Projects/FelineFour/CatNap/Content/Stylized_Tree_Pack/Meshes/Beech/SM_Stylized_Tree_Beech_02.uexp" 2369
"C:/Users/rgowell/Documents/Unreal Projects/FelineFour/CatNap/Content/Stylized_Tree_Pack/Meshes/Beech/SM_Stylized_Tree_Beech_01.ubulk" 2370
"C:/Users/rgowell/Documents/Unreal Projects/FelineFour/CatNap/Content/Stylized_Tree_Pack/Meshes/Beech/SM_Stylized_Tree_Beech_01.uasset" 2371
"C:/Users/rgowell/Documents/Unreal Projects/FelineFour/CatNap/Content/Stylized_Tree_Pack/Meshes/Beech/SM_Stylized_Tree_Beech_01.uexp" 2372
"C:/Users/rgowell/Documents/Unreal Projects/FelineFour/CatNap/Content/Stylized_Tree_Pack/Materials/Material_Instances/Acacia/Branch/MI_Leaf_Acacia_Branch_03.uasset" 2373
"C:/Users/rgowell/Documents/Unreal Projects/FelineFour/CatNap/Content/Stylized_Tree_Pack/Materials/Material_Instances/Acacia/Branch/MI_Leaf_Acacia_Branch_03.uexp" 2374
"C:/Users/rgowell/Documents/Unreal Projects/FelineFour/CatNap/Content/Stylized_Tree_Pack/Materials/Material_Instances/Acacia/Leaf/MI_Leaf_Acacia_03.uasset" 2375
"C:/Users/rgowell/Documents/Unreal Projects/FelineFour/CatNap/Content/Stylized_Tree_Pack/Materials/Material_Instances/Acacia/Leaf/MI_Leaf_Acacia_03.uexp" 2376
"C:/Users/rgowell/Documents/Unreal Projects/FelineFour/CatNap/Content/Stylized_Tree_Pack/Meshes/Acacia/SM_Stylized_Tree_Acacia_10.ubulk" 2377
"C:/Users/rgowell/Documents/Unreal Projects/FelineFour/CatNap/Content/Stylized_Tree_Pack/Meshes/Acacia/SM_Stylized_Tree_Acacia_10.uasset" 2378
"C:/Users/rgowell/Documents/Unreal Projects/FelineFour/CatNap/Content/Stylized_Tree_Pack/Meshes/Acacia/SM_Stylized_Tree_Acacia_10.uexp" 2379
"C:/Users/rgowell/Documents/Unreal Projects/FelineFour/CatNap/Content/Stylized_Tree_Pack/Materials/Material_Instances/Acacia/Branch/MI_Leaf_Acacia_Branch_04.uasset" 2380
"C:/Users/rgowell/Documents/Unreal Projects/FelineFour/CatNap/Content/Stylized_Tree_Pack/Materials/Material_Instances/Acacia/Branch/MI_Leaf_Acacia_Branch_04.uexp" 2381
"C:/Users/rgowell/Documents/Unreal Projects/FelineFour/CatNap/Content/Stylized_Tree_Pack/Materials/Material_Instances/Acacia/Leaf/MI_Leaf_Acacia_04.uasset" 2382
"C:/Users/rgowell/Documents/Unreal Projects/FelineFour/CatNap/Content/Stylized_Tree_Pack/Materials/Material_Instances/Acacia/Leaf/MI_Leaf_Acacia_04.uexp" 2383
"C:/Users/rgowell/Documents/Unreal Projects/FelineFour/CatNap/Content/Stylized_Tree_Pack/Meshes/Acacia/SM_Stylized_Tree_Acacia_09.ubulk" 2384
"C:/Users/rgowell/Documents/Unreal Projects/FelineFour/CatNap/Content/Stylized_Tree_Pack/Meshes/Acacia/SM_Stylized_Tree_Acacia_09.uasset" 2385
"C:/Users/rgowell/Documents/Unreal Projects/FelineFour/CatNap/Content/Stylized_Tree_Pack/Meshes/Acacia/SM_Stylized_Tree_Acacia_09.uexp" 2386
"C:/Users/rgowell/Documents/Unreal Projects/FelineFour/CatNap/Content/Stylized_Tree_Pack/Meshes/Acacia/SM_Stylized_Tree_Acacia_08.ubulk" 2387
"C:/Users/rgowell/Documents/Unreal Projects/FelineFour/CatNap/Content/Stylized_Tree_Pack/Meshes/Acacia/SM_Stylized_Tree_Acacia_08.uasset" 2388
"C:/Users/rgowell/Documents/Unreal Projects/FelineFour/CatNap/Content/Stylized_Tree_Pack/Meshes/Acacia/SM_Stylized_Tree_Acacia_08.uexp" 2389
"C:/Users/rgowell/Documents/Unreal Projects/FelineFour/CatNap/Content/Stylized_Tree_Pack/Materials/Material_Instances/Acacia/Branch/MI_Leaf_Acacia_Branch_02.uasset" 2390
"C:/Users/rgowell/Documents/Unreal Projects/FelineFour/CatNap/Content/Stylized_Tree_Pack/Materials/Material_Instances/Acacia/Branch/MI_Leaf_Acacia_Branch_02.uexp" 2391
"C:/Users/rgowell/Documents/Unreal Projects/FelineFour/CatNap/Content/Stylized_Tree_Pack/Materials/Material_Instances/Acacia/Leaf/MI_Leaf_Acacia_02.uasset" 2392
"C:/Users/rgowell/Documents/Unreal Projects/FelineFour/CatNap/Content/Stylized_Tree_Pack/Materials/Material_Instances/Acacia/Leaf/MI_Leaf_Acacia_02.uexp" 2393
"C:/Users/rgowell/Documents/Unreal Projects/FelineFour/CatNap/Content/Stylized_Tree_Pack/Meshes/Acacia/SM_Stylized_Tree_Acacia_07.ubulk" 2394
"C:/Users/rgowell/Documents/Unreal Projects/FelineFour/CatNap/Content/Stylized_Tree_Pack/Meshes/Acacia/SM_Stylized_Tree_Acacia_07.uasset" 2395
"C:/Users/rgowell/Documents/Unreal Projects/FelineFour/CatNap/Content/Stylized_Tree_Pack/Meshes/Acacia/SM_Stylized_Tree_Acacia_07.uexp" 2396
"C:/Users/rgowell/Documents/Unreal Projects/FelineFour/CatNap/Content/Stylized_Tree_Pack/Materials/Material_Instances/Acacia/Branch/MI_Leaf_Acacia_Branch_01.uasset" 2397
"C:/Users/rgowell/Documents/Unreal Projects/FelineFour/CatNap/Content/Stylized_Tree_Pack/Materials/Material_Instances/Acacia/Branch/MI_Leaf_Acacia_Branch_01.uexp" 2398
"C:/Users/rgowell/Documents/Unreal Projects/FelineFour/CatNap/Content/Stylized_Tree_Pack/Materials/Material_Instances/Acacia/Leaf/MI_Leaf_Acacia_01.uasset" 2399
"C:/Users/rgowell/Documents/Unreal Projects/FelineFour/CatNap/Content/Stylized_Tree_Pack/Materials/Material_Instances/Acacia/Leaf/MI_Leaf_Acacia_01.uexp" 2400
"C:/Users/rgowell/Documents/Unreal Projects/FelineFour/CatNap/Content/Stylized_Tree_Pack/Meshes/Acacia/SM_Stylized_Tree_Acacia_06.ubulk" 2401
"C:/Users/rgowell/Documents/Unreal Projects/FelineFour/CatNap/Content/Stylized_Tree_Pack/Meshes/Acacia/SM_Stylized_Tree_Acacia_06.uasset" 2402
"C:/Users/rgowell/Documents/Unreal Projects/FelineFour/CatNap/Content/Stylized_Tree_Pack/Meshes/Acacia/SM_Stylized_Tree_Acacia_06.uexp" 2403
"C:/Users/rgowell/Documents/Unreal Projects/FelineFour/CatNap/Content/Stylized_Tree_Pack/Meshes/Acacia/SM_Stylized_Tree_Acacia_05.ubulk" 2404
"C:/Users/rgowell/Documents/Unreal Projects/FelineFour/CatNap/Content/Stylized_Tree_Pack/Meshes/Acacia/SM_Stylized_Tree_Acacia_05.uasset" 2405
"C:/Users/rgowell/Documents/Unreal Projects/FelineFour/CatNap/Content/Stylized_Tree_Pack/Meshes/Acacia/SM_Stylized_Tree_Acacia_05.uexp" 2406
"C:/Users/rgowell/Documents/Unreal Projects/FelineFour/CatNap/Content/Stylized_Tree_Pack/Meshes/Acacia/SM_Stylized_Tree_Acacia_04.ubulk" 2407
"C:/Users/rgowell/Documents/Unreal Projects/FelineFour/CatNap/Content/Stylized_Tree_Pack/Meshes/Acacia/SM_Stylized_Tree_Acacia_04.uasset" 2408
"C:/Users/rgowell/Documents/Unreal Projects/FelineFour/CatNap/Content/Stylized_Tree_Pack/Meshes/Acacia/SM_Stylized_Tree_Acacia_04.uexp" 2409
"C:/Users/rgowell/Documents/Unreal Projects/FelineFour/CatNap/Content/Stylized_Tree_Pack/Meshes/Acacia/SM_Stylized_Tree_Acacia_03.ubulk" 2410
"C:/Users/rgowell/Documents/Unreal Projects/FelineFour/CatNap/Content/Stylized_Tree_Pack/Meshes/Acacia/SM_Stylized_Tree_Acacia_03.uasset" 2411
"C:/Users/rgowell/Documents/Unreal Projects/FelineFour/CatNap/Content/Stylized_Tree_Pack/Meshes/Acacia/SM_Stylized_Tree_Acacia_03.uexp" 2412
"C:/Users/rgowell/Documents/Unreal Projects/FelineFour/CatNap/Content/Stylized_Tree_Pack/Meshes/Acacia/SM_Stylized_Tree_Acacia_02.ubulk" 2413
"C:/Users/rgowell/Documents/Unreal Projects/FelineFour/CatNap/Content/Stylized_Tree_Pack/Meshes/Acacia/SM_Stylized_Tree_Acacia_02.uasset" 2414
"C:/Users/rgowell/Documents/Unreal Projects/FelineFour/CatNap/Content/Stylized_Tree_Pack/Meshes/Acacia/SM_Stylized_Tree_Acacia_02.uexp" 2415
"C:/Users/rgowell/Documents/Unreal Projects/FelineFour/CatNap/Content/Stylized_Tree_Pack/Meshes/Acacia/SM_Stylized_Tree_Acacia_01.ubulk" 2416
"C:/Users/rgowell/Documents/Unreal Projects/FelineFour/CatNap/Content/Stylized_Tree_Pack/Meshes/Acacia/SM_Stylized_Tree_Acacia_01.uasset" 2417
"C:/Users/rgowell/Documents/Unreal Projects/FelineFour/CatNap/Content/Stylized_Tree_Pack/Meshes/Acacia/SM_Stylized_Tree_Acacia_01.uexp" 2418
"C:/Users/rgowell/Documents/Unreal Projects/FelineFour/CatNap/Content/Stylized_Tree_Pack/Maps/Overview.uexp" 2419
"C:/Users/rgowell/Documents/Unreal Projects/FelineFour/CatNap/Content/Stylized_Tree_Pack/Maps/Overview.umap" 2420
"C:/Users/rgowell/Documents/Unreal Projects/FelineFour/CatNap/Content/StylizedRocksLite_JC/Textures/T_Rocks_Normal.ubulk" 2421
"C:/Users/rgowell/Documents/Unreal Projects/FelineFour/CatNap/Content/StylizedRocksLite_JC/Textures/T_Rocks_Normal.uasset" 2422
"C:/Users/rgowell/Documents/Unreal Projects/FelineFour/CatNap/Content/StylizedRocksLite_JC/Textures/T_Rocks_Normal.uexp" 2423
"C:/Users/rgowell/Documents/Unreal Projects/FelineFour/CatNap/Content/StylizedRocksLite_JC/Textures/T_Rocks_BaseColor.ubulk" 2424
"C:/Users/rgowell/Documents/Unreal Projects/FelineFour/CatNap/Content/StylizedRocksLite_JC/Textures/T_Rocks_BaseColor.uasset" 2425
"C:/Users/rgowell/Documents/Unreal Projects/FelineFour/CatNap/Content/StylizedRocksLite_JC/Textures/T_Rocks_BaseColor.uexp" 2426
"C:/Users/rgowell/Documents/Unreal Projects/FelineFour/CatNap/Content/StylizedRocksLite_JC/Materials/M_StylizedRocks_01.uasset" 2427
"C:/Users/rgowell/Documents/Unreal Projects/FelineFour/CatNap/Content/StylizedRocksLite_JC/Materials/M_StylizedRocks_01.uexp" 2428
"C:/Users/rgowell/Documents/Unreal Projects/FelineFour/CatNap/Content/StylizedRocksLite_JC/Models/SM_Rocks_05.ubulk" 2429
"C:/Users/rgowell/Documents/Unreal Projects/FelineFour/CatNap/Content/StylizedRocksLite_JC/Models/SM_Rocks_05.uasset" 2430
"C:/Users/rgowell/Documents/Unreal Projects/FelineFour/CatNap/Content/StylizedRocksLite_JC/Models/SM_Rocks_05.uexp" 2431
"C:/Users/rgowell/Documents/Unreal Projects/FelineFour/CatNap/Content/StylizedRocksLite_JC/Models/SM_Rocks_04.ubulk" 2432
"C:/Users/rgowell/Documents/Unreal Projects/FelineFour/CatNap/Content/StylizedRocksLite_JC/Models/SM_Rocks_04.uasset" 2433
"C:/Users/rgowell/Documents/Unreal Projects/FelineFour/CatNap/Content/StylizedRocksLite_JC/Models/SM_Rocks_04.uexp" 2434
"C:/Users/rgowell/Documents/Unreal Projects/FelineFour/CatNap/Content/StylizedRocksLite_JC/Models/SM_Rocks_03.ubulk" 2435
"C:/Users/rgowell/Documents/Unreal Projects/FelineFour/CatNap/Content/StylizedRocksLite_JC/Models/SM_Rocks_03.uasset" 2436
"C:/Users/rgowell/Documents/Unreal Projects/FelineFour/CatNap/Content/StylizedRocksLite_JC/Models/SM_Rocks_03.uexp" 2437
"C:/Users/rgowell/Documents/Unreal Projects/FelineFour/CatNap/Content/StylizedRocksLite_JC/Models/SM_Rocks_02.ubulk" 2438
"C:/Users/rgowell/Documents/Unreal Projects/FelineFour/CatNap/Content/StylizedRocksLite_JC/Models/SM_Rocks_02.uasset" 2439
"C:/Users/rgowell/Documents/Unreal Projects/FelineFour/CatNap/Content/StylizedRocksLite_JC/Models/SM_Rocks_02.uexp" 2440
"C:/Users/rgowell/Documents/Unreal Projects/FelineFour/CatNap/Content/StylizedRocksLite_JC/Models/SM_Rocks_01.ubulk" 2441
"C:/Users/rgowell/Documents/Unreal Projects/FelineFour/CatNap/Content/StylizedRocksLite_JC/Models/SM_Rocks_01.uasset" 2442
"C:/Users/rgowell/Documents/Unreal Projects/FelineFour/CatNap/Content/StylizedRocksLite_JC/Models/SM_Rocks_01.uexp" 2443
"C:/Users/rgowell/Documents/Unreal Projects/FelineFour/CatNap/Content/StylizedRocksLite_JC/Materials/M_StylizedRocks_BG.uasset" 2444
"C:/Users/rgowell/Documents/Unreal Projects/FelineFour/CatNap/Content/StylizedRocksLite_JC/Materials/M_StylizedRocks_BG.uexp" 2445
"C:/Users/rgowell/Documents/Unreal Projects/FelineFour/CatNap/Content/StylizedRocksLite_JC/Maps/Overview.uexp" 2446
"C:/Users/rgowell/Documents/Unreal Projects/FelineFour/CatNap/Content/StylizedRocksLite_JC/Maps/Overview.umap" 2447
"C:/Users/rgowell/Documents/Unreal Projects/FelineFour/CatNap/Content/DEMOFlowerpack/Scenes/DEMOScene.uexp" 2448
"C:/Users/rgowell/Documents/Unreal Projects/FelineFour/CatNap/Content/DEMOFlowerpack/Scenes/DEMOScene.ubulk" 2449
"C:/Users/rgowell/Documents/Unreal Projects/FelineFour/CatNap/Content/DEMOFlowerpack/Scenes/DEMOScene.umap" 2450
"C:/Users/rgowell/Documents/Unreal Projects/FelineFour/CatNap/Content/Animals_Free/Textures/T_Textures.ubulk" 2451
"C:/Users/rgowell/Documents/Unreal Projects/FelineFour/CatNap/Content/Animals_Free/Textures/T_Textures.uasset" 2452
"C:/Users/rgowell/Documents/Unreal Projects/FelineFour/CatNap/Content/Animals_Free/Textures/T_Textures.uexp" 2453
"C:/Users/rgowell/Documents/Unreal Projects/FelineFour/CatNap/Content/Animals_Free/Materials/M_Material.uasset" 2454
"C:/Users/rgowell/Documents/Unreal Projects/FelineFour/CatNap/Content/Animals_Free/Materials/M_Material.uexp" 2455
"C:/Users/rgowell/Documents/Unreal Projects/FelineFour/CatNap/Content/Animals_Free/Animals/Physical_Assets/PA_Deer_001_PhysicsAsset.uasset" 2456
"C:/Users/rgowell/Documents/Unreal Projects/FelineFour/CatNap/Content/Animals_Free/Animals/Physical_Assets/PA_Deer_001_PhysicsAsset.uexp" 2457
"C:/Users/rgowell/Documents/Unreal Projects/FelineFour/CatNap/Content/Animals_Free/Animals/Meshes/SKM_Deer_001.uasset" 2458
"C:/Users/rgowell/Documents/Unreal Projects/FelineFour/CatNap/Content/Animals_Free/Animals/Meshes/SKM_Deer_001.uexp" 2459
"C:/Users/rgowell/Documents/Unreal Projects/FelineFour/CatNap/Content/Animals_Free/Animals/Physical_Assets/PA_Tiger_001_PhysicsAsset.uasset" 2460
"C:/Users/rgowell/Documents/Unreal Projects/FelineFour/CatNap/Content/Animals_Free/Animals/Physical_Assets/PA_Tiger_001_PhysicsAsset.uexp" 2461
"C:/Users/rgowell/Documents/Unreal Projects/FelineFour/CatNap/Content/Animals_Free/Animals/Meshes/SK_Tiger_001_Skeleton.uasset" 2462
"C:/Users/rgowell/Documents/Unreal Projects/FelineFour/CatNap/Content/Animals_Free/Animals/Meshes/SK_Tiger_001_Skeleton.uexp" 2463
"C:/Users/rgowell/Documents/Unreal Projects/FelineFour/CatNap/Content/Animals_Free/Animals/Meshes/SKM_Tiger_001.uasset" 2464
"C:/Users/rgowell/Documents/Unreal Projects/FelineFour/CatNap/Content/Animals_Free/Animals/Meshes/SKM_Tiger_001.uexp" 2465
"C:/Users/rgowell/Documents/Unreal Projects/FelineFour/CatNap/Content/Animals_Free/Animals/Physical_Assets/PA_Pinguin_001_PhysicsAsset.uasset" 2466
"C:/Users/rgowell/Documents/Unreal Projects/FelineFour/CatNap/Content/Animals_Free/Animals/Physical_Assets/PA_Pinguin_001_PhysicsAsset.uexp" 2467
"C:/Users/rgowell/Documents/Unreal Projects/FelineFour/CatNap/Content/Animals_Free/Animals/Meshes/SK_Pinguin_001_Skeleton.uasset" 2468
"C:/Users/rgowell/Documents/Unreal Projects/FelineFour/CatNap/Content/Animals_Free/Animals/Meshes/SK_Pinguin_001_Skeleton.uexp" 2469
"C:/Users/rgowell/Documents/Unreal Projects/FelineFour/CatNap/Content/Animals_Free/Animals/Meshes/SKM_Pinguin_001.uasset" 2470
"C:/Users/rgowell/Documents/Unreal Projects/FelineFour/CatNap/Content/Animals_Free/Animals/Meshes/SKM_Pinguin_001.uexp" 2471
"C:/Users/rgowell/Documents/Unreal Projects/FelineFour/CatNap/Content/Animals_Free/Animals/Physical_Assets/PA_Kitty_001_PhysicsAsset.uasset" 2472
"C:/Users/rgowell/Documents/Unreal Projects/FelineFour/CatNap/Content/Animals_Free/Animals/Physical_Assets/PA_Kitty_001_PhysicsAsset.uexp" 2473
"C:/Users/rgowell/Documents/Unreal Projects/FelineFour/CatNap/Content/Animals_Free/Animals/Meshes/SK_Kitty_001_Skeleton.uasset" 2474
"C:/Users/rgowell/Documents/Unreal Projects/FelineFour/CatNap/Content/Animals_Free/Animals/Meshes/SK_Kitty_001_Skeleton.uexp" 2475
"C:/Users/rgowell/Documents/Unreal Projects/FelineFour/CatNap/Content/Animals_Free/Animals/Meshes/SKM_Kitty_001.uasset" 2476
"C:/Users/rgowell/Documents/Unreal Projects/FelineFour/CatNap/Content/Animals_Free/Animals/Meshes/SKM_Kitty_001.uexp" 2477
"C:/Users/rgowell/Documents/Unreal Projects/FelineFour/CatNap/Content/Animals_Free/Animals/Physical_Assets/PA_Horse_001_PhysicsAsset.uasset" 2478
"C:/Users/rgowell/Documents/Unreal Projects/FelineFour/CatNap/Content/Animals_Free/Animals/Physical_Assets/PA_Horse_001_PhysicsAsset.uexp" 2479
"C:/Users/rgowell/Documents/Unreal Projects/FelineFour/CatNap/Content/Animals_Free/Animals/Meshes/SK_Horse_001_Skeleton.uasset" 2480
"C:/Users/rgowell/Documents/Unreal Projects/FelineFour/CatNap/Content/Animals_Free/Animals/Meshes/SK_Horse_001_Skeleton.uexp" 2481
"C:/Users/rgowell/Documents/Unreal Projects/FelineFour/CatNap/Content/Animals_Free/Animals/Meshes/SKM_Horse_001.uasset" 2482
"C:/Users/rgowell/Documents/Unreal Projects/FelineFour/CatNap/Content/Animals_Free/Animals/Meshes/SKM_Horse_001.uexp" 2483
"C:/Users/rgowell/Documents/Unreal Projects/FelineFour/CatNap/Content/Animals_Free/Animals/Physical_Assets/PA_Dog_001_PhysicsAsset.uasset" 2484
"C:/Users/rgowell/Documents/Unreal Projects/FelineFour/CatNap/Content/Animals_Free/Animals/Physical_Assets/PA_Dog_001_PhysicsAsset.uexp" 2485
"C:/Users/rgowell/Documents/Unreal Projects/FelineFour/CatNap/Content/Animals_Free/Animals/Meshes/SK_Dog_001_Skeleton.uasset" 2486
"C:/Users/rgowell/Documents/Unreal Projects/FelineFour/CatNap/Content/Animals_Free/Animals/Meshes/SK_Dog_001_Skeleton.uexp" 2487
"C:/Users/rgowell/Documents/Unreal Projects/FelineFour/CatNap/Content/Animals_Free/Animals/Meshes/SKM_Dog_001.uasset" 2488
"C:/Users/rgowell/Documents/Unreal Projects/FelineFour/CatNap/Content/Animals_Free/Animals/Meshes/SKM_Dog_001.uexp" 2489
"C:/Users/rgowell/Documents/Unreal Projects/FelineFour/CatNap/Content/Animals_Free/Animals/Physical_Assets/PA_Chicken_001_PhysicsAsset.uasset" 2490
"C:/Users/rgowell/Documents/Unreal Projects/FelineFour/CatNap/Content/Animals_Free/Animals/Physical_Assets/PA_Chicken_001_PhysicsAsset.uexp" 2491
"C:/Users/rgowell/Documents/Unreal Projects/FelineFour/CatNap/Content/Animals_Free/Animals/Meshes/SK_Chicken_001_Skeleton.uasset" 2492
"C:/Users/rgowell/Documents/Unreal Projects/FelineFour/CatNap/Content/Animals_Free/Animals/Meshes/SK_Chicken_001_Skeleton.uexp" 2493
"C:/Users/rgowell/Documents/Unreal Projects/FelineFour/CatNap/Content/Animals_Free/Animals/Meshes/SKM_Chicken_001.uasset" 2494
"C:/Users/rgowell/Documents/Unreal Projects/FelineFour/CatNap/Content/Animals_Free/Animals/Meshes/SKM_Chicken_001.uexp" 2495
"C:/Users/rgowell/Documents/Unreal Projects/FelineFour/CatNap/Content/Animals_Free/Maps/Overview.uexp" 2496
"C:/Users/rgowell/Documents/Unreal Projects/FelineFour/CatNap/Content/Animals_Free/Maps/Overview.umap" 2497
"C:/Users/rgowell/Documents/Unreal Projects/FelineFour/CatNap/Content/DEMOFlowerpack/Scenes/DEMOScene/_Generated_/9T4668CXQ8PW178CHTJ2OX8TV.uexp" 2498
"C:/Users/rgowell/Documents/Unreal Projects/FelineFour/CatNap/Content/DEMOFlowerpack/Scenes/DEMOScene/_Generated_/9T4668CXQ8PW178CHTJ2OX8TV.ubulk" 2499
"C:/Users/rgowell/Documents/Unreal Projects/FelineFour/CatNap/Content/DEMOFlowerpack/Scenes/DEMOScene/_Generated_/9T4668CXQ8PW178CHTJ2OX8TV.umap" 2500
"C:/Users/rgowell/Documents/Unreal Projects/FelineFour/CatNap/Content/DEMOFlowerpack/Scenes/DEMOScene/_Generated_/99AELNWBUYAEFNNUO37IGJXX7.uexp" 2501
"C:/Users/rgowell/Documents/Unreal Projects/FelineFour/CatNap/Content/DEMOFlowerpack/Scenes/DEMOScene/_Generated_/99AELNWBUYAEFNNUO37IGJXX7.ubulk" 2502
"C:/Users/rgowell/Documents/Unreal Projects/FelineFour/CatNap/Content/DEMOFlowerpack/Scenes/DEMOScene/_Generated_/99AELNWBUYAEFNNUO37IGJXX7.umap" 2503
"C:/Users/rgowell/Documents/Unreal Projects/FelineFour/CatNap/Content/DEMOFlowerpack/Scenes/DEMOScene/_Generated_/1JI6BNZVBZA07CCPJQ1Z4DI4M.uexp" 2504
"C:/Users/rgowell/Documents/Unreal Projects/FelineFour/CatNap/Content/DEMOFlowerpack/Scenes/DEMOScene/_Generated_/1JI6BNZVBZA07CCPJQ1Z4DI4M.ubulk" 2505
"C:/Users/rgowell/Documents/Unreal Projects/FelineFour/CatNap/Content/DEMOFlowerpack/Scenes/DEMOScene/_Generated_/1JI6BNZVBZA07CCPJQ1Z4DI4M.umap" 2506
"C:/Users/rgowell/Documents/Unreal Projects/FelineFour/CatNap/Content/DEMOFlowerpack/Scenes/DEMOScene/_Generated_/31YZSUGSVZO9HL2M3QH2RH095.uexp" 2507
"C:/Users/rgowell/Documents/Unreal Projects/FelineFour/CatNap/Content/DEMOFlowerpack/Scenes/DEMOScene/_Generated_/31YZSUGSVZO9HL2M3QH2RH095.ubulk" 2508
"C:/Users/rgowell/Documents/Unreal Projects/FelineFour/CatNap/Content/DEMOFlowerpack/Scenes/DEMOScene/_Generated_/31YZSUGSVZO9HL2M3QH2RH095.umap" 2509
"C:/Users/rgowell/Documents/Unreal Projects/FelineFour/CatNap/Content/DEMOFlowerpack/Scenes/DEMOScene/_Generated_/8PVUYJW3LNMYY6USWCMFBGCHF.uexp" 2510
"C:/Users/rgowell/Documents/Unreal Projects/FelineFour/CatNap/Content/DEMOFlowerpack/Scenes/DEMOScene/_Generated_/8PVUYJW3LNMYY6USWCMFBGCHF.ubulk" 2511
"C:/Users/rgowell/Documents/Unreal Projects/FelineFour/CatNap/Content/DEMOFlowerpack/Scenes/DEMOScene/_Generated_/8PVUYJW3LNMYY6USWCMFBGCHF.umap" 2512
"C:/Users/rgowell/Documents/Unreal Projects/FelineFour/CatNap/Content/DEMOFlowerpack/Scenes/DEMOScene/_Generated_/1JES4EFSXVZG8U5LCOW79FL7Y.uexp" 2513
"C:/Users/rgowell/Documents/Unreal Projects/FelineFour/CatNap/Content/DEMOFlowerpack/Scenes/DEMOScene/_Generated_/1JES4EFSXVZG8U5LCOW79FL7Y.ubulk" 2514
"C:/Users/rgowell/Documents/Unreal Projects/FelineFour/CatNap/Content/DEMOFlowerpack/Scenes/DEMOScene/_Generated_/1JES4EFSXVZG8U5LCOW79FL7Y.umap" 2515
"C:/Users/rgowell/Documents/Unreal Projects/FelineFour/CatNap/Content/DEMOFlowerpack/Scenes/DEMOScene/_Generated_/48YRDC5BEYVVTNMFSGVL4RM2V.uexp" 2516
"C:/Users/rgowell/Documents/Unreal Projects/FelineFour/CatNap/Content/DEMOFlowerpack/Scenes/DEMOScene/_Generated_/48YRDC5BEYVVTNMFSGVL4RM2V.ubulk" 2517
"C:/Users/rgowell/Documents/Unreal Projects/FelineFour/CatNap/Content/DEMOFlowerpack/Scenes/DEMOScene/_Generated_/48YRDC5BEYVVTNMFSGVL4RM2V.umap" 2518
"C:/Users/rgowell/Documents/Unreal Projects/FelineFour/CatNap/Content/DEMOFlowerpack/Scenes/DEMOScene/_Generated_/1T6E54M66CHD8DEN6I1IHSBKV.uexp" 2519
"C:/Users/rgowell/Documents/Unreal Projects/FelineFour/CatNap/Content/DEMOFlowerpack/Scenes/DEMOScene/_Generated_/1T6E54M66CHD8DEN6I1IHSBKV.ubulk" 2520
"C:/Users/rgowell/Documents/Unreal Projects/FelineFour/CatNap/Content/DEMOFlowerpack/Scenes/DEMOScene/_Generated_/1T6E54M66CHD8DEN6I1IHSBKV.umap" 2521
"C:/Users/rgowell/Documents/Unreal Projects/FelineFour/CatNap/Content/DEMOFlowerpack/Scenes/DEMOScene/_Generated_/9UEMSHG6P0ZGTKAGZRHFPB3KK.uexp" 2522
"C:/Users/rgowell/Documents/Unreal Projects/FelineFour/CatNap/Content/DEMOFlowerpack/Scenes/DEMOScene/_Generated_/9UEMSHG6P0ZGTKAGZRHFPB3KK.ubulk" 2523
"C:/Users/rgowell/Documents/Unreal Projects/FelineFour/CatNap/Content/DEMOFlowerpack/Scenes/DEMOScene/_Generated_/9UEMSHG6P0ZGTKAGZRHFPB3KK.umap" 2524
"C:/Users/rgowell/Documents/Unreal Projects/FelineFour/CatNap/Content/DEMOFlowerpack/Scenes/DEMOScene/_Generated_/0S6NL2ZSPDNG85IE4ODI4W56H.uexp" 2525
"C:/Users/rgowell/Documents/Unreal Projects/FelineFour/CatNap/Content/DEMOFlowerpack/Scenes/DEMOScene/_Generated_/0S6NL2ZSPDNG85IE4ODI4W56H.ubulk" 2526
"C:/Users/rgowell/Documents/Unreal Projects/FelineFour/CatNap/Content/DEMOFlowerpack/Scenes/DEMOScene/_Generated_/0S6NL2ZSPDNG85IE4ODI4W56H.umap" 2527
"C:/Users/rgowell/Documents/Unreal Projects/FelineFour/CatNap/Content/DEMOFlowerpack/Scenes/DEMOScene/_Generated_/07EH5EVPO9WBA164WKJGG0KP9.uexp" 2528
"C:/Users/rgowell/Documents/Unreal Projects/FelineFour/CatNap/Content/DEMOFlowerpack/Scenes/DEMOScene/_Generated_/07EH5EVPO9WBA164WKJGG0KP9.ubulk" 2529
"C:/Users/rgowell/Documents/Unreal Projects/FelineFour/CatNap/Content/DEMOFlowerpack/Scenes/DEMOScene/_Generated_/07EH5EVPO9WBA164WKJGG0KP9.umap" 2530
"C:/Users/rgowell/Documents/Unreal Projects/FelineFour/CatNap/Content/DEMOFlowerpack/Scenes/DEMOScene/_Generated_/53DHJ88Q1IVDZWMYABDODIXXK.uexp" 2531
"C:/Users/rgowell/Documents/Unreal Projects/FelineFour/CatNap/Content/DEMOFlowerpack/Scenes/DEMOScene/_Generated_/53DHJ88Q1IVDZWMYABDODIXXK.ubulk" 2532
"C:/Users/rgowell/Documents/Unreal Projects/FelineFour/CatNap/Content/DEMOFlowerpack/Scenes/DEMOScene/_Generated_/53DHJ88Q1IVDZWMYABDODIXXK.umap" 2533
"C:/Users/rgowell/Documents/Unreal Projects/FelineFour/CatNap/Content/DEMOFlowerpack/Scenes/DEMOScene/_Generated_/D9KUY4AHS1CZYA5D6AG9E1RNI.uexp" 2534
"C:/Users/rgowell/Documents/Unreal Projects/FelineFour/CatNap/Content/DEMOFlowerpack/Scenes/DEMOScene/_Generated_/D9KUY4AHS1CZYA5D6AG9E1RNI.ubulk" 2535
"C:/Users/rgowell/Documents/Unreal Projects/FelineFour/CatNap/Content/DEMOFlowerpack/Scenes/DEMOScene/_Generated_/D9KUY4AHS1CZYA5D6AG9E1RNI.umap" 2536
"C:/Users/rgowell/Documents/Unreal Projects/FelineFour/CatNap/Content/DEMOFlowerpack/Scenes/DEMOScene/_Generated_/AUWFYJ6IER7G08MUWO6CEI27H.uexp" 2537
"C:/Users/rgowell/Documents/Unreal Projects/FelineFour/CatNap/Content/DEMOFlowerpack/Scenes/DEMOScene/_Generated_/AUWFYJ6IER7G08MUWO6CEI27H.ubulk" 2538
"C:/Users/rgowell/Documents/Unreal Projects/FelineFour/CatNap/Content/DEMOFlowerpack/Scenes/DEMOScene/_Generated_/AUWFYJ6IER7G08MUWO6CEI27H.umap" 2539
"C:/Users/rgowell/Documents/Unreal Projects/FelineFour/CatNap/Content/DEMOFlowerpack/Scenes/DEMOScene/_Generated_/5YOGIO6S3SX4460GJNI0U0CT3.uexp" 2540
"C:/Users/rgowell/Documents/Unreal Projects/FelineFour/CatNap/Content/DEMOFlowerpack/Scenes/DEMOScene/_Generated_/5YOGIO6S3SX4460GJNI0U0CT3.ubulk" 2541
"C:/Users/rgowell/Documents/Unreal Projects/FelineFour/CatNap/Content/DEMOFlowerpack/Scenes/DEMOScene/_Generated_/5YOGIO6S3SX4460GJNI0U0CT3.umap" 2542
"C:/Users/rgowell/Documents/Unreal Projects/FelineFour/CatNap/Content/DEMOFlowerpack/Scenes/DEMOScene/_Generated_/3B8U78YKYLSFW2T32DUA6AK8W.uexp" 2543
"C:/Users/rgowell/Documents/Unreal Projects/FelineFour/CatNap/Content/DEMOFlowerpack/Scenes/DEMOScene/_Generated_/3B8U78YKYLSFW2T32DUA6AK8W.ubulk" 2544
"C:/Users/rgowell/Documents/Unreal Projects/FelineFour/CatNap/Content/DEMOFlowerpack/Scenes/DEMOScene/_Generated_/3B8U78YKYLSFW2T32DUA6AK8W.umap" 2545
"C:/Users/rgowell/Documents/Unreal Projects/FelineFour/CatNap/Content/DEMOFlowerpack/Scenes/DEMOScene/_Generated_/CEL876D6WGVW1D5S0HXWA5XLR.uexp" 2546
"C:/Users/rgowell/Documents/Unreal Projects/FelineFour/CatNap/Content/DEMOFlowerpack/Scenes/DEMOScene/_Generated_/CEL876D6WGVW1D5S0HXWA5XLR.ubulk" 2547
"C:/Users/rgowell/Documents/Unreal Projects/FelineFour/CatNap/Content/DEMOFlowerpack/Scenes/DEMOScene/_Generated_/CEL876D6WGVW1D5S0HXWA5XLR.umap" 2548
"C:/Users/rgowell/Documents/Unreal Projects/FelineFour/CatNap/Content/DEMOFlowerpack/Scenes/DEMOScene/_Generated_/ATOG3MVINXITWD2RVN4Q327W0.uexp" 2549
"C:/Users/rgowell/Documents/Unreal Projects/FelineFour/CatNap/Content/DEMOFlowerpack/Scenes/DEMOScene/_Generated_/ATOG3MVINXITWD2RVN4Q327W0.ubulk" 2550
"C:/Users/rgowell/Documents/Unreal Projects/FelineFour/CatNap/Content/DEMOFlowerpack/Scenes/DEMOScene/_Generated_/ATOG3MVINXITWD2RVN4Q327W0.umap" 2551
"C:/Users/rgowell/Documents/Unreal Projects/FelineFour/CatNap/Content/DEMOFlowerpack/Scenes/DEMOScene/_Generated_/06H2IU0OUTSQB7XHF793FOK1P.uexp" 2552
"C:/Users/rgowell/Documents/Unreal Projects/FelineFour/CatNap/Content/DEMOFlowerpack/Scenes/DEMOScene/_Generated_/06H2IU0OUTSQB7XHF793FOK1P.ubulk" 2553
"C:/Users/rgowell/Documents/Unreal Projects/FelineFour/CatNap/Content/DEMOFlowerpack/Scenes/DEMOScene/_Generated_/06H2IU0OUTSQB7XHF793FOK1P.umap" 2554
"C:/Users/rgowell/Documents/Unreal Projects/FelineFour/CatNap/Content/DEMOFlowerpack/Scenes/DEMOScene/_Generated_/DDJARQEWX2Z5899TQP0F4W1U6.uexp" 2555
"C:/Users/rgowell/Documents/Unreal Projects/FelineFour/CatNap/Content/DEMOFlowerpack/Scenes/DEMOScene/_Generated_/DDJARQEWX2Z5899TQP0F4W1U6.ubulk" 2556
"C:/Users/rgowell/Documents/Unreal Projects/FelineFour/CatNap/Content/DEMOFlowerpack/Scenes/DEMOScene/_Generated_/DDJARQEWX2Z5899TQP0F4W1U6.umap" 2557
"C:/Users/rgowell/Documents/Unreal Projects/FelineFour/CatNap/Content/DEMOFlowerpack/Scenes/DEMOScene/_Generated_/CME1J0Q6TZQIS1N48SJP077NM.uexp" 2558
"C:/Users/rgowell/Documents/Unreal Projects/FelineFour/CatNap/Content/DEMOFlowerpack/Scenes/DEMOScene/_Generated_/CME1J0Q6TZQIS1N48SJP077NM.ubulk" 2559
"C:/Users/rgowell/Documents/Unreal Projects/FelineFour/CatNap/Content/DEMOFlowerpack/Scenes/DEMOScene/_Generated_/CME1J0Q6TZQIS1N48SJP077NM.umap" 2560
"C:/Users/rgowell/Documents/Unreal Projects/FelineFour/CatNap/Content/DEMOFlowerpack/Scenes/DEMOScene/_Generated_/8IIX23LZZX75G5MAEFYAKS323.uexp" 2561
"C:/Users/rgowell/Documents/Unreal Projects/FelineFour/CatNap/Content/DEMOFlowerpack/Scenes/DEMOScene/_Generated_/8IIX23LZZX75G5MAEFYAKS323.ubulk" 2562
"C:/Users/rgowell/Documents/Unreal Projects/FelineFour/CatNap/Content/DEMOFlowerpack/Scenes/DEMOScene/_Generated_/8IIX23LZZX75G5MAEFYAKS323.umap" 2563
"C:/Users/rgowell/Documents/Unreal Projects/FelineFour/CatNap/Content/DEMOFlowerpack/Scenes/DEMOScene/_Generated_/B8B92DE50P43GRSDLQKVG76U7.uexp" 2564
"C:/Users/rgowell/Documents/Unreal Projects/FelineFour/CatNap/Content/DEMOFlowerpack/Scenes/DEMOScene/_Generated_/B8B92DE50P43GRSDLQKVG76U7.ubulk" 2565
"C:/Users/rgowell/Documents/Unreal Projects/FelineFour/CatNap/Content/DEMOFlowerpack/Scenes/DEMOScene/_Generated_/B8B92DE50P43GRSDLQKVG76U7.umap" 2566
"C:/Users/rgowell/Documents/Unreal Projects/FelineFour/CatNap/Content/DEMOFlowerpack/Scenes/DEMOScene/_Generated_/ECDZ2HR8STW8R4NQW8LWBRAVW.uexp" 2567
"C:/Users/rgowell/Documents/Unreal Projects/FelineFour/CatNap/Content/DEMOFlowerpack/Scenes/DEMOScene/_Generated_/ECDZ2HR8STW8R4NQW8LWBRAVW.ubulk" 2568
"C:/Users/rgowell/Documents/Unreal Projects/FelineFour/CatNap/Content/DEMOFlowerpack/Scenes/DEMOScene/_Generated_/ECDZ2HR8STW8R4NQW8LWBRAVW.umap" 2569
"C:/Users/rgowell/Documents/Unreal Projects/FelineFour/CatNap/Content/DEMOFlowerpack/Scenes/DEMOScene/_Generated_/E37JJ9DGLTVER89EERHHP3IF6.uexp" 2570
"C:/Users/rgowell/Documents/Unreal Projects/FelineFour/CatNap/Content/DEMOFlowerpack/Scenes/DEMOScene/_Generated_/E37JJ9DGLTVER89EERHHP3IF6.ubulk" 2571
"C:/Users/rgowell/Documents/Unreal Projects/FelineFour/CatNap/Content/DEMOFlowerpack/Scenes/DEMOScene/_Generated_/E37JJ9DGLTVER89EERHHP3IF6.umap" 2572
"C:/Users/rgowell/Documents/Unreal Projects/FelineFour/CatNap/Content/DEMOFlowerpack/Scenes/DEMOScene/_Generated_/5YY15GPG1J7294NT3L74BOMLI.uexp" 2573
"C:/Users/rgowell/Documents/Unreal Projects/FelineFour/CatNap/Content/DEMOFlowerpack/Scenes/DEMOScene/_Generated_/5YY15GPG1J7294NT3L74BOMLI.ubulk" 2574
"C:/Users/rgowell/Documents/Unreal Projects/FelineFour/CatNap/Content/DEMOFlowerpack/Scenes/DEMOScene/_Generated_/5YY15GPG1J7294NT3L74BOMLI.umap" 2575
"C:/Users/rgowell/Documents/Unreal Projects/FelineFour/CatNap/Content/DEMOFlowerpack/Scenes/DEMOScene/_Generated_/7X86IL2MCGK7IYSZ63MJTAAXB.uexp" 2576
"C:/Users/rgowell/Documents/Unreal Projects/FelineFour/CatNap/Content/DEMOFlowerpack/Scenes/DEMOScene/_Generated_/7X86IL2MCGK7IYSZ63MJTAAXB.ubulk" 2577
"C:/Users/rgowell/Documents/Unreal Projects/FelineFour/CatNap/Content/DEMOFlowerpack/Scenes/DEMOScene/_Generated_/7X86IL2MCGK7IYSZ63MJTAAXB.umap" 2578
"C:/Users/rgowell/Documents/Unreal Projects/FelineFour/CatNap/Content/DEMOFlowerpack/Scenes/DEMOScene/_Generated_/CHNPZ6DQCD6Z54GX72HPKZSC5.uexp" 2579
"C:/Users/rgowell/Documents/Unreal Projects/FelineFour/CatNap/Content/DEMOFlowerpack/Scenes/DEMOScene/_Generated_/CHNPZ6DQCD6Z54GX72HPKZSC5.ubulk" 2580
"C:/Users/rgowell/Documents/Unreal Projects/FelineFour/CatNap/Content/DEMOFlowerpack/Scenes/DEMOScene/_Generated_/CHNPZ6DQCD6Z54GX72HPKZSC5.umap" 2581
"C:/Users/rgowell/Documents/Unreal Projects/FelineFour/CatNap/Content/DEMOFlowerpack/Scenes/DEMOScene/_Generated_/1R9OZCJY50HDWV8KPPISJONAE.uexp" 2582
"C:/Users/rgowell/Documents/Unreal Projects/FelineFour/CatNap/Content/DEMOFlowerpack/Scenes/DEMOScene/_Generated_/1R9OZCJY50HDWV8KPPISJONAE.ubulk" 2583
"C:/Users/rgowell/Documents/Unreal Projects/FelineFour/CatNap/Content/DEMOFlowerpack/Scenes/DEMOScene/_Generated_/1R9OZCJY50HDWV8KPPISJONAE.umap" 2584
"C:/Users/rgowell/Documents/Unreal Projects/FelineFour/CatNap/Content/DEMOFlowerpack/Scenes/DEMOScene/_Generated_/9LUAIP1IWVHWK4P0ZBLQGHUVO.uexp" 2585
"C:/Users/rgowell/Documents/Unreal Projects/FelineFour/CatNap/Content/DEMOFlowerpack/Scenes/DEMOScene/_Generated_/9LUAIP1IWVHWK4P0ZBLQGHUVO.ubulk" 2586
"C:/Users/rgowell/Documents/Unreal Projects/FelineFour/CatNap/Content/DEMOFlowerpack/Scenes/DEMOScene/_Generated_/9LUAIP1IWVHWK4P0ZBLQGHUVO.umap" 2587
"C:/Users/rgowell/Documents/Unreal Projects/FelineFour/CatNap/Content/DEMOFlowerpack/Scenes/DEMOScene/_Generated_/8CHYBWV2ZI3D49F66VOH5L2RB.uexp" 2588
"C:/Users/rgowell/Documents/Unreal Projects/FelineFour/CatNap/Content/DEMOFlowerpack/Scenes/DEMOScene/_Generated_/8CHYBWV2ZI3D49F66VOH5L2RB.ubulk" 2589
"C:/Users/rgowell/Documents/Unreal Projects/FelineFour/CatNap/Content/DEMOFlowerpack/Scenes/DEMOScene/_Generated_/8CHYBWV2ZI3D49F66VOH5L2RB.umap" 2590
"C:/Users/rgowell/Documents/Unreal Projects/FelineFour/CatNap/Content/DEMOFlowerpack/Scenes/DEMOScene/_Generated_/3SLHUEHB4DBRVTIQI2U80JM3L.uexp" 2591
"C:/Users/rgowell/Documents/Unreal Projects/FelineFour/CatNap/Content/DEMOFlowerpack/Scenes/DEMOScene/_Generated_/3SLHUEHB4DBRVTIQI2U80JM3L.ubulk" 2592
"C:/Users/rgowell/Documents/Unreal Projects/FelineFour/CatNap/Content/DEMOFlowerpack/Scenes/DEMOScene/_Generated_/3SLHUEHB4DBRVTIQI2U80JM3L.umap" 2593
"C:/Users/rgowell/Documents/Unreal Projects/FelineFour/CatNap/Content/DEMOFlowerpack/Scenes/DEMOScene/_Generated_/CL5IAHUE7ITMZDV4WSKI3RPU0.uexp" 2594
"C:/Users/rgowell/Documents/Unreal Projects/FelineFour/CatNap/Content/DEMOFlowerpack/Scenes/DEMOScene/_Generated_/CL5IAHUE7ITMZDV4WSKI3RPU0.ubulk" 2595
"C:/Users/rgowell/Documents/Unreal Projects/FelineFour/CatNap/Content/DEMOFlowerpack/Scenes/DEMOScene/_Generated_/CL5IAHUE7ITMZDV4WSKI3RPU0.umap" 2596
"C:/Users/rgowell/Documents/Unreal Projects/FelineFour/CatNap/Content/DEMOFlowerpack/Scenes/DEMOScene/_Generated_/6FZHTFFUI5D57WR5EVJOJ5RZY.uexp" 2597
"C:/Users/rgowell/Documents/Unreal Projects/FelineFour/CatNap/Content/DEMOFlowerpack/Scenes/DEMOScene/_Generated_/6FZHTFFUI5D57WR5EVJOJ5RZY.ubulk" 2598
"C:/Users/rgowell/Documents/Unreal Projects/FelineFour/CatNap/Content/DEMOFlowerpack/Scenes/DEMOScene/_Generated_/6FZHTFFUI5D57WR5EVJOJ5RZY.umap" 2599
"C:/Users/rgowell/Documents/Unreal Projects/FelineFour/CatNap/Content/DEMOFlowerpack/Scenes/DEMOScene/_Generated_/8CG7QKGA2X7FNV86ZQ63K9LRS.uexp" 2600
"C:/Users/rgowell/Documents/Unreal Projects/FelineFour/CatNap/Content/DEMOFlowerpack/Scenes/DEMOScene/_Generated_/8CG7QKGA2X7FNV86ZQ63K9LRS.ubulk" 2601
"C:/Users/rgowell/Documents/Unreal Projects/FelineFour/CatNap/Content/DEMOFlowerpack/Scenes/DEMOScene/_Generated_/8CG7QKGA2X7FNV86ZQ63K9LRS.umap" 2602
"C:/Users/rgowell/Documents/Unreal Projects/FelineFour/CatNap/Content/DEMOFlowerpack/Scenes/DEMOScene/_Generated_/7OXMOLCTEYZ50L2IZQ6QTYE4P.uexp" 2603
"C:/Users/rgowell/Documents/Unreal Projects/FelineFour/CatNap/Content/DEMOFlowerpack/Scenes/DEMOScene/_Generated_/7OXMOLCTEYZ50L2IZQ6QTYE4P.ubulk" 2604
"C:/Users/rgowell/Documents/Unreal Projects/FelineFour/CatNap/Content/DEMOFlowerpack/Scenes/DEMOScene/_Generated_/7OXMOLCTEYZ50L2IZQ6QTYE4P.umap" 2605
"C:/Users/rgowell/Documents/Unreal Projects/FelineFour/CatNap/Content/DEMOFlowerpack/Scenes/DEMOScene/_Generated_/8KSKMQ7VNNOLE26UAE0F2LGI9.uexp" 2606
"C:/Users/rgowell/Documents/Unreal Projects/FelineFour/CatNap/Content/DEMOFlowerpack/Scenes/DEMOScene/_Generated_/8KSKMQ7VNNOLE26UAE0F2LGI9.ubulk" 2607
"C:/Users/rgowell/Documents/Unreal Projects/FelineFour/CatNap/Content/DEMOFlowerpack/Scenes/DEMOScene/_Generated_/8KSKMQ7VNNOLE26UAE0F2LGI9.umap" 2608
"C:/Users/rgowell/Documents/Unreal Projects/FelineFour/CatNap/Content/DEMOFlowerpack/Scenes/DEMOScene/_Generated_/2OIAHVHCZZUS7LXL8SC0WZFQW.uexp" 2609
"C:/Users/rgowell/Documents/Unreal Projects/FelineFour/CatNap/Content/DEMOFlowerpack/Scenes/DEMOScene/_Generated_/2OIAHVHCZZUS7LXL8SC0WZFQW.ubulk" 2610
"C:/Users/rgowell/Documents/Unreal Projects/FelineFour/CatNap/Content/DEMOFlowerpack/Scenes/DEMOScene/_Generated_/2OIAHVHCZZUS7LXL8SC0WZFQW.umap" 2611
"C:/Users/rgowell/Documents/Unreal Projects/FelineFour/CatNap/Content/DEMOFlowerpack/Scenes/DEMOScene/_Generated_/5EA2BC6RRBXEZV0DLZA3X8SUJ.uexp" 2612
"C:/Users/rgowell/Documents/Unreal Projects/FelineFour/CatNap/Content/DEMOFlowerpack/Scenes/DEMOScene/_Generated_/5EA2BC6RRBXEZV0DLZA3X8SUJ.ubulk" 2613
"C:/Users/rgowell/Documents/Unreal Projects/FelineFour/CatNap/Content/DEMOFlowerpack/Scenes/DEMOScene/_Generated_/5EA2BC6RRBXEZV0DLZA3X8SUJ.umap" 2614
"C:/Users/rgowell/Documents/Unreal Projects/FelineFour/CatNap/Content/DEMOFlowerpack/Scenes/DEMOScene/_Generated_/DQ02R1RZGLFAR1OYZF09U2AVO.uexp" 2615
"C:/Users/rgowell/Documents/Unreal Projects/FelineFour/CatNap/Content/DEMOFlowerpack/Scenes/DEMOScene/_Generated_/DQ02R1RZGLFAR1OYZF09U2AVO.ubulk" 2616
"C:/Users/rgowell/Documents/Unreal Projects/FelineFour/CatNap/Content/DEMOFlowerpack/Scenes/DEMOScene/_Generated_/DQ02R1RZGLFAR1OYZF09U2AVO.umap" 2617
"C:/Users/rgowell/Documents/Unreal Projects/FelineFour/CatNap/Content/DEMOFlowerpack/Scenes/DEMOScene/_Generated_/DE61RHLJB3MOF8NDTNZX9PIQ8.uexp" 2618
"C:/Users/rgowell/Documents/Unreal Projects/FelineFour/CatNap/Content/DEMOFlowerpack/Scenes/DEMOScene/_Generated_/DE61RHLJB3MOF8NDTNZX9PIQ8.ubulk" 2619
"C:/Users/rgowell/Documents/Unreal Projects/FelineFour/CatNap/Content/DEMOFlowerpack/Scenes/DEMOScene/_Generated_/DE61RHLJB3MOF8NDTNZX9PIQ8.umap" 2620
"C:/Users/rgowell/Documents/Unreal Projects/FelineFour/CatNap/Content/DEMOFlowerpack/Scenes/DEMOScene/_Generated_/194JUC4ZUI8ZP5UFBXVQFTA6W.uexp" 2621
"C:/Users/rgowell/Documents/Unreal Projects/FelineFour/CatNap/Content/DEMOFlowerpack/Scenes/DEMOScene/_Generated_/194JUC4ZUI8ZP5UFBXVQFTA6W.ubulk" 2622
"C:/Users/rgowell/Documents/Unreal Projects/FelineFour/CatNap/Content/DEMOFlowerpack/Scenes/DEMOScene/_Generated_/194JUC4ZUI8ZP5UFBXVQFTA6W.umap" 2623
"C:/Users/rgowell/Documents/Unreal Projects/FelineFour/CatNap/Content/DEMOFlowerpack/Scenes/DEMOScene/_Generated_/APO8GFCABXNV89MMLXRXNPDLT.uexp" 2624
"C:/Users/rgowell/Documents/Unreal Projects/FelineFour/CatNap/Content/DEMOFlowerpack/Scenes/DEMOScene/_Generated_/APO8GFCABXNV89MMLXRXNPDLT.ubulk" 2625
"C:/Users/rgowell/Documents/Unreal Projects/FelineFour/CatNap/Content/DEMOFlowerpack/Scenes/DEMOScene/_Generated_/APO8GFCABXNV89MMLXRXNPDLT.umap" 2626
"C:/Users/rgowell/Documents/Unreal Projects/FelineFour/CatNap/Content/DEMOFlowerpack/Scenes/DEMOScene/_Generated_/DZ3BWHPR6TY6301RIFZ7B2B08.uexp" 2627
"C:/Users/rgowell/Documents/Unreal Projects/FelineFour/CatNap/Content/DEMOFlowerpack/Scenes/DEMOScene/_Generated_/DZ3BWHPR6TY6301RIFZ7B2B08.ubulk" 2628
"C:/Users/rgowell/Documents/Unreal Projects/FelineFour/CatNap/Content/DEMOFlowerpack/Scenes/DEMOScene/_Generated_/DZ3BWHPR6TY6301RIFZ7B2B08.umap" 2629
"C:/Users/rgowell/Documents/Unreal Projects/FelineFour/CatNap/Content/DEMOFlowerpack/Scenes/DEMOScene/_Generated_/0YB5O5RE0GRJ7W8WBBMF93LMU.uexp" 2630
"C:/Users/rgowell/Documents/Unreal Projects/FelineFour/CatNap/Content/DEMOFlowerpack/Scenes/DEMOScene/_Generated_/0YB5O5RE0GRJ7W8WBBMF93LMU.ubulk" 2631
"C:/Users/rgowell/Documents/Unreal Projects/FelineFour/CatNap/Content/DEMOFlowerpack/Scenes/DEMOScene/_Generated_/0YB5O5RE0GRJ7W8WBBMF93LMU.umap" 2632
"C:/Users/rgowell/Documents/Unreal Projects/FelineFour/CatNap/Content/DEMOFlowerpack/Scenes/DEMOScene/_Generated_/2ZLBI9Y9GMPOUSPBVXAJ9LB45.uexp" 2633
"C:/Users/rgowell/Documents/Unreal Projects/FelineFour/CatNap/Content/DEMOFlowerpack/Scenes/DEMOScene/_Generated_/2ZLBI9Y9GMPOUSPBVXAJ9LB45.ubulk" 2634
"C:/Users/rgowell/Documents/Unreal Projects/FelineFour/CatNap/Content/DEMOFlowerpack/Scenes/DEMOScene/_Generated_/2ZLBI9Y9GMPOUSPBVXAJ9LB45.umap" 2635
"C:/Users/rgowell/Documents/Unreal Projects/FelineFour/CatNap/Content/DEMOFlowerpack/Scenes/DEMOScene/_Generated_/34DJZQJHNWRG5YCZFG4M6HA5B.uexp" 2636
"C:/Users/rgowell/Documents/Unreal Projects/FelineFour/CatNap/Content/DEMOFlowerpack/Scenes/DEMOScene/_Generated_/34DJZQJHNWRG5YCZFG4M6HA5B.ubulk" 2637
"C:/Users/rgowell/Documents/Unreal Projects/FelineFour/CatNap/Content/DEMOFlowerpack/Scenes/DEMOScene/_Generated_/34DJZQJHNWRG5YCZFG4M6HA5B.umap" 2638
"C:/Users/rgowell/Documents/Unreal Projects/FelineFour/CatNap/Content/DEMOFlowerpack/Scenes/DEMOScene/_Generated_/D6K2V1WV3HKWRFRJ0K7TV3FWU.uexp" 2639
"C:/Users/rgowell/Documents/Unreal Projects/FelineFour/CatNap/Content/DEMOFlowerpack/Scenes/DEMOScene/_Generated_/D6K2V1WV3HKWRFRJ0K7TV3FWU.ubulk" 2640
"C:/Users/rgowell/Documents/Unreal Projects/FelineFour/CatNap/Content/DEMOFlowerpack/Scenes/DEMOScene/_Generated_/D6K2V1WV3HKWRFRJ0K7TV3FWU.umap" 2641
"C:/Users/rgowell/Documents/Unreal Projects/FelineFour/CatNap/Content/DEMOFlowerpack/Scenes/DEMOScene/_Generated_/32GX5Y7J7T60Q93JF96UMS9KR.uexp" 2642
"C:/Users/rgowell/Documents/Unreal Projects/FelineFour/CatNap/Content/DEMOFlowerpack/Scenes/DEMOScene/_Generated_/32GX5Y7J7T60Q93JF96UMS9KR.ubulk" 2643
"C:/Users/rgowell/Documents/Unreal Projects/FelineFour/CatNap/Content/DEMOFlowerpack/Scenes/DEMOScene/_Generated_/32GX5Y7J7T60Q93JF96UMS9KR.umap" 2644
"C:/Users/rgowell/Documents/Unreal Projects/FelineFour/CatNap/Content/DEMOFlowerpack/Scenes/DEMOScene/_Generated_/1912878282XX64C2P33KBGHRO.uexp" 2645
"C:/Users/rgowell/Documents/Unreal Projects/FelineFour/CatNap/Content/DEMOFlowerpack/Scenes/DEMOScene/_Generated_/1912878282XX64C2P33KBGHRO.ubulk" 2646
"C:/Users/rgowell/Documents/Unreal Projects/FelineFour/CatNap/Content/DEMOFlowerpack/Scenes/DEMOScene/_Generated_/1912878282XX64C2P33KBGHRO.umap" 2647
"C:/Users/rgowell/Documents/Unreal Projects/FelineFour/CatNap/Content/DEMOFlowerpack/Scenes/DEMOScene/_Generated_/ETNFPOJH6CCMDEJSPK0YM49AG.uexp" 2648
"C:/Users/rgowell/Documents/Unreal Projects/FelineFour/CatNap/Content/DEMOFlowerpack/Scenes/DEMOScene/_Generated_/ETNFPOJH6CCMDEJSPK0YM49AG.ubulk" 2649
"C:/Users/rgowell/Documents/Unreal Projects/FelineFour/CatNap/Content/DEMOFlowerpack/Scenes/DEMOScene/_Generated_/ETNFPOJH6CCMDEJSPK0YM49AG.umap" 2650
"C:/Users/rgowell/Documents/Unreal Projects/FelineFour/CatNap/Content/DEMOFlowerpack/Scenes/DEMOScene/_Generated_/4CJMPB6D4V7F9UV58KFIUP6OX.uexp" 2651
"C:/Users/rgowell/Documents/Unreal Projects/FelineFour/CatNap/Content/DEMOFlowerpack/Scenes/DEMOScene/_Generated_/4CJMPB6D4V7F9UV58KFIUP6OX.ubulk" 2652
"C:/Users/rgowell/Documents/Unreal Projects/FelineFour/CatNap/Content/DEMOFlowerpack/Scenes/DEMOScene/_Generated_/4CJMPB6D4V7F9UV58KFIUP6OX.umap" 2653
"C:/Users/rgowell/Documents/Unreal Projects/FelineFour/CatNap/Content/DEMOFlowerpack/Scenes/DEMOScene/_Generated_/2D83K8T83J4PRQVW19D5W2VT8.uexp" 2654
"C:/Users/rgowell/Documents/Unreal Projects/FelineFour/CatNap/Content/DEMOFlowerpack/Scenes/DEMOScene/_Generated_/2D83K8T83J4PRQVW19D5W2VT8.ubulk" 2655
"C:/Users/rgowell/Documents/Unreal Projects/FelineFour/CatNap/Content/DEMOFlowerpack/Scenes/DEMOScene/_Generated_/2D83K8T83J4PRQVW19D5W2VT8.umap" 2656
"C:/Users/rgowell/Documents/Unreal Projects/FelineFour/CatNap/Content/DEMOFlowerpack/Scenes/DEMOScene/_Generated_/5GROA4S9DTRQS8619BF2FOF2X.uexp" 2657
"C:/Users/rgowell/Documents/Unreal Projects/FelineFour/CatNap/Content/DEMOFlowerpack/Scenes/DEMOScene/_Generated_/5GROA4S9DTRQS8619BF2FOF2X.ubulk" 2658
"C:/Users/rgowell/Documents/Unreal Projects/FelineFour/CatNap/Content/DEMOFlowerpack/Scenes/DEMOScene/_Generated_/5GROA4S9DTRQS8619BF2FOF2X.umap" 2659
"C:/Users/rgowell/Documents/Unreal Projects/FelineFour/CatNap/Content/DEMOFlowerpack/Scenes/DEMOScene/_Generated_/CPUTLQXYHYWX9BM77KHP1Q485.uexp" 2660
"C:/Users/rgowell/Documents/Unreal Projects/FelineFour/CatNap/Content/DEMOFlowerpack/Scenes/DEMOScene/_Generated_/CPUTLQXYHYWX9BM77KHP1Q485.ubulk" 2661
"C:/Users/rgowell/Documents/Unreal Projects/FelineFour/CatNap/Content/DEMOFlowerpack/Scenes/DEMOScene/_Generated_/CPUTLQXYHYWX9BM77KHP1Q485.umap" 2662
"C:/Users/rgowell/Documents/Unreal Projects/FelineFour/CatNap/Content/DEMOFlowerpack/Scenes/DEMOScene/_Generated_/D8S4RBAF2OMASMA73R61D3J3A.uexp" 2663
"C:/Users/rgowell/Documents/Unreal Projects/FelineFour/CatNap/Content/DEMOFlowerpack/Scenes/DEMOScene/_Generated_/D8S4RBAF2OMASMA73R61D3J3A.ubulk" 2664
"C:/Users/rgowell/Documents/Unreal Projects/FelineFour/CatNap/Content/DEMOFlowerpack/Scenes/DEMOScene/_Generated_/D8S4RBAF2OMASMA73R61D3J3A.umap" 2665
"C:/Users/rgowell/Documents/Unreal Projects/FelineFour/CatNap/Content/DEMOFlowerpack/Scenes/DEMOScene/_Generated_/AESNKNEQH7NIBXIK9BG1FQU6S.uexp" 2666
"C:/Users/rgowell/Documents/Unreal Projects/FelineFour/CatNap/Content/DEMOFlowerpack/Scenes/DEMOScene/_Generated_/AESNKNEQH7NIBXIK9BG1FQU6S.ubulk" 2667
"C:/Users/rgowell/Documents/Unreal Projects/FelineFour/CatNap/Content/DEMOFlowerpack/Scenes/DEMOScene/_Generated_/AESNKNEQH7NIBXIK9BG1FQU6S.umap" 2668
"C:/Users/rgowell/Documents/Unreal Projects/FelineFour/CatNap/Content/DEMOFlowerpack/Scenes/DEMOScene/_Generated_/8LEX3FQMGQQ8B3YDXFCSSLDAB.uexp" 2669
"C:/Users/rgowell/Documents/Unreal Projects/FelineFour/CatNap/Content/DEMOFlowerpack/Scenes/DEMOScene/_Generated_/8LEX3FQMGQQ8B3YDXFCSSLDAB.ubulk" 2670
"C:/Users/rgowell/Documents/Unreal Projects/FelineFour/CatNap/Content/DEMOFlowerpack/Scenes/DEMOScene/_Generated_/8LEX3FQMGQQ8B3YDXFCSSLDAB.umap" 2671
"C:/Users/rgowell/Documents/Unreal Projects/FelineFour/CatNap/Content/DEMOFlowerpack/Scenes/DEMOScene/_Generated_/5CEVA8NRZ7F0FQ16E6JUL3NO4.uexp" 2672
"C:/Users/rgowell/Documents/Unreal Projects/FelineFour/CatNap/Content/DEMOFlowerpack/Scenes/DEMOScene/_Generated_/5CEVA8NRZ7F0FQ16E6JUL3NO4.ubulk" 2673
"C:/Users/rgowell/Documents/Unreal Projects/FelineFour/CatNap/Content/DEMOFlowerpack/Scenes/DEMOScene/_Generated_/5CEVA8NRZ7F0FQ16E6JUL3NO4.umap" 2674
"C:/Users/rgowell/Documents/Unreal Projects/FelineFour/CatNap/Content/DEMOFlowerpack/Scenes/DEMOScene/_Generated_/6Y3K269GFOU4SMM7FGGTFBZE0.uexp" 2675
"C:/Users/rgowell/Documents/Unreal Projects/FelineFour/CatNap/Content/DEMOFlowerpack/Scenes/DEMOScene/_Generated_/6Y3K269GFOU4SMM7FGGTFBZE0.ubulk" 2676
"C:/Users/rgowell/Documents/Unreal Projects/FelineFour/CatNap/Content/DEMOFlowerpack/Scenes/DEMOScene/_Generated_/6Y3K269GFOU4SMM7FGGTFBZE0.umap" 2677
"C:/Users/rgowell/Documents/Unreal Projects/FelineFour/CatNap/Content/DEMOFlowerpack/Scenes/DEMOScene/_Generated_/E7XWSXQN9Q3QGDQJOBV94392K.uexp" 2678
"C:/Users/rgowell/Documents/Unreal Projects/FelineFour/CatNap/Content/DEMOFlowerpack/Scenes/DEMOScene/_Generated_/E7XWSXQN9Q3QGDQJOBV94392K.ubulk" 2679
"C:/Users/rgowell/Documents/Unreal Projects/FelineFour/CatNap/Content/DEMOFlowerpack/Scenes/DEMOScene/_Generated_/E7XWSXQN9Q3QGDQJOBV94392K.umap" 2680
"C:/Users/rgowell/Documents/Unreal Projects/FelineFour/CatNap/Content/DEMOFlowerpack/Scenes/DEMOScene/_Generated_/4BBMCVPNYB8Q56AMWYW0JDJA4.uexp" 2681
"C:/Users/rgowell/Documents/Unreal Projects/FelineFour/CatNap/Content/DEMOFlowerpack/Scenes/DEMOScene/_Generated_/4BBMCVPNYB8Q56AMWYW0JDJA4.ubulk" 2682
"C:/Users/rgowell/Documents/Unreal Projects/FelineFour/CatNap/Content/DEMOFlowerpack/Scenes/DEMOScene/_Generated_/4BBMCVPNYB8Q56AMWYW0JDJA4.umap" 2683
"C:/Users/rgowell/Documents/Unreal Projects/FelineFour/CatNap/Content/DEMOFlowerpack/Scenes/DEMOScene/_Generated_/DRFW552305QR0XSGFSVS6U84Z.uexp" 2684
"C:/Users/rgowell/Documents/Unreal Projects/FelineFour/CatNap/Content/DEMOFlowerpack/Scenes/DEMOScene/_Generated_/DRFW552305QR0XSGFSVS6U84Z.ubulk" 2685
"C:/Users/rgowell/Documents/Unreal Projects/FelineFour/CatNap/Content/DEMOFlowerpack/Scenes/DEMOScene/_Generated_/DRFW552305QR0XSGFSVS6U84Z.umap" 2686
"C:/Users/rgowell/Documents/Unreal Projects/FelineFour/CatNap/Content/DEMOFlowerpack/Scenes/DEMOScene/_Generated_/4CW94LOE5FPM6ESKFCAD5FOG1.uexp" 2687
"C:/Users/rgowell/Documents/Unreal Projects/FelineFour/CatNap/Content/DEMOFlowerpack/Scenes/DEMOScene/_Generated_/4CW94LOE5FPM6ESKFCAD5FOG1.ubulk" 2688
"C:/Users/rgowell/Documents/Unreal Projects/FelineFour/CatNap/Content/DEMOFlowerpack/Scenes/DEMOScene/_Generated_/4CW94LOE5FPM6ESKFCAD5FOG1.umap" 2689
